annotation_id,item_id,annotator_id,precision,recall
annotation_0001,Spanish_144,annotator_001,3,4
annotation_0002,Spanish_140,annotator_001,2,4
annotation_0003,Spanish_136,annotator_001,3,3
annotation_0004,Spanish_141,annotator_001,2,4
annotation_0005,Spanish_145,annotator_001,4,4
annotation_0006,Spanish_137,annotator_001,4,3
annotation_0007,Spanish_143,annotator_001,5,3
annotation_0008,Spanish_148,annotator_001,2,5
annotation_0009,Spanish_146,annotator_001,4,4
annotation_0010,Spanish_138,annotator_001,4,2
annotation_0011,Spanish_142,annotator_001,4,4
annotation_0012,Spanish_149,annotator_001,4,5
annotation_0013,Spanish_150,annotator_001,4,5
annotation_0014,Spanish_139,annotator_001,4,3
annotation_0015,Spanish_152,annotator_001,2,2
annotation_0016,Spanish_147,annotator_001,5,4
annotation_0017,Spanish_151,annotator_001,5,5
annotation_0018,Chinese_41,annotator_002,3,3
annotation_0019,Chinese_50,annotator_002,1,1
annotation_0020,Chinese_36,annotator_002,2,2
annotation_0021,Chinese_48,annotator_002,4,5
annotation_0022,Chinese_47,annotator_002,3,5
annotation_0023,Chinese_46,annotator_002,2,5
annotation_0024,Chinese_45,annotator_002,5,4
annotation_0025,Chinese_49,annotator_002,4,5
annotation_0026,Chinese_34,annotator_002,2,2
annotation_0027,Chinese_44,annotator_002,4,4
annotation_0028,Chinese_37,annotator_002,5,2
annotation_0029,Chinese_40,annotator_002,3,3
annotation_0030,Chinese_42,annotator_002,2,4
annotation_0031,Chinese_43,annotator_002,4,4
annotation_0032,Chinese_39,annotator_002,3,3
annotation_0033,Chinese_38,annotator_002,2,3
annotation_0034,Chinese_35,annotator_002,3,2
annotation_0035,French_82,annotator_003,,
annotation_0036,French_79,annotator_003,,
annotation_0037,French_73,annotator_003,,
annotation_0038,French_76,annotator_003,,
annotation_0039,French_70,annotator_003,,
annotation_0040,French_75,annotator_003,,
annotation_0041,French_74,annotator_003,,
annotation_0042,French_71,annotator_003,,
annotation_0043,French_84,annotator_003,,
annotation_0044,French_77,annotator_003,,
annotation_0045,French_80,annotator_003,,
annotation_0046,French_72,annotator_003,,
annotation_0047,French_83,annotator_003,,
annotation_0048,French_78,annotator_003,,
annotation_0049,French_81,annotator_003,,
annotation_0050,French_68,annotator_003,,
annotation_0051,French_69,annotator_003,,
annotation_0052,English_66,annotator_004,4,4
annotation_0053,English_57,annotator_004,3,3
annotation_0054,English_58,annotator_004,3,4
annotation_0055,English_56,annotator_004,3,3
annotation_0056,English_62,annotator_004,4,4
annotation_0057,English_55,annotator_004,2,3
annotation_0058,English_53,annotator_004,4,2
annotation_0059,English_64,annotator_004,3,5
annotation_0060,English_54,annotator_004,3,4
annotation_0061,English_60,annotator_004,4,4
annotation_0062,English_59,annotator_004,4,4
annotation_0063,English_51,annotator_004,2,2
annotation_0064,English_61,annotator_004,3,4
annotation_0065,English_63,annotator_004,2,5
annotation_0066,English_65,annotator_004,4,5
annotation_0067,English_67,annotator_004,2,2
annotation_0068,English_52,annotator_004,2,2
annotation_0069,English_64,annotator_005,5,5
annotation_0070,English_62,annotator_005,5,4
annotation_0071,English_56,annotator_005,2,3
annotation_0072,English_61,annotator_005,4,4
annotation_0073,English_60,annotator_005,4,4
annotation_0074,English_66,annotator_005,5,5
annotation_0075,English_58,annotator_005,4,3
annotation_0076,English_51,annotator_005,3,5
annotation_0077,English_57,annotator_005,2,5
annotation_0078,English_55,annotator_005,2,3
annotation_0079,English_67,annotator_005,2,2
annotation_0080,English_65,annotator_005,5,5
annotation_0081,English_54,annotator_005,4,5
annotation_0082,English_59,annotator_005,4,4
annotation_0083,English_52,annotator_005,4,3
annotation_0084,English_63,annotator_005,5,5
annotation_0085,English_53,annotator_005,4,3
annotation_0086,English_58,annotator_006,2,2
annotation_0087,English_64,annotator_006,4,4
annotation_0088,English_51,annotator_006,3,3
annotation_0089,English_66,annotator_006,5,5
annotation_0090,English_54,annotator_006,2,2
annotation_0091,English_53,annotator_006,3,3
annotation_0092,English_65,annotator_006,4,4
annotation_0093,English_59,annotator_006,4,4
annotation_0094,English_57,annotator_006,4,4
annotation_0095,English_60,annotator_006,4,4
annotation_0096,English_63,annotator_006,5,2
annotation_0097,English_55,annotator_006,2,2
annotation_0098,English_67,annotator_006,2,2
annotation_0099,English_56,annotator_006,4,4
annotation_0100,English_52,annotator_006,3,3
annotation_0101,English_61,annotator_006,4,4
annotation_0102,English_62,annotator_006,2,2
annotation_0103,English_64,annotator_007,4,4
annotation_0104,English_60,annotator_007,2,2
annotation_0105,English_61,annotator_007,3,3
annotation_0106,English_52,annotator_007,2,2
annotation_0107,English_56,annotator_007,2,2
annotation_0108,English_53,annotator_007,2,2
annotation_0109,English_65,annotator_007,3,3
annotation_0110,English_51,annotator_007,2,2
annotation_0111,English_58,annotator_007,2,4
annotation_0112,English_66,annotator_007,5,5
annotation_0113,English_54,annotator_007,2,3
annotation_0114,English_62,annotator_007,4,4
annotation_0115,English_63,annotator_007,5,5
annotation_0116,English_67,annotator_007,2,2
annotation_0117,English_57,annotator_007,4,4
annotation_0118,English_55,annotator_007,4,4
annotation_0119,English_59,annotator_007,1,1
annotation_0120,English_57,annotator_008,2,2
annotation_0121,English_64,annotator_008,1,0
annotation_0122,English_58,annotator_008,2,2
annotation_0123,English_54,annotator_008,2,2
annotation_0124,English_56,annotator_008,1,2
annotation_0125,English_62,annotator_008,2,2
annotation_0126,English_60,annotator_008,2,2
annotation_0127,English_59,annotator_008,2,2
annotation_0128,English_55,annotator_008,2,2
annotation_0129,English_66,annotator_008,5,5
annotation_0130,English_67,annotator_008,1,1
annotation_0131,English_52,annotator_008,2,2
annotation_0132,English_65,annotator_008,5,5
annotation_0133,English_53,annotator_008,2,2
annotation_0134,English_63,annotator_008,2,2
annotation_0135,English_61,annotator_008,3,2
annotation_0136,English_51,annotator_008,2,2
annotation_0137,English_55,annotator_009,2,2
annotation_0138,English_62,annotator_009,2,2
annotation_0139,English_51,annotator_009,3,3
annotation_0140,English_56,annotator_009,2,2
annotation_0141,English_54,annotator_009,2,2
annotation_0142,English_65,annotator_009,4,4
annotation_0143,English_60,annotator_009,2,2
annotation_0144,English_52,annotator_009,2,2
annotation_0145,English_66,annotator_009,4,4
annotation_0146,English_61,annotator_009,3,3
annotation_0147,English_64,annotator_009,2,2
annotation_0148,English_59,annotator_009,2,2
annotation_0149,English_58,annotator_009,5,5
annotation_0150,English_63,annotator_009,2,2
annotation_0151,English_67,annotator_009,2,2
annotation_0152,English_53,annotator_009,2,2
annotation_0153,English_57,annotator_009,2,2
annotation_0154,English_52,annotator_010,4,4
annotation_0155,English_64,annotator_010,3,4
annotation_0156,English_57,annotator_010,4,1
annotation_0157,English_54,annotator_010,4,3
annotation_0158,English_63,annotator_010,2,4
annotation_0159,English_60,annotator_010,4,3
annotation_0160,English_61,annotator_010,5,2
annotation_0161,English_65,annotator_010,4,2
annotation_0162,English_56,annotator_010,4,3
annotation_0163,English_59,annotator_010,3,2
annotation_0164,English_67,annotator_010,5,1
annotation_0165,English_55,annotator_010,1,4
annotation_0166,English_51,annotator_010,4,4
annotation_0167,English_62,annotator_010,4,1
annotation_0168,English_58,annotator_010,3,1
annotation_0169,English_66,annotator_010,4,2
annotation_0170,English_53,annotator_010,3,2
annotation_0171,English_57,annotator_011,4,3
annotation_0172,English_63,annotator_011,2,5
annotation_0173,English_56,annotator_011,3,3
annotation_0174,English_53,annotator_011,4,2
annotation_0175,English_60,annotator_011,3,4
annotation_0176,English_59,annotator_011,2,4
annotation_0177,English_64,annotator_011,3,5
annotation_0178,English_62,annotator_011,5,4
annotation_0179,English_51,annotator_011,2,2
annotation_0180,English_66,annotator_011,5,5
annotation_0181,English_67,annotator_011,1,1
annotation_0182,English_54,annotator_011,5,2
annotation_0183,English_61,annotator_011,4,4
annotation_0184,English_52,annotator_011,3,2
annotation_0185,English_55,annotator_011,2,3
annotation_0186,English_65,annotator_011,4,5
annotation_0187,English_58,annotator_011,5,3
annotation_0188,English_54,annotator_012,4,2
annotation_0189,English_62,annotator_012,5,4
annotation_0190,English_58,annotator_012,5,3
annotation_0191,English_52,annotator_012,2,2
annotation_0192,English_55,annotator_012,2,2
annotation_0193,English_61,annotator_012,4,4
annotation_0194,English_66,annotator_012,5,5
annotation_0195,English_67,annotator_012,1,1
annotation_0196,English_51,annotator_012,2,2
annotation_0197,English_56,annotator_012,3,3
annotation_0198,English_60,annotator_012,3,4
annotation_0199,English_53,annotator_012,2,2
annotation_0200,English_57,annotator_012,3,3
annotation_0201,English_64,annotator_012,2,5
annotation_0202,English_65,annotator_012,3,5
annotation_0203,English_59,annotator_012,3,4
annotation_0204,English_63,annotator_012,2,5
annotation_0205,English_56,annotator_013,2,2
annotation_0206,English_62,annotator_013,5,5
annotation_0207,English_66,annotator_013,5,5
annotation_0208,English_54,annotator_013,5,2
annotation_0209,English_61,annotator_013,5,5
annotation_0210,English_60,annotator_013,5,5
annotation_0211,English_67,annotator_013,5,3
annotation_0212,English_51,annotator_013,2,2
annotation_0213,English_64,annotator_013,2,5
annotation_0214,English_53,annotator_013,5,2
annotation_0215,English_52,annotator_013,5,5
annotation_0216,English_59,annotator_013,4,2
annotation_0217,English_63,annotator_013,5,5
annotation_0218,English_57,annotator_013,4,2
annotation_0219,English_58,annotator_013,4,5
annotation_0220,English_55,annotator_013,4,5
annotation_0221,English_65,annotator_013,5,5
annotation_0222,English_57,annotator_014,2,3
annotation_0223,English_67,annotator_014,3,2
annotation_0224,English_52,annotator_014,3,4
annotation_0225,English_61,annotator_014,2,2
annotation_0226,English_66,annotator_014,3,4
annotation_0227,English_56,annotator_014,4,3
annotation_0228,English_62,annotator_014,4,4
annotation_0229,English_54,annotator_014,3,3
annotation_0230,English_53,annotator_014,5,4
annotation_0231,English_58,annotator_014,3,3
annotation_0232,English_55,annotator_014,3,2
annotation_0233,English_60,annotator_014,2,3
annotation_0234,English_65,annotator_014,3,2
annotation_0235,English_51,annotator_014,3,3
annotation_0236,English_59,annotator_014,2,2
annotation_0237,English_64,annotator_014,2,4
annotation_0238,English_63,annotator_014,2,5
annotation_0239,English_57,annotator_015,4,2
annotation_0240,English_55,annotator_015,4,4
annotation_0241,English_67,annotator_015,4,3
annotation_0242,English_60,annotator_015,4,3
annotation_0243,English_53,annotator_015,2,3
annotation_0244,English_52,annotator_015,4,2
annotation_0245,English_54,annotator_015,4,3
annotation_0246,English_63,annotator_015,5,4
annotation_0247,English_65,annotator_015,3,2
annotation_0248,English_61,annotator_015,5,4
annotation_0249,English_62,annotator_015,5,4
annotation_0250,English_58,annotator_015,4,3
annotation_0251,English_64,annotator_015,5,3
annotation_0252,English_56,annotator_015,4,4
annotation_0253,English_51,annotator_015,5,5
annotation_0254,English_66,annotator_015,3,4
annotation_0255,English_59,annotator_015,5,4
annotation_0256,English_66,annotator_016,4,4
annotation_0257,English_53,annotator_016,4,4
annotation_0258,English_56,annotator_016,,
annotation_0259,English_58,annotator_016,,
annotation_0260,English_62,annotator_016,,
annotation_0261,English_52,annotator_016,,
annotation_0262,English_65,annotator_016,,
annotation_0263,English_55,annotator_016,,
annotation_0264,English_57,annotator_016,,
annotation_0265,English_61,annotator_016,,
annotation_0266,English_63,annotator_016,,
annotation_0267,English_67,annotator_016,,
annotation_0268,English_54,annotator_016,,
annotation_0269,English_59,annotator_016,,
annotation_0270,English_51,annotator_016,,
annotation_0271,English_64,annotator_016,,
annotation_0272,English_60,annotator_016,,
annotation_0273,English_52,annotator_017,2,1
annotation_0274,English_62,annotator_017,2,1
annotation_0275,English_55,annotator_017,1,1
annotation_0276,English_54,annotator_017,2,1
annotation_0277,English_51,annotator_017,4,2
annotation_0278,English_57,annotator_017,4,1
annotation_0279,English_66,annotator_017,2,2
annotation_0280,English_65,annotator_017,1,1
annotation_0281,English_59,annotator_017,2,1
annotation_0282,English_53,annotator_017,2,1
annotation_0283,English_63,annotator_017,1,2
annotation_0284,English_58,annotator_017,1,1
annotation_0285,English_64,annotator_017,2,1
annotation_0286,English_61,annotator_017,2,2
annotation_0287,English_67,annotator_017,2,1
annotation_0288,English_56,annotator_017,2,2
annotation_0289,English_60,annotator_017,2,2
annotation_0290,English_52,annotator_018,4,4
annotation_0291,English_58,annotator_018,4,4
annotation_0292,English_62,annotator_018,4,4
annotation_0293,English_54,annotator_018,3,3
annotation_0294,English_56,annotator_018,5,5
annotation_0295,English_60,annotator_018,5,5
annotation_0296,English_51,annotator_018,5,5
annotation_0297,English_57,annotator_018,5,5
annotation_0298,English_67,annotator_018,2,2
annotation_0299,English_55,annotator_018,2,2
annotation_0300,English_53,annotator_018,2,3
annotation_0301,English_64,annotator_018,1,4
annotation_0302,English_59,annotator_018,3,1
annotation_0303,English_61,annotator_018,3,1
annotation_0304,English_65,annotator_018,2,3
annotation_0305,English_66,annotator_018,2,4
annotation_0306,English_63,annotator_018,5,5
annotation_0307,Arabic_13,annotator_019,3,5
annotation_0308,Arabic_6,annotator_019,4,3
annotation_0309,Arabic_3,annotator_019,5,3
annotation_0310,Arabic_7,annotator_019,3,3
annotation_0311,Arabic_15,annotator_019,4,5
annotation_0312,Arabic_11,annotator_019,5,4
annotation_0313,Arabic_9,annotator_019,4,4
annotation_0314,Arabic_10,annotator_019,4,4
annotation_0315,Arabic_5,annotator_019,3,3
annotation_0316,Arabic_4,annotator_019,2,3
annotation_0317,Arabic_2,annotator_019,4,2
annotation_0318,Arabic_16,annotator_019,1,1
annotation_0319,Arabic_12,annotator_019,2,5
annotation_0320,Arabic_0,annotator_019,2,2
annotation_0321,Arabic_14,annotator_019,4,5
annotation_0322,Arabic_8,annotator_019,2,2
annotation_0323,Arabic_1,annotator_019,5,4
annotation_0324,English_53,annotator_020,4,2
annotation_0325,English_60,annotator_020,4,5
annotation_0326,English_59,annotator_020,1,1
annotation_0327,English_55,annotator_020,3,2
annotation_0328,English_54,annotator_020,1,1
annotation_0329,English_66,annotator_020,4,3
annotation_0330,English_51,annotator_020,1,1
annotation_0331,English_64,annotator_020,2,2
annotation_0332,English_63,annotator_020,1,1
annotation_0333,English_52,annotator_020,1,1
annotation_0334,English_61,annotator_020,1,1
annotation_0335,English_57,annotator_020,2,2
annotation_0336,English_67,annotator_020,2,3
annotation_0337,English_65,annotator_020,2,2
annotation_0338,English_56,annotator_020,1,1
annotation_0339,English_62,annotator_020,3,3
annotation_0340,English_58,annotator_020,1,1
annotation_0341,Chinese_39,annotator_021,2,2
annotation_0342,Chinese_49,annotator_021,4,4
annotation_0343,Chinese_50,annotator_021,1,2
annotation_0344,Chinese_43,annotator_021,2,2
annotation_0345,Chinese_45,annotator_021,5,4
annotation_0346,Chinese_36,annotator_021,2,2
annotation_0347,Chinese_44,annotator_021,4,4
annotation_0348,Chinese_42,annotator_021,3,5
annotation_0349,Chinese_35,annotator_021,2,2
annotation_0350,Chinese_47,annotator_021,2,5
annotation_0351,Chinese_37,annotator_021,5,3
annotation_0352,Chinese_41,annotator_021,3,3
annotation_0353,Chinese_46,annotator_021,2,5
annotation_0354,Chinese_34,annotator_021,2,2
annotation_0355,Chinese_38,annotator_021,3,4
annotation_0356,Chinese_48,annotator_021,4,5
annotation_0357,Chinese_40,annotator_021,3,4
annotation_0358,English_51,annotator_022,2,2
annotation_0359,English_55,annotator_022,3,3
annotation_0360,English_62,annotator_022,4,4
annotation_0361,English_64,annotator_022,3,3
annotation_0362,English_53,annotator_022,2,2
annotation_0363,English_67,annotator_022,2,2
annotation_0364,English_63,annotator_022,5,5
annotation_0365,English_56,annotator_022,3,3
annotation_0366,English_54,annotator_022,2,2
annotation_0367,English_58,annotator_022,2,2
annotation_0368,English_61,annotator_022,3,3
annotation_0369,English_66,annotator_022,4,4
annotation_0370,English_65,annotator_022,5,5
annotation_0371,English_57,annotator_022,3,3
annotation_0372,English_60,annotator_022,4,4
annotation_0373,English_52,annotator_022,2,2
annotation_0374,English_59,annotator_022,4,4
annotation_0375,English_53,annotator_023,2,2
annotation_0376,English_64,annotator_023,2,2
annotation_0377,English_65,annotator_023,5,5
annotation_0378,English_62,annotator_023,2,2
annotation_0379,English_51,annotator_023,1,2
annotation_0380,English_59,annotator_023,2,3
annotation_0381,English_55,annotator_023,3,3
annotation_0382,English_56,annotator_023,1,1
annotation_0383,English_54,annotator_023,2,2
annotation_0384,English_67,annotator_023,1,1
annotation_0385,English_66,annotator_023,2,3
annotation_0386,English_60,annotator_023,4,4
annotation_0387,English_61,annotator_023,4,4
annotation_0388,English_58,annotator_023,3,3
annotation_0389,English_63,annotator_023,5,5
annotation_0390,English_52,annotator_023,2,2
annotation_0391,English_57,annotator_023,1,3
annotation_0392,English_60,annotator_025,4,5
annotation_0393,English_59,annotator_025,5,4
annotation_0394,English_51,annotator_025,2,2
annotation_0395,English_53,annotator_025,2,2
annotation_0396,English_63,annotator_025,5,5
annotation_0397,English_66,annotator_025,3,3
annotation_0398,English_62,annotator_025,3,4
annotation_0399,English_67,annotator_025,2,3
annotation_0400,English_54,annotator_025,2,4
annotation_0401,English_57,annotator_025,5,3
annotation_0402,English_64,annotator_025,5,5
annotation_0403,English_52,annotator_025,4,2
annotation_0404,English_61,annotator_025,4,4
annotation_0405,English_56,annotator_025,4,3
annotation_0406,English_55,annotator_025,3,3
annotation_0407,English_58,annotator_025,4,3
annotation_0408,English_65,annotator_025,5,4
annotation_0409,English_58,annotator_026,3,3
annotation_0410,English_63,annotator_026,5,5
annotation_0411,English_65,annotator_026,5,5
annotation_0412,English_67,annotator_026,1,1
annotation_0413,English_51,annotator_026,2,2
annotation_0414,English_53,annotator_026,2,2
annotation_0415,English_60,annotator_026,4,4
annotation_0416,English_55,annotator_026,3,3
annotation_0417,English_59,annotator_026,4,4
annotation_0418,English_54,annotator_026,2,2
annotation_0419,English_56,annotator_026,3,3
annotation_0420,English_66,annotator_026,5,5
annotation_0421,English_61,annotator_026,4,4
annotation_0422,English_57,annotator_026,3,3
annotation_0423,English_64,annotator_026,5,5
annotation_0424,English_62,annotator_026,4,4
annotation_0425,English_52,annotator_026,2,3
annotation_0426,English_57,annotator_027,3,3
annotation_0427,English_54,annotator_027,2,2
annotation_0428,English_56,annotator_027,3,3
annotation_0429,English_51,annotator_027,2,2
annotation_0430,English_63,annotator_027,2,2
annotation_0431,English_58,annotator_027,3,3
annotation_0432,English_66,annotator_027,5,5
annotation_0433,English_62,annotator_027,4,4
annotation_0434,English_55,annotator_027,2,3
annotation_0435,English_64,annotator_027,4,5
annotation_0436,English_59,annotator_027,3,4
annotation_0437,English_61,annotator_027,4,4
annotation_0438,English_67,annotator_027,1,1
annotation_0439,English_53,annotator_027,2,2
annotation_0440,English_60,annotator_027,3,4
annotation_0441,English_65,annotator_027,4,5
annotation_0442,English_52,annotator_027,2,2
annotation_0443,English_62,annotator_028,5,5
annotation_0444,English_52,annotator_028,5,5
annotation_0445,English_56,annotator_028,3,3
annotation_0446,English_64,annotator_028,3,3
annotation_0447,English_55,annotator_028,3,3
annotation_0448,English_65,annotator_028,4,5
annotation_0449,English_63,annotator_028,1,1
annotation_0450,English_53,annotator_028,5,5
annotation_0451,English_61,annotator_028,5,5
annotation_0452,English_57,annotator_028,5,5
annotation_0453,English_58,annotator_028,4,4
annotation_0454,English_54,annotator_028,4,4
annotation_0455,English_60,annotator_028,5,5
annotation_0456,English_51,annotator_028,5,5
annotation_0457,English_59,annotator_028,5,5
annotation_0458,English_67,annotator_028,5,5
annotation_0459,English_66,annotator_028,4,4
annotation_0460,Russian_120,annotator_029,3,2
annotation_0461,Russian_130,annotator_029,5,4
annotation_0462,Russian_131,annotator_029,2,2
annotation_0463,Russian_121,annotator_029,4,4
annotation_0464,Russian_135,annotator_029,1,1
annotation_0465,Russian_127,annotator_029,2,3
annotation_0466,Russian_123,annotator_029,2,3
annotation_0467,Russian_134,annotator_029,5,5
annotation_0468,Russian_122,annotator_029,5,2
annotation_0469,Russian_129,annotator_029,4,4
annotation_0470,Russian_125,annotator_029,4,4
annotation_0471,Russian_133,annotator_029,4,5
annotation_0472,Russian_128,annotator_029,3,4
annotation_0473,Russian_132,annotator_029,2,2
annotation_0474,Russian_126,annotator_029,5,3
annotation_0475,Russian_124,annotator_029,3,3
annotation_0476,Russian_119,annotator_029,2,2
annotation_0477,French_83,annotator_030,5,5
annotation_0478,French_70,annotator_030,4,2
annotation_0479,French_74,annotator_030,4,3
annotation_0480,French_75,annotator_030,5,3
annotation_0481,French_77,annotator_030,3,4
annotation_0482,French_73,annotator_030,3,3
annotation_0483,French_80,annotator_030,2,5
annotation_0484,French_72,annotator_030,2,3
annotation_0485,French_71,annotator_030,5,2
annotation_0486,French_82,annotator_030,4,5
annotation_0487,French_69,annotator_030,3,2
annotation_0488,French_79,annotator_030,5,4
annotation_0489,French_84,annotator_030,1,1
annotation_0490,French_76,annotator_030,2,4
annotation_0491,French_81,annotator_030,3,5
annotation_0492,French_68,annotator_030,2,2
annotation_0493,French_78,annotator_030,4,4
annotation_0494,Russian_125,annotator_031,3,3
annotation_0495,Russian_120,annotator_031,2,2
annotation_0496,Russian_122,annotator_031,5,2
annotation_0497,Russian_134,annotator_031,5,5
annotation_0498,Russian_119,annotator_031,2,2
annotation_0499,Russian_133,annotator_031,4,5
annotation_0500,Russian_127,annotator_031,2,4
annotation_0501,Russian_126,annotator_031,4,3
annotation_0502,Russian_124,annotator_031,3,3
annotation_0503,Russian_128,annotator_031,2,4
annotation_0504,Russian_132,annotator_031,2,5
annotation_0505,Russian_123,annotator_031,2,3
annotation_0506,Russian_131,annotator_031,2,5
annotation_0507,Russian_135,annotator_031,1,1
annotation_0508,Russian_129,annotator_031,4,4
annotation_0509,Russian_121,annotator_031,2,2
annotation_0510,Russian_130,annotator_031,2,2
annotation_0511,Chinese_34,annotator_032,2,2
annotation_0512,Chinese_43,annotator_032,3,4
annotation_0513,Chinese_41,annotator_032,4,3
annotation_0514,Chinese_46,annotator_032,2,5
annotation_0515,Chinese_45,annotator_032,5,4
annotation_0516,Chinese_37,annotator_032,5,2
annotation_0517,Chinese_36,annotator_032,4,2
annotation_0518,Chinese_39,annotator_032,3,3
annotation_0519,Chinese_49,annotator_032,5,5
annotation_0520,Chinese_50,annotator_032,1,1
annotation_0521,Chinese_42,annotator_032,2,4
annotation_0522,Chinese_48,annotator_032,4,5
annotation_0523,Chinese_38,annotator_032,2,3
annotation_0524,Chinese_35,annotator_032,3,2
annotation_0525,Chinese_44,annotator_032,4,4
annotation_0526,Chinese_40,annotator_032,4,3
annotation_0527,Chinese_47,annotator_032,3,5
annotation_0528,Spanish_138,annotator_033,2,2
annotation_0529,Spanish_150,annotator_033,5,5
annotation_0530,Spanish_136,annotator_033,2,2
annotation_0531,Spanish_143,annotator_033,3,3
annotation_0532,Spanish_148,annotator_033,2,5
annotation_0533,Spanish_145,annotator_033,4,4
annotation_0534,Spanish_141,annotator_033,3,3
annotation_0535,Spanish_142,annotator_033,2,3
annotation_0536,Spanish_149,annotator_033,3,5
annotation_0537,Spanish_152,annotator_033,1,1
annotation_0538,Spanish_147,annotator_033,5,4
annotation_0539,Spanish_146,annotator_033,4,4
annotation_0540,Spanish_140,annotator_033,2,3
annotation_0541,Spanish_144,annotator_033,2,4
annotation_0542,Spanish_137,annotator_033,3,2
annotation_0543,Spanish_139,annotator_033,5,2
annotation_0544,Spanish_151,annotator_033,5,4
annotation_0545,English_62,annotator_034,3,3
annotation_0546,English_59,annotator_034,2,3
annotation_0547,English_56,annotator_034,3,3
annotation_0548,English_52,annotator_034,2,3
annotation_0549,English_53,annotator_034,2,2
annotation_0550,English_55,annotator_034,2,3
annotation_0551,English_63,annotator_034,2,5
annotation_0552,English_60,annotator_034,3,4
annotation_0553,English_51,annotator_034,2,2
annotation_0554,English_58,annotator_034,3,3
annotation_0555,English_61,annotator_034,4,4
annotation_0556,English_66,annotator_034,5,5
annotation_0557,English_67,annotator_034,1,1
annotation_0558,English_65,annotator_034,4,5
annotation_0559,English_54,annotator_034,5,2
annotation_0560,English_57,annotator_034,3,3
annotation_0561,English_64,annotator_034,3,5
annotation_0562,French_73,annotator_035,3,3
annotation_0563,French_75,annotator_035,5,3
annotation_0564,French_74,annotator_035,4,3
annotation_0565,French_78,annotator_035,4,4
annotation_0566,French_69,annotator_035,3,2
annotation_0567,French_79,annotator_035,5,4
annotation_0568,French_72,annotator_035,2,3
annotation_0569,French_83,annotator_035,5,5
annotation_0570,French_71,annotator_035,5,2
annotation_0571,French_81,annotator_035,3,5
annotation_0572,French_80,annotator_035,2,5
annotation_0573,French_82,annotator_035,4,5
annotation_0574,French_76,annotator_035,2,4
annotation_0575,French_84,annotator_035,1,1
annotation_0576,French_77,annotator_035,3,4
annotation_0577,French_70,annotator_035,4,2
annotation_0578,French_68,annotator_035,2,2
annotation_0579,Welsh_166,annotator_036,,
annotation_0580,Welsh_155,annotator_036,,
annotation_0581,Welsh_168,annotator_036,,
annotation_0582,Welsh_167,annotator_036,,
annotation_0583,Welsh_164,annotator_036,,
annotation_0584,Welsh_156,annotator_036,,
annotation_0585,Welsh_163,annotator_036,,
annotation_0586,Welsh_158,annotator_036,,
annotation_0587,Welsh_161,annotator_036,,
annotation_0588,Welsh_160,annotator_036,,
annotation_0589,Welsh_157,annotator_036,,
annotation_0590,Welsh_165,annotator_036,,
annotation_0591,Welsh_162,annotator_036,,
annotation_0592,Welsh_153,annotator_036,,
annotation_0593,Welsh_169,annotator_036,,
annotation_0594,Welsh_159,annotator_036,,
annotation_0595,Welsh_154,annotator_036,,
annotation_0596,Welsh_166,annotator_037,2,5
annotation_0597,Welsh_156,annotator_037,5,2
annotation_0598,Welsh_169,annotator_037,1,1
annotation_0599,Welsh_163,annotator_037,4,4
annotation_0600,Welsh_158,annotator_037,2,3
annotation_0601,Welsh_162,annotator_037,3,4
annotation_0602,Welsh_157,annotator_037,2,3
annotation_0603,Welsh_159,annotator_037,2,3
annotation_0604,Welsh_165,annotator_037,2,5
annotation_0605,Welsh_168,annotator_037,5,5
annotation_0606,Welsh_164,annotator_037,2,2
annotation_0607,Welsh_154,annotator_037,5,4
annotation_0608,Welsh_167,annotator_037,4,5
annotation_0609,Welsh_161,annotator_037,4,4
annotation_0610,Welsh_155,annotator_037,4,2
annotation_0611,Welsh_160,annotator_037,5,3
annotation_0612,Welsh_153,annotator_037,2,2
annotation_0613,Chinese_40,annotator_038,4,3
annotation_0614,Chinese_45,annotator_038,4,4
annotation_0615,Chinese_47,annotator_038,3,5
annotation_0616,Chinese_41,annotator_038,4,3
annotation_0617,Chinese_36,annotator_038,4,3
annotation_0618,Chinese_44,annotator_038,4,4
annotation_0619,Chinese_48,annotator_038,4,5
annotation_0620,Chinese_43,annotator_038,4,4
annotation_0621,Chinese_46,annotator_038,2,5
annotation_0622,Chinese_35,annotator_038,3,2
annotation_0623,Chinese_50,annotator_038,1,1
annotation_0624,Chinese_34,annotator_038,2,2
annotation_0625,Chinese_42,annotator_038,2,4
annotation_0626,Chinese_49,annotator_038,5,5
annotation_0627,Chinese_37,annotator_038,5,2
annotation_0628,Chinese_39,annotator_038,3,3
annotation_0629,Chinese_38,annotator_038,2,3
annotation_0630,Welsh_165,annotator_039,1,1
annotation_0631,Welsh_153,annotator_039,5,5
annotation_0632,Welsh_155,annotator_039,4,5
annotation_0633,Welsh_157,annotator_039,5,5
annotation_0634,Welsh_162,annotator_039,4,5
annotation_0635,Welsh_164,annotator_039,5,5
annotation_0636,Welsh_158,annotator_039,5,5
annotation_0637,Welsh_167,annotator_039,5,5
annotation_0638,Welsh_160,annotator_039,4,4
annotation_0639,Welsh_154,annotator_039,5,5
annotation_0640,Welsh_159,annotator_039,5,5
annotation_0641,Welsh_166,annotator_039,2,5
annotation_0642,Welsh_168,annotator_039,4,4
annotation_0643,Welsh_163,annotator_039,2,4
annotation_0644,Welsh_169,annotator_039,1,2
annotation_0645,Welsh_161,annotator_039,2,4
annotation_0646,Welsh_156,annotator_039,2,2
annotation_0647,Welsh_156,annotator_040,5,3
annotation_0648,Welsh_167,annotator_040,4,5
annotation_0649,Welsh_158,annotator_040,3,3
annotation_0650,Welsh_155,annotator_040,3,2
annotation_0651,Welsh_164,annotator_040,5,5
annotation_0652,Welsh_154,annotator_040,2,2
annotation_0653,Welsh_153,annotator_040,2,2
annotation_0654,Welsh_157,annotator_040,2,3
annotation_0655,Welsh_169,annotator_040,1,1
annotation_0656,Welsh_163,annotator_040,4,4
annotation_0657,Welsh_165,annotator_040,2,5
annotation_0658,Welsh_161,annotator_040,3,4
annotation_0659,Welsh_166,annotator_040,3,5
annotation_0660,Welsh_168,annotator_040,5,5
annotation_0661,Welsh_160,annotator_040,4,3
annotation_0662,Welsh_162,annotator_040,3,4
annotation_0663,Welsh_159,annotator_040,4,3
annotation_0664,Spanish_136,annotator_041,2,2
annotation_0665,Spanish_137,annotator_041,3,2
annotation_0666,Spanish_143,annotator_041,5,3
annotation_0667,Spanish_151,annotator_041,5,5
annotation_0668,Spanish_147,annotator_041,5,5
annotation_0669,Spanish_146,annotator_041,4,4
annotation_0670,Spanish_139,annotator_041,5,2
annotation_0671,Spanish_138,annotator_041,4,2
annotation_0672,Spanish_144,annotator_041,2,2
annotation_0673,Spanish_148,annotator_041,2,5
annotation_0674,Spanish_142,annotator_041,4,3
annotation_0675,Spanish_140,annotator_041,2,3
annotation_0676,Spanish_145,annotator_041,3,4
annotation_0677,Spanish_152,annotator_041,1,1
annotation_0678,Spanish_141,annotator_041,3,3
annotation_0679,Spanish_149,annotator_041,2,5
annotation_0680,Spanish_150,annotator_041,4,5
annotation_0681,Welsh_162,annotator_042,5,4
annotation_0682,Welsh_153,annotator_042,5,4
annotation_0683,Welsh_166,annotator_042,4,3
annotation_0684,Welsh_154,annotator_042,5,2
annotation_0685,Welsh_156,annotator_042,5,4
annotation_0686,Welsh_164,annotator_042,4,3
annotation_0687,Welsh_165,annotator_042,2,5
annotation_0688,Welsh_159,annotator_042,5,2
annotation_0689,Welsh_157,annotator_042,3,4
annotation_0690,Welsh_161,annotator_042,4,4
annotation_0691,Welsh_169,annotator_042,5,3
annotation_0692,Welsh_160,annotator_042,4,2
annotation_0693,Welsh_168,annotator_042,4,4
annotation_0694,Welsh_163,annotator_042,5,5
annotation_0695,Welsh_155,annotator_042,5,3
annotation_0696,Welsh_167,annotator_042,3,4
annotation_0697,Welsh_158,annotator_042,3,2
annotation_0698,Maltese_103,annotator_043,2,4
annotation_0699,Maltese_105,annotator_043,2,2
annotation_0700,Maltese_115,annotator_043,4,5
annotation_0701,Maltese_107,annotator_043,3,3
annotation_0702,Maltese_110,annotator_043,4,4
annotation_0703,Maltese_113,annotator_043,4,3
annotation_0704,Maltese_111,annotator_043,4,4
annotation_0705,Maltese_106,annotator_043,4,3
annotation_0706,Maltese_114,annotator_043,5,5
annotation_0707,Maltese_118,annotator_043,1,1
annotation_0708,Maltese_104,annotator_043,2,2
annotation_0709,Maltese_108,annotator_043,3,3
annotation_0710,Maltese_102,annotator_043,2,2
annotation_0711,Maltese_116,annotator_043,5,5
annotation_0712,Maltese_117,annotator_043,5,5
annotation_0713,Maltese_112,annotator_043,3,4
annotation_0714,Maltese_109,annotator_043,3,3
annotation_0715,Chinese_37,annotator_044,2,2
annotation_0716,Chinese_41,annotator_044,3,3
annotation_0717,Chinese_45,annotator_044,4,4
annotation_0718,Chinese_47,annotator_044,,
annotation_0719,Chinese_48,annotator_044,,
annotation_0720,Chinese_35,annotator_044,,
annotation_0721,Chinese_40,annotator_044,,
annotation_0722,Chinese_42,annotator_044,,
annotation_0723,Chinese_44,annotator_044,,
annotation_0724,Chinese_39,annotator_044,,
annotation_0725,Chinese_49,annotator_044,,
annotation_0726,Chinese_46,annotator_044,,
annotation_0727,Chinese_50,annotator_044,,
annotation_0728,Chinese_43,annotator_044,,
annotation_0729,Chinese_34,annotator_044,,
annotation_0730,Chinese_36,annotator_044,,
annotation_0731,Chinese_38,annotator_044,,
annotation_0732,Welsh_154,annotator_045,3,2
annotation_0733,Welsh_157,annotator_045,2,2
annotation_0734,Welsh_167,annotator_045,5,5
annotation_0735,Welsh_159,annotator_045,3,3
annotation_0736,Welsh_169,annotator_045,3,2
annotation_0737,Welsh_155,annotator_045,1,1
annotation_0738,Welsh_168,annotator_045,5,3
annotation_0739,Welsh_164,annotator_045,3,4
annotation_0740,Welsh_162,annotator_045,3,5
annotation_0741,Welsh_156,annotator_045,5,3
annotation_0742,Welsh_165,annotator_045,1,1
annotation_0743,Welsh_163,annotator_045,4,4
annotation_0744,Welsh_153,annotator_045,4,4
annotation_0745,Welsh_160,annotator_045,2,2
annotation_0746,Welsh_166,annotator_045,5,5
annotation_0747,Welsh_158,annotator_045,4,3
annotation_0748,Welsh_161,annotator_045,4,5
annotation_0749,Welsh_155,annotator_046,2,2
annotation_0750,Welsh_153,annotator_046,2,2
annotation_0751,Welsh_167,annotator_046,2,3
annotation_0752,Welsh_160,annotator_046,2,2
annotation_0753,Welsh_157,annotator_046,2,2
annotation_0754,Welsh_158,annotator_046,4,4
annotation_0755,Welsh_159,annotator_046,4,4
annotation_0756,Welsh_156,annotator_046,4,4
annotation_0757,Welsh_163,annotator_046,2,2
annotation_0758,Welsh_161,annotator_046,3,4
annotation_0759,Welsh_169,annotator_046,3,4
annotation_0760,Welsh_165,annotator_046,5,5
annotation_0761,Welsh_168,annotator_046,4,4
annotation_0762,Welsh_162,annotator_046,2,4
annotation_0763,Welsh_166,annotator_046,3,4
annotation_0764,Welsh_154,annotator_046,2,4
annotation_0765,Welsh_164,annotator_046,4,4
annotation_0766,Spanish_149,annotator_047,3,5
annotation_0767,Spanish_146,annotator_047,4,4
annotation_0768,Spanish_137,annotator_047,2,2
annotation_0769,Spanish_138,annotator_047,4,2
annotation_0770,Spanish_148,annotator_047,2,5
annotation_0771,Spanish_145,annotator_047,4,4
annotation_0772,Spanish_136,annotator_047,2,2
annotation_0773,Spanish_150,annotator_047,4,5
annotation_0774,Spanish_143,annotator_047,5,3
annotation_0775,Spanish_139,annotator_047,5,2
annotation_0776,Spanish_140,annotator_047,2,3
annotation_0777,Spanish_147,annotator_047,5,4
annotation_0778,Spanish_142,annotator_047,4,3
annotation_0779,Spanish_151,annotator_047,5,5
annotation_0780,Spanish_152,annotator_047,1,1
annotation_0781,Spanish_144,annotator_047,2,4
annotation_0782,Spanish_141,annotator_047,3,3
annotation_0783,Welsh_165,annotator_048,,
annotation_0784,Welsh_155,annotator_048,,
annotation_0785,Welsh_153,annotator_048,,
annotation_0786,Welsh_160,annotator_048,,
annotation_0787,Welsh_154,annotator_048,,
annotation_0788,Welsh_163,annotator_048,,
annotation_0789,Welsh_162,annotator_048,,
annotation_0790,Welsh_167,annotator_048,,
annotation_0791,Welsh_156,annotator_048,,
annotation_0792,Welsh_159,annotator_048,,
annotation_0793,Welsh_161,annotator_048,,
annotation_0794,Welsh_158,annotator_048,,
annotation_0795,Welsh_166,annotator_048,,
annotation_0796,Welsh_169,annotator_048,,
annotation_0797,Welsh_164,annotator_048,,
annotation_0798,Welsh_168,annotator_048,,
annotation_0799,Welsh_157,annotator_048,,
annotation_0800,Welsh_168,annotator_049,4,4
annotation_0801,Welsh_155,annotator_049,3,3
annotation_0802,Welsh_158,annotator_049,2,3
annotation_0803,Welsh_167,annotator_049,5,5
annotation_0804,Welsh_157,annotator_049,2,4
annotation_0805,Welsh_153,annotator_049,2,5
annotation_0806,Welsh_159,annotator_049,3,3
annotation_0807,Welsh_163,annotator_049,2,2
annotation_0808,Welsh_169,annotator_049,3,3
annotation_0809,Welsh_160,annotator_049,4,4
annotation_0810,Welsh_156,annotator_049,2,2
annotation_0811,Welsh_164,annotator_049,5,5
annotation_0812,Welsh_165,annotator_049,2,2
annotation_0813,Welsh_154,annotator_049,2,3
annotation_0814,Welsh_161,annotator_049,2,3
annotation_0815,Welsh_166,annotator_049,2,2
annotation_0816,Welsh_162,annotator_049,2,2
annotation_0817,Welsh_166,annotator_050,3,3
annotation_0818,Welsh_158,annotator_050,3,3
annotation_0819,Welsh_155,annotator_050,2,2
annotation_0820,Welsh_163,annotator_050,4,4
annotation_0821,Welsh_161,annotator_050,4,4
annotation_0822,Welsh_165,annotator_050,2,5
annotation_0823,Welsh_168,annotator_050,5,5
annotation_0824,Welsh_160,annotator_050,2,3
annotation_0825,Welsh_157,annotator_050,3,3
annotation_0826,Welsh_154,annotator_050,4,2
annotation_0827,Welsh_156,annotator_050,5,2
annotation_0828,Welsh_162,annotator_050,4,4
annotation_0829,Welsh_164,annotator_050,5,4
annotation_0830,Welsh_167,annotator_050,5,5
annotation_0831,Welsh_159,annotator_050,4,3
annotation_0832,Welsh_153,annotator_050,3,2
annotation_0833,Welsh_169,annotator_050,1,1
annotation_0834,Welsh_161,annotator_051,4,4
annotation_0835,Welsh_166,annotator_051,3,3
annotation_0836,Welsh_160,annotator_051,2,2
annotation_0837,Welsh_168,annotator_051,2,2
annotation_0838,Welsh_157,annotator_051,4,4
annotation_0839,Welsh_165,annotator_051,2,2
annotation_0840,Welsh_155,annotator_051,5,2
annotation_0841,Welsh_156,annotator_051,5,2
annotation_0842,Welsh_169,annotator_051,4,2
annotation_0843,Welsh_162,annotator_051,5,4
annotation_0844,Welsh_163,annotator_051,5,3
annotation_0845,Welsh_159,annotator_051,5,2
annotation_0846,Welsh_164,annotator_051,5,3
annotation_0847,Welsh_153,annotator_051,4,2
annotation_0848,Welsh_158,annotator_051,4,3
annotation_0849,Welsh_154,annotator_051,4,2
annotation_0850,Welsh_167,annotator_051,5,4
annotation_0851,Maltese_105,annotator_052,5,5
annotation_0852,Maltese_104,annotator_052,3,3
annotation_0853,Maltese_108,annotator_052,4,4
annotation_0854,Maltese_116,annotator_052,4,5
annotation_0855,Maltese_107,annotator_052,4,3
annotation_0856,Maltese_112,annotator_052,4,4
annotation_0857,Maltese_115,annotator_052,3,3
annotation_0858,Maltese_103,annotator_052,3,2
annotation_0859,Maltese_110,annotator_052,3,3
annotation_0860,Maltese_113,annotator_052,5,4
annotation_0861,Maltese_109,annotator_052,5,3
annotation_0862,Maltese_118,annotator_052,2,2
annotation_0863,Maltese_117,annotator_052,5,5
annotation_0864,Maltese_106,annotator_052,2,3
annotation_0865,Maltese_111,annotator_052,3,4
annotation_0866,Maltese_102,annotator_052,4,2
annotation_0867,Maltese_114,annotator_052,2,5
annotation_0868,Welsh_153,annotator_053,2,1
annotation_0869,Welsh_167,annotator_053,3,4
annotation_0870,Welsh_156,annotator_053,2,5
annotation_0871,Welsh_164,annotator_053,3,5
annotation_0872,Welsh_161,annotator_053,3,4
annotation_0873,Welsh_159,annotator_053,3,5
annotation_0874,Welsh_166,annotator_053,5,4
annotation_0875,Welsh_163,annotator_053,4,4
annotation_0876,Welsh_155,annotator_053,2,2
annotation_0877,Welsh_158,annotator_053,2,4
annotation_0878,Welsh_157,annotator_053,2,2
annotation_0879,Welsh_165,annotator_053,5,2
annotation_0880,Welsh_162,annotator_053,5,2
annotation_0881,Welsh_168,annotator_053,3,4
annotation_0882,Welsh_154,annotator_053,2,5
annotation_0883,Welsh_169,annotator_053,4,3
annotation_0884,Welsh_160,annotator_053,3,5
annotation_0885,Arabic_13,annotator_054,3,5
annotation_0886,Arabic_15,annotator_054,5,5
annotation_0887,Arabic_10,annotator_054,4,4
annotation_0888,Arabic_12,annotator_054,2,5
annotation_0889,Arabic_8,annotator_054,2,4
annotation_0890,Arabic_1,annotator_054,3,2
annotation_0891,Arabic_3,annotator_054,4,2
annotation_0892,Arabic_6,annotator_054,4,3
annotation_0893,Arabic_14,annotator_054,4,5
annotation_0894,Arabic_11,annotator_054,5,4
annotation_0895,Arabic_16,annotator_054,1,1
annotation_0896,Arabic_2,annotator_054,4,2
annotation_0897,Arabic_5,annotator_054,3,3
annotation_0898,Arabic_0,annotator_054,2,2
annotation_0899,Arabic_4,annotator_054,2,3
annotation_0900,Arabic_7,annotator_054,5,3
annotation_0901,Arabic_9,annotator_054,3,4
annotation_0902,Russian_133,annotator_055,4,4
annotation_0903,Russian_121,annotator_055,4,2
annotation_0904,Russian_135,annotator_055,1,1
annotation_0905,Russian_125,annotator_055,3,3
annotation_0906,Russian_130,annotator_055,5,4
annotation_0907,Russian_131,annotator_055,2,5
annotation_0908,Russian_120,annotator_055,3,2
annotation_0909,Russian_129,annotator_055,4,4
annotation_0910,Russian_124,annotator_055,3,3
annotation_0911,Russian_128,annotator_055,3,4
annotation_0912,Russian_119,annotator_055,2,2
annotation_0913,Russian_134,annotator_055,3,4
annotation_0914,Russian_132,annotator_055,4,5
annotation_0915,Russian_126,annotator_055,5,3
annotation_0916,Russian_123,annotator_055,2,3
annotation_0917,Russian_122,annotator_055,5,2
annotation_0918,Russian_127,annotator_055,3,4
annotation_0919,English_66,annotator_056,5,5
annotation_0920,English_67,annotator_056,1,1
annotation_0921,English_54,annotator_056,5,2
annotation_0922,English_55,annotator_056,2,3
annotation_0923,English_53,annotator_056,3,2
annotation_0924,English_62,annotator_056,5,4
annotation_0925,English_51,annotator_056,3,2
annotation_0926,English_57,annotator_056,3,3
annotation_0927,English_65,annotator_056,4,5
annotation_0928,English_63,annotator_056,2,5
annotation_0929,English_52,annotator_056,3,2
annotation_0930,English_58,annotator_056,5,3
annotation_0931,English_61,annotator_056,4,4
annotation_0932,English_59,annotator_056,2,4
annotation_0933,English_56,annotator_056,3,3
annotation_0934,English_60,annotator_056,3,4
annotation_0935,English_64,annotator_056,3,5
annotation_0936,English_58,annotator_057,3,3
annotation_0937,English_56,annotator_057,3,3
annotation_0938,English_57,annotator_057,3,3
annotation_0939,English_60,annotator_057,4,4
annotation_0940,English_51,annotator_057,2,2
annotation_0941,English_59,annotator_057,2,4
annotation_0942,English_53,annotator_057,5,2
annotation_0943,English_54,annotator_057,5,2
annotation_0944,English_55,annotator_057,2,3
annotation_0945,English_67,annotator_057,1,1
annotation_0946,English_52,annotator_057,3,2
annotation_0947,English_64,annotator_057,2,3
annotation_0948,English_65,annotator_057,4,4
annotation_0949,English_61,annotator_057,4,4
annotation_0950,English_66,annotator_057,5,5
annotation_0951,English_62,annotator_057,5,4
annotation_0952,English_63,annotator_057,2,5
annotation_0953,Chinese_40,annotator_058,,
annotation_0954,Chinese_48,annotator_058,,
annotation_0955,Chinese_41,annotator_058,,
annotation_0956,Chinese_39,annotator_058,,
annotation_0957,Chinese_44,annotator_058,,
annotation_0958,Chinese_47,annotator_058,,
annotation_0959,Chinese_45,annotator_058,,
annotation_0960,Chinese_37,annotator_058,,
annotation_0961,Chinese_46,annotator_058,,
annotation_0962,Chinese_34,annotator_058,,
annotation_0963,Chinese_50,annotator_058,,
annotation_0964,Chinese_35,annotator_058,,
annotation_0965,Chinese_43,annotator_058,,
annotation_0966,Chinese_42,annotator_058,,
annotation_0967,Chinese_38,annotator_058,,
annotation_0968,Chinese_36,annotator_058,,
annotation_0969,Chinese_49,annotator_058,,
annotation_0970,English_66,annotator_059,4,4
annotation_0971,English_54,annotator_059,2,5
annotation_0972,English_63,annotator_059,2,5
annotation_0973,English_60,annotator_059,2,3
annotation_0974,English_53,annotator_059,,
annotation_0975,English_51,annotator_059,,
annotation_0976,English_56,annotator_059,,
annotation_0977,English_58,annotator_059,,
annotation_0978,English_67,annotator_059,,
annotation_0979,English_57,annotator_059,,
annotation_0980,English_52,annotator_059,,
annotation_0981,English_55,annotator_059,,
annotation_0982,English_65,annotator_059,,
annotation_0983,English_59,annotator_059,,
annotation_0984,English_62,annotator_059,,
annotation_0985,English_64,annotator_059,,
annotation_0986,English_61,annotator_059,,
annotation_0987,Maltese_102,annotator_060,2,2
annotation_0988,Maltese_108,annotator_060,4,3
annotation_0989,Maltese_115,annotator_060,3,5
annotation_0990,Maltese_103,annotator_060,4,2
annotation_0991,Maltese_110,annotator_060,2,4
annotation_0992,Maltese_106,annotator_060,2,3
annotation_0993,Maltese_116,annotator_060,4,5
annotation_0994,Maltese_113,annotator_060,5,4
annotation_0995,Maltese_117,annotator_060,5,5
annotation_0996,Maltese_104,annotator_060,4,2
annotation_0997,Maltese_105,annotator_060,5,2
annotation_0998,Maltese_118,annotator_060,1,1
annotation_0999,Maltese_114,annotator_060,2,5
annotation_1000,Maltese_109,annotator_060,4,3
annotation_1001,Maltese_107,annotator_060,3,3
annotation_1002,Maltese_111,annotator_060,3,4
annotation_1003,Maltese_112,annotator_060,4,4
annotation_1004,Maltese_110,annotator_061,3,4
annotation_1005,Maltese_111,annotator_061,2,4
annotation_1006,Maltese_113,annotator_061,2,4
annotation_1007,Maltese_112,annotator_061,2,3
annotation_1008,Maltese_116,annotator_061,5,5
annotation_1009,Maltese_108,annotator_061,2,2
annotation_1010,Maltese_102,annotator_061,2,2
annotation_1011,Maltese_114,annotator_061,4,5
annotation_1012,Maltese_104,annotator_061,2,2
annotation_1013,Maltese_117,annotator_061,4,4
annotation_1014,Maltese_115,annotator_061,4,5
annotation_1015,Maltese_106,annotator_061,3,3
annotation_1016,Maltese_103,annotator_061,2,2
annotation_1017,Maltese_107,annotator_061,2,3
annotation_1018,Maltese_109,annotator_061,4,3
annotation_1019,Maltese_118,annotator_061,4,1
annotation_1020,Maltese_105,annotator_061,2,2
annotation_1021,Spanish_145,annotator_062,5,5
annotation_1022,Spanish_140,annotator_062,5,5
annotation_1023,Spanish_138,annotator_062,5,5
annotation_1024,Spanish_139,annotator_062,5,5
annotation_1025,Spanish_141,annotator_062,5,5
annotation_1026,Spanish_146,annotator_062,5,5
annotation_1027,Spanish_136,annotator_062,5,5
annotation_1028,Spanish_142,annotator_062,5,5
annotation_1029,Spanish_137,annotator_062,5,5
annotation_1030,Spanish_143,annotator_062,5,5
annotation_1031,Spanish_144,annotator_062,5,5
annotation_1032,Spanish_151,annotator_062,5,5
annotation_1033,Spanish_148,annotator_062,5,5
annotation_1034,Spanish_147,annotator_062,5,5
annotation_1035,Spanish_150,annotator_062,5,5
annotation_1036,Spanish_149,annotator_062,5,5
annotation_1037,Spanish_152,annotator_062,5,5
annotation_1038,Spanish_396,annotator_062,5,5
annotation_1039,Spanish_379,annotator_062,5,5
annotation_1040,Spanish_390,annotator_062,5,5
annotation_1041,Spanish_398,annotator_062,5,5
annotation_1042,Spanish_407,annotator_062,5,5
annotation_1043,Spanish_372,annotator_062,5,5
annotation_1044,Spanish_403,annotator_062,5,5
annotation_1045,Spanish_413,annotator_062,5,5
annotation_1046,Spanish_419,annotator_062,5,5
annotation_1047,Spanish_414,annotator_062,5,5
annotation_1048,Spanish_393,annotator_062,5,5
annotation_1049,Spanish_391,annotator_062,5,5
annotation_1050,Spanish_382,annotator_062,5,5
annotation_1051,Spanish_387,annotator_062,5,5
annotation_1052,Spanish_410,annotator_062,5,5
annotation_1053,Spanish_404,annotator_062,5,5
annotation_1054,Spanish_402,annotator_062,5,5
annotation_1055,Spanish_394,annotator_062,5,5
annotation_1056,Spanish_418,annotator_062,5,5
annotation_1057,Spanish_399,annotator_062,5,5
annotation_1058,Spanish_375,annotator_062,5,5
annotation_1059,Spanish_374,annotator_062,5,5
annotation_1060,Spanish_376,annotator_062,5,5
annotation_1061,Spanish_388,annotator_062,5,5
annotation_1062,Spanish_397,annotator_062,5,5
annotation_1063,Spanish_412,annotator_062,5,5
annotation_1064,Spanish_416,annotator_062,5,5
annotation_1065,Spanish_395,annotator_062,5,5
annotation_1066,Spanish_377,annotator_062,5,5
annotation_1067,Spanish_400,annotator_062,5,5
annotation_1068,Spanish_389,annotator_062,5,5
annotation_1069,Spanish_383,annotator_062,5,5
annotation_1070,Spanish_406,annotator_062,5,5
annotation_1071,Spanish_370,annotator_062,5,5
annotation_1072,Spanish_411,annotator_062,5,5
annotation_1073,Spanish_371,annotator_062,5,5
annotation_1074,Spanish_381,annotator_062,5,5
annotation_1075,Spanish_417,annotator_062,5,5
annotation_1076,Spanish_405,annotator_062,5,5
annotation_1077,Spanish_392,annotator_062,5,5
annotation_1078,Spanish_378,annotator_062,5,5
annotation_1079,Spanish_415,annotator_062,5,5
annotation_1080,Spanish_373,annotator_062,5,5
annotation_1081,Spanish_409,annotator_062,5,5
annotation_1082,Spanish_380,annotator_062,5,5
annotation_1083,Spanish_385,annotator_062,5,5
annotation_1084,Spanish_401,annotator_062,5,5
annotation_1085,Spanish_384,annotator_062,5,5
annotation_1086,Spanish_408,annotator_062,5,5
annotation_1087,Spanish_386,annotator_062,5,5
annotation_1088,Welsh_298,annotator_050,5,4
annotation_1089,Welsh_318,annotator_050,5,5
annotation_1090,Welsh_282,annotator_050,5,2
annotation_1091,Welsh_296,annotator_050,4,4
annotation_1092,Welsh_275,annotator_050,5,5
annotation_1093,Welsh_286,annotator_050,4,5
annotation_1094,Welsh_276,annotator_050,5,5
annotation_1095,Welsh_291,annotator_050,5,5
annotation_1096,Welsh_314,annotator_050,1,1
annotation_1097,Welsh_290,annotator_050,5,5
annotation_1098,Welsh_315,annotator_050,5,5
annotation_1099,Welsh_295,annotator_050,5,5
annotation_1100,Welsh_292,annotator_050,3,3
annotation_1101,Welsh_280,annotator_050,5,5
annotation_1102,Welsh_283,annotator_050,5,5
annotation_1103,Welsh_278,annotator_050,5,4
annotation_1104,Welsh_293,annotator_050,5,4
annotation_1105,Welsh_316,annotator_050,3,2
annotation_1106,Welsh_317,annotator_050,5,2
annotation_1107,Welsh_304,annotator_050,1,1
annotation_1108,Welsh_272,annotator_050,1,1
annotation_1109,Welsh_281,annotator_050,4,5
annotation_1110,Welsh_288,annotator_050,5,4
annotation_1111,Welsh_305,annotator_050,4,5
annotation_1112,Welsh_299,annotator_050,1,1
annotation_1113,Welsh_312,annotator_050,5,2
annotation_1114,Welsh_285,annotator_050,5,5
annotation_1115,Welsh_302,annotator_050,5,4
annotation_1116,Welsh_277,annotator_050,5,2
annotation_1117,Welsh_270,annotator_050,5,5
annotation_1118,Welsh_306,annotator_050,5,5
annotation_1119,Welsh_294,annotator_050,1,1
annotation_1120,Welsh_309,annotator_050,1,1
annotation_1121,Welsh_300,annotator_050,5,5
annotation_1122,Welsh_274,annotator_050,1,1
annotation_1123,Welsh_301,annotator_050,1,1
annotation_1124,Welsh_307,annotator_050,5,4
annotation_1125,Welsh_271,annotator_050,5,5
annotation_1126,Welsh_313,annotator_050,5,4
annotation_1127,Welsh_303,annotator_050,5,5
annotation_1128,Welsh_297,annotator_050,5,2
annotation_1129,Welsh_289,annotator_050,1,1
annotation_1130,Welsh_308,annotator_050,5,5
annotation_1131,Welsh_319,annotator_050,1,1
annotation_1132,Welsh_279,annotator_050,1,1
annotation_1133,Welsh_273,annotator_050,4,5
annotation_1134,Welsh_284,annotator_050,1,1
annotation_1135,Welsh_311,annotator_050,5,4
annotation_1136,Welsh_287,annotator_050,5,2
annotation_1137,Welsh_310,annotator_050,4,5
annotation_1138,Chinese_546,annotator_002,5,2
annotation_1139,Chinese_565,annotator_002,5,4
annotation_1140,Chinese_520,annotator_002,5,3
annotation_1141,Chinese_542,annotator_002,5,4
annotation_1142,Chinese_563,annotator_002,5,5
annotation_1143,Chinese_523,annotator_002,5,4
annotation_1144,Chinese_539,annotator_002,4,2
annotation_1145,Chinese_548,annotator_002,5,3
annotation_1146,Chinese_534,annotator_002,5,5
annotation_1147,Chinese_525,annotator_002,5,5
annotation_1148,Chinese_543,annotator_002,5,4
annotation_1149,Chinese_547,annotator_002,2,2
annotation_1150,Chinese_555,annotator_002,5,3
annotation_1151,Chinese_532,annotator_002,5,2
annotation_1152,Chinese_545,annotator_002,4,4
annotation_1153,Chinese_537,annotator_002,5,5
annotation_1154,Chinese_540,annotator_002,4,4
annotation_1155,Chinese_564,annotator_002,5,4
annotation_1156,Chinese_521,annotator_002,1,1
annotation_1157,Chinese_528,annotator_002,5,5
annotation_1158,Chinese_552,annotator_002,4,5
annotation_1159,Chinese_533,annotator_002,5,5
annotation_1160,Chinese_526,annotator_002,1,1
annotation_1161,Chinese_568,annotator_002,5,5
annotation_1162,Chinese_544,annotator_002,5,5
annotation_1163,Chinese_527,annotator_002,3,3
annotation_1164,Chinese_535,annotator_002,5,3
annotation_1165,Chinese_558,annotator_002,5,5
annotation_1166,Chinese_557,annotator_002,5,5
annotation_1167,Chinese_560,annotator_002,5,4
annotation_1168,Chinese_550,annotator_002,3,3
annotation_1169,Chinese_549,annotator_002,5,5
annotation_1170,Chinese_551,annotator_002,5,4
annotation_1171,Chinese_522,annotator_002,5,5
annotation_1172,Chinese_569,annotator_002,5,5
annotation_1173,Chinese_561,annotator_002,4,4
annotation_1174,Chinese_562,annotator_002,3,2
annotation_1175,Chinese_524,annotator_002,5,3
annotation_1176,Chinese_556,annotator_002,4,2
annotation_1177,Chinese_566,annotator_002,3,3
annotation_1178,Chinese_538,annotator_002,5,4
annotation_1179,Chinese_541,annotator_002,1,1
annotation_1180,Chinese_530,annotator_002,5,5
annotation_1181,Chinese_553,annotator_002,5,5
annotation_1182,Chinese_567,annotator_002,5,4
annotation_1183,Chinese_536,annotator_002,3,3
annotation_1184,Chinese_554,annotator_002,5,5
annotation_1185,Chinese_559,annotator_002,4,3
annotation_1186,Chinese_529,annotator_002,5,5
annotation_1187,Chinese_531,annotator_002,5,3
annotation_1188,French_439,annotator_035,5,4
annotation_1189,French_422,annotator_035,5,4
annotation_1190,French_444,annotator_035,5,4
annotation_1191,French_423,annotator_035,4,4
annotation_1192,French_447,annotator_035,5,4
annotation_1193,French_460,annotator_035,5,5
annotation_1194,French_436,annotator_035,5,5
annotation_1195,French_432,annotator_035,5,4
annotation_1196,French_442,annotator_035,5,5
annotation_1197,French_456,annotator_035,3,2
annotation_1198,French_449,annotator_035,5,5
annotation_1199,French_468,annotator_035,5,3
annotation_1200,French_458,annotator_035,5,5
annotation_1201,French_461,annotator_035,5,5
annotation_1202,French_434,annotator_035,5,5
annotation_1203,French_454,annotator_035,5,5
annotation_1204,French_424,annotator_035,5,5
annotation_1205,French_446,annotator_035,5,5
annotation_1206,French_420,annotator_035,5,5
annotation_1207,French_426,annotator_035,5,5
annotation_1208,French_437,annotator_035,5,5
annotation_1209,French_429,annotator_035,5,5
annotation_1210,French_445,annotator_035,4,4
annotation_1211,French_450,annotator_035,5,5
annotation_1212,French_465,annotator_035,5,4
annotation_1213,French_438,annotator_035,5,5
annotation_1214,French_427,annotator_035,4,5
annotation_1215,French_430,annotator_035,5,5
annotation_1216,French_457,annotator_035,5,5
annotation_1217,French_433,annotator_035,5,5
annotation_1218,French_441,annotator_035,5,5
annotation_1219,French_459,annotator_035,1,1
annotation_1220,French_453,annotator_035,4,4
annotation_1221,French_462,annotator_035,5,5
annotation_1222,French_455,annotator_035,4,4
annotation_1223,French_464,annotator_035,5,5
annotation_1224,French_466,annotator_035,5,5
annotation_1225,French_467,annotator_035,4,3
annotation_1226,French_428,annotator_035,5,4
annotation_1227,French_463,annotator_035,4,4
annotation_1228,French_451,annotator_035,3,3
annotation_1229,French_440,annotator_035,4,2
annotation_1230,French_448,annotator_035,5,5
annotation_1231,French_421,annotator_035,5,4
annotation_1232,French_435,annotator_035,1,1
annotation_1233,French_425,annotator_035,4,4
annotation_1234,French_452,annotator_035,5,5
annotation_1235,French_469,annotator_035,4,4
annotation_1236,French_431,annotator_035,1,1
annotation_1237,French_443,annotator_035,4,4
annotation_1238,Chinese_542,annotator_021,4,4
annotation_1239,Chinese_546,annotator_021,2,2
annotation_1240,Chinese_534,annotator_021,3,5
annotation_1241,Chinese_522,annotator_021,5,5
annotation_1242,Chinese_560,annotator_021,4,4
annotation_1243,Chinese_524,annotator_021,5,4
annotation_1244,Chinese_552,annotator_021,5,4
annotation_1245,Chinese_558,annotator_021,5,5
annotation_1246,Chinese_554,annotator_021,5,5
annotation_1247,Chinese_562,annotator_021,2,2
annotation_1248,Chinese_526,annotator_021,1,1
annotation_1249,Chinese_549,annotator_021,5,5
annotation_1250,Chinese_536,annotator_021,3,3
annotation_1251,Chinese_548,annotator_021,5,3
annotation_1252,Chinese_538,annotator_021,5,4
annotation_1253,Chinese_535,annotator_021,5,4
annotation_1254,Chinese_564,annotator_021,5,4
annotation_1255,Chinese_531,annotator_021,5,4
annotation_1256,Chinese_543,annotator_021,5,4
annotation_1257,Chinese_545,annotator_021,5,5
annotation_1258,Chinese_525,annotator_021,5,5
annotation_1259,Chinese_521,annotator_021,1,1
annotation_1260,Chinese_539,annotator_021,5,4
annotation_1261,Chinese_540,annotator_021,5,4
annotation_1262,Chinese_567,annotator_021,5,4
annotation_1263,Chinese_559,annotator_021,3,3
annotation_1264,Chinese_568,annotator_021,5,5
annotation_1265,Chinese_527,annotator_021,1,1
annotation_1266,Chinese_544,annotator_021,5,5
annotation_1267,Chinese_529,annotator_021,5,4
annotation_1268,Chinese_557,annotator_021,5,4
annotation_1269,Chinese_537,annotator_021,5,4
annotation_1270,Chinese_541,annotator_021,1,1
annotation_1271,Chinese_561,annotator_021,5,4
annotation_1272,Chinese_563,annotator_021,5,5
annotation_1273,Chinese_550,annotator_021,3,3
annotation_1274,Chinese_555,annotator_021,5,4
annotation_1275,Chinese_533,annotator_021,5,5
annotation_1276,Chinese_530,annotator_021,5,5
annotation_1277,Chinese_532,annotator_021,5,2
annotation_1278,Chinese_569,annotator_021,5,5
annotation_1279,Chinese_520,annotator_021,5,4
annotation_1280,Chinese_556,annotator_021,5,4
annotation_1281,Chinese_553,annotator_021,5,5
annotation_1282,Chinese_528,annotator_021,5,5
annotation_1283,Chinese_565,annotator_021,5,4
annotation_1284,Chinese_547,annotator_021,2,2
annotation_1285,Chinese_523,annotator_021,5,4
annotation_1286,Chinese_551,annotator_021,5,4
annotation_1287,Chinese_566,annotator_021,3,3
annotation_1288,French_441,annotator_030,5,5
annotation_1289,French_438,annotator_030,5,5
annotation_1290,French_421,annotator_030,5,5
annotation_1291,French_443,annotator_030,4,4
annotation_1292,French_460,annotator_030,5,5
annotation_1293,French_429,annotator_030,5,4
annotation_1294,French_437,annotator_030,5,5
annotation_1295,French_430,annotator_030,5,5
annotation_1296,French_446,annotator_030,5,5
annotation_1297,French_447,annotator_030,4,4
annotation_1298,French_465,annotator_030,5,4
annotation_1299,French_463,annotator_030,4,4
annotation_1300,French_428,annotator_030,5,4
annotation_1301,French_420,annotator_030,5,5
annotation_1302,French_423,annotator_030,4,4
annotation_1303,French_469,annotator_030,5,5
annotation_1304,French_439,annotator_030,4,4
annotation_1305,French_452,annotator_030,5,5
annotation_1306,French_453,annotator_030,5,4
annotation_1307,French_426,annotator_030,5,5
annotation_1308,French_467,annotator_030,4,4
annotation_1309,French_444,annotator_030,5,4
annotation_1310,French_468,annotator_030,5,3
annotation_1311,French_451,annotator_030,4,4
annotation_1312,French_461,annotator_030,5,5
annotation_1313,French_457,annotator_030,5,5
annotation_1314,French_462,annotator_030,5,5
annotation_1315,French_448,annotator_030,5,5
annotation_1316,French_442,annotator_030,5,5
annotation_1317,French_466,annotator_030,5,5
annotation_1318,French_424,annotator_030,5,5
annotation_1319,French_440,annotator_030,5,4
annotation_1320,French_433,annotator_030,5,5
annotation_1321,French_458,annotator_030,5,5
annotation_1322,French_432,annotator_030,5,5
annotation_1323,French_427,annotator_030,1,1
annotation_1324,French_449,annotator_030,5,5
annotation_1325,French_425,annotator_030,5,5
annotation_1326,French_464,annotator_030,5,5
annotation_1327,French_456,annotator_030,5,3
annotation_1328,French_459,annotator_030,1,1
annotation_1329,French_436,annotator_030,5,4
annotation_1330,French_435,annotator_030,1,1
annotation_1331,French_431,annotator_030,1,1
annotation_1332,French_455,annotator_030,4,4
annotation_1333,French_422,annotator_030,5,4
annotation_1334,French_434,annotator_030,5,5
annotation_1335,French_454,annotator_030,5,5
annotation_1336,French_445,annotator_030,4,5
annotation_1337,French_450,annotator_030,5,5
annotation_1338,English_181,annotator_012,5,5
annotation_1339,English_216,annotator_012,1,1
annotation_1340,English_189,annotator_012,1,1
annotation_1341,English_212,annotator_012,4,5
annotation_1342,English_172,annotator_012,2,2
annotation_1343,English_218,annotator_012,3,3
annotation_1344,English_206,annotator_012,1,1
annotation_1345,English_219,annotator_012,3,4
annotation_1346,English_196,annotator_012,2,2
annotation_1347,English_173,annotator_012,5,3
annotation_1348,English_195,annotator_012,5,5
annotation_1349,English_197,annotator_012,2,2
annotation_1350,English_185,annotator_012,1,1
annotation_1351,English_180,annotator_012,5,5
annotation_1352,English_205,annotator_012,4,2
annotation_1353,English_209,annotator_012,1,1
annotation_1354,English_183,annotator_012,5,5
annotation_1355,English_192,annotator_012,1,1
annotation_1356,English_210,annotator_012,1,2
annotation_1357,English_213,annotator_012,5,4
annotation_1358,English_211,annotator_012,1,1
annotation_1359,English_187,annotator_012,1,1
annotation_1360,English_202,annotator_012,5,5
annotation_1361,English_174,annotator_012,5,5
annotation_1362,English_179,annotator_012,5,5
annotation_1363,English_208,annotator_012,4,4
annotation_1364,English_214,annotator_012,1,1
annotation_1365,English_191,annotator_012,5,4
annotation_1366,English_186,annotator_012,2,2
annotation_1367,English_190,annotator_012,2,2
annotation_1368,English_198,annotator_012,5,5
annotation_1369,English_199,annotator_012,2,2
annotation_1370,English_217,annotator_012,5,5
annotation_1371,English_170,annotator_012,5,5
annotation_1372,English_200,annotator_012,5,5
annotation_1373,English_193,annotator_012,4,4
annotation_1374,English_188,annotator_012,1,1
annotation_1375,English_171,annotator_012,4,4
annotation_1376,English_184,annotator_012,1,1
annotation_1377,English_215,annotator_012,4,3
annotation_1378,English_177,annotator_012,5,5
annotation_1379,English_204,annotator_012,2,2
annotation_1380,English_203,annotator_012,5,4
annotation_1381,English_182,annotator_012,1,1
annotation_1382,English_175,annotator_012,5,4
annotation_1383,English_176,annotator_012,5,4
annotation_1384,English_207,annotator_012,2,2
annotation_1385,English_178,annotator_012,1,1
annotation_1386,English_201,annotator_012,5,4
annotation_1387,English_194,annotator_012,1,1
annotation_1388,Spanish_395,annotator_033,5,5
annotation_1389,Spanish_392,annotator_033,5,5
annotation_1390,Spanish_382,annotator_033,5,5
annotation_1391,Spanish_414,annotator_033,3,3
annotation_1392,Spanish_405,annotator_033,3,3
annotation_1393,Spanish_386,annotator_033,5,4
annotation_1394,Spanish_396,annotator_033,5,5
annotation_1395,Spanish_415,annotator_033,4,5
annotation_1396,Spanish_413,annotator_033,3,3
annotation_1397,Spanish_373,annotator_033,3,3
annotation_1398,Spanish_398,annotator_033,4,4
annotation_1399,Spanish_409,annotator_033,4,4
annotation_1400,Spanish_408,annotator_033,5,5
annotation_1401,Spanish_406,annotator_033,5,5
annotation_1402,Spanish_418,annotator_033,5,5
annotation_1403,Spanish_388,annotator_033,3,3
annotation_1404,Spanish_402,annotator_033,3,3
annotation_1405,Spanish_411,annotator_033,5,5
annotation_1406,Spanish_390,annotator_033,4,4
annotation_1407,Spanish_391,annotator_033,5,5
annotation_1408,Spanish_412,annotator_033,5,5
annotation_1409,Spanish_378,annotator_033,3,3
annotation_1410,Spanish_384,annotator_033,5,5
annotation_1411,Spanish_377,annotator_033,2,2
annotation_1412,Spanish_407,annotator_033,5,5
annotation_1413,Spanish_400,annotator_033,5,5
annotation_1414,Spanish_372,annotator_033,4,4
annotation_1415,Spanish_370,annotator_033,5,5
annotation_1416,Spanish_394,annotator_033,5,5
annotation_1417,Spanish_419,annotator_033,5,5
annotation_1418,Spanish_383,annotator_033,5,5
annotation_1419,Spanish_404,annotator_033,5,5
annotation_1420,Spanish_399,annotator_033,5,5
annotation_1421,Spanish_374,annotator_033,5,5
annotation_1422,Spanish_417,annotator_033,4,4
annotation_1423,Spanish_376,annotator_033,5,5
annotation_1424,Spanish_401,annotator_033,3,3
annotation_1425,Spanish_403,annotator_033,4,4
annotation_1426,Spanish_416,annotator_033,4,4
annotation_1427,Spanish_380,annotator_033,4,4
annotation_1428,Spanish_387,annotator_033,5,5
annotation_1429,Spanish_410,annotator_033,3,3
annotation_1430,Spanish_389,annotator_033,2,2
annotation_1431,Spanish_379,annotator_033,1,1
annotation_1432,Spanish_393,annotator_033,5,5
annotation_1433,Spanish_381,annotator_033,5,4
annotation_1434,Spanish_385,annotator_033,2,2
annotation_1435,Spanish_375,annotator_033,5,5
annotation_1436,Spanish_397,annotator_033,5,5
annotation_1437,Spanish_371,annotator_033,5,5
annotation_1438,Spanish_418,annotator_047,5,5
annotation_1439,Spanish_387,annotator_047,5,5
annotation_1440,Spanish_384,annotator_047,5,5
annotation_1441,Spanish_370,annotator_047,5,4
annotation_1442,Spanish_407,annotator_047,5,5
annotation_1443,Spanish_411,annotator_047,5,5
annotation_1444,Spanish_394,annotator_047,5,5
annotation_1445,Spanish_371,annotator_047,5,5
annotation_1446,Spanish_395,annotator_047,5,5
annotation_1447,Spanish_397,annotator_047,5,5
annotation_1448,Spanish_405,annotator_047,5,3
annotation_1449,Spanish_381,annotator_047,5,4
annotation_1450,Spanish_416,annotator_047,5,4
annotation_1451,Spanish_383,annotator_047,5,5
annotation_1452,Spanish_389,annotator_047,4,2
annotation_1453,Spanish_412,annotator_047,5,5
annotation_1454,Spanish_410,annotator_047,4,4
annotation_1455,Spanish_375,annotator_047,5,5
annotation_1456,Spanish_402,annotator_047,4,4
annotation_1457,Spanish_372,annotator_047,5,5
annotation_1458,Spanish_386,annotator_047,5,4
annotation_1459,Spanish_396,annotator_047,5,5
annotation_1460,Spanish_382,annotator_047,5,5
annotation_1461,Spanish_380,annotator_047,5,4
annotation_1462,Spanish_414,annotator_047,5,3
annotation_1463,Spanish_373,annotator_047,2,2
annotation_1464,Spanish_406,annotator_047,5,5
annotation_1465,Spanish_374,annotator_047,5,4
annotation_1466,Spanish_401,annotator_047,4,4
annotation_1467,Spanish_378,annotator_047,5,3
annotation_1468,Spanish_390,annotator_047,5,4
annotation_1469,Spanish_403,annotator_047,5,5
annotation_1470,Spanish_408,annotator_047,5,5
annotation_1471,Spanish_417,annotator_047,4,4
annotation_1472,Spanish_392,annotator_047,5,5
annotation_1473,Spanish_419,annotator_047,5,5
annotation_1474,Spanish_388,annotator_047,5,5
annotation_1475,Spanish_415,annotator_047,4,5
annotation_1476,Spanish_398,annotator_047,4,4
annotation_1477,Spanish_377,annotator_047,4,4
annotation_1478,Spanish_376,annotator_047,5,5
annotation_1479,Spanish_404,annotator_047,5,5
annotation_1480,Spanish_413,annotator_047,4,4
annotation_1481,Spanish_409,annotator_047,5,4
annotation_1482,Spanish_393,annotator_047,5,5
annotation_1483,Spanish_391,annotator_047,5,5
annotation_1484,Spanish_399,annotator_047,5,5
annotation_1485,Spanish_379,annotator_047,5,5
annotation_1486,Spanish_400,annotator_047,5,5
annotation_1487,Spanish_385,annotator_047,2,2
annotation_1488,Russian_223,annotator_029,5,5
annotation_1489,Russian_226,annotator_029,5,5
annotation_1490,Russian_239,annotator_029,1,1
annotation_1491,Russian_224,annotator_029,1,1
annotation_1492,Russian_242,annotator_029,5,5
annotation_1493,Russian_259,annotator_029,5,5
annotation_1494,Russian_244,annotator_029,4,3
annotation_1495,Russian_260,annotator_029,5,4
annotation_1496,Russian_257,annotator_029,4,5
annotation_1497,Russian_269,annotator_029,1,1
annotation_1498,Russian_254,annotator_029,1,1
annotation_1499,Russian_230,annotator_029,3,5
annotation_1500,Russian_225,annotator_029,1,1
annotation_1501,Russian_265,annotator_029,5,3
annotation_1502,Russian_250,annotator_029,3,3
annotation_1503,Russian_266,annotator_029,5,4
annotation_1504,Russian_245,annotator_029,5,3
annotation_1505,Russian_261,annotator_029,5,5
annotation_1506,Russian_246,annotator_029,5,5
annotation_1507,Russian_221,annotator_029,4,4
annotation_1508,Russian_249,annotator_029,5,5
annotation_1509,Russian_232,annotator_029,5,5
annotation_1510,Russian_227,annotator_029,5,5
annotation_1511,Russian_231,annotator_029,5,3
annotation_1512,Russian_253,annotator_029,5,4
annotation_1513,Russian_256,annotator_029,5,5
annotation_1514,Russian_237,annotator_029,1,1
annotation_1515,Russian_228,annotator_029,5,5
annotation_1516,Russian_255,annotator_029,5,5
annotation_1517,Russian_252,annotator_029,5,2
annotation_1518,Russian_238,annotator_029,5,4
annotation_1519,Russian_243,annotator_029,5,5
annotation_1520,Russian_247,annotator_029,4,4
annotation_1521,Russian_240,annotator_029,1,1
annotation_1522,Russian_229,annotator_029,5,5
annotation_1523,Russian_258,annotator_029,5,5
annotation_1524,Russian_268,annotator_029,3,3
annotation_1525,Russian_264,annotator_029,5,5
annotation_1526,Russian_222,annotator_029,5,4
annotation_1527,Russian_262,annotator_029,4,4
annotation_1528,Russian_233,annotator_029,5,2
annotation_1529,Russian_241,annotator_029,5,5
annotation_1530,Russian_267,annotator_029,1,1
annotation_1531,Russian_248,annotator_029,5,2
annotation_1532,Russian_220,annotator_029,1,1
annotation_1533,Russian_263,annotator_029,5,2
annotation_1534,Russian_235,annotator_029,3,3
annotation_1535,Russian_234,annotator_029,5,5
annotation_1536,Russian_251,annotator_029,1,1
annotation_1537,Russian_236,annotator_029,1,1
annotation_1538,Spanish_417,annotator_041,4,4
annotation_1539,Spanish_393,annotator_041,5,5
annotation_1540,Spanish_398,annotator_041,5,5
annotation_1541,Spanish_402,annotator_041,4,4
annotation_1542,Spanish_392,annotator_041,5,5
annotation_1543,Spanish_411,annotator_041,5,5
annotation_1544,Spanish_388,annotator_041,5,5
annotation_1545,Spanish_418,annotator_041,5,5
annotation_1546,Spanish_400,annotator_041,5,5
annotation_1547,Spanish_403,annotator_041,5,5
annotation_1548,Spanish_416,annotator_041,5,4
annotation_1549,Spanish_396,annotator_041,5,5
annotation_1550,Spanish_383,annotator_041,5,5
annotation_1551,Spanish_394,annotator_041,5,5
annotation_1552,Spanish_376,annotator_041,5,5
annotation_1553,Spanish_377,annotator_041,5,4
annotation_1554,Spanish_407,annotator_041,5,5
annotation_1555,Spanish_384,annotator_041,5,5
annotation_1556,Spanish_397,annotator_041,5,5
annotation_1557,Spanish_395,annotator_041,5,5
annotation_1558,Spanish_372,annotator_041,4,4
annotation_1559,Spanish_374,annotator_041,5,5
annotation_1560,Spanish_401,annotator_041,4,3
annotation_1561,Spanish_413,annotator_041,4,4
annotation_1562,Spanish_415,annotator_041,4,5
annotation_1563,Spanish_412,annotator_041,5,5
annotation_1564,Spanish_382,annotator_041,5,5
annotation_1565,Spanish_405,annotator_041,5,4
annotation_1566,Spanish_378,annotator_041,1,1
annotation_1567,Spanish_391,annotator_041,5,5
annotation_1568,Spanish_379,annotator_041,5,5
annotation_1569,Spanish_404,annotator_041,5,5
annotation_1570,Spanish_380,annotator_041,4,4
annotation_1571,Spanish_408,annotator_041,5,5
annotation_1572,Spanish_385,annotator_041,2,2
annotation_1573,Spanish_414,annotator_041,4,3
annotation_1574,Spanish_375,annotator_041,5,5
annotation_1575,Spanish_390,annotator_041,5,4
annotation_1576,Spanish_381,annotator_041,5,4
annotation_1577,Spanish_386,annotator_041,5,4
annotation_1578,Spanish_410,annotator_041,4,4
annotation_1579,Spanish_370,annotator_041,5,4
annotation_1580,Spanish_387,annotator_041,5,5
annotation_1581,Spanish_373,annotator_041,4,4
annotation_1582,Spanish_406,annotator_041,5,5
annotation_1583,Spanish_389,annotator_041,2,2
annotation_1584,Spanish_371,annotator_041,5,5
annotation_1585,Spanish_419,annotator_041,5,5
annotation_1586,Spanish_399,annotator_041,5,5
annotation_1587,Spanish_409,annotator_041,5,5
annotation_1588,Welsh_280,annotator_040,5,5
annotation_1589,Welsh_302,annotator_040,3,2
annotation_1590,Welsh_294,annotator_040,1,1
annotation_1591,Welsh_297,annotator_040,2,2
annotation_1592,Welsh_277,annotator_040,5,2
annotation_1593,Welsh_283,annotator_040,5,4
annotation_1594,Welsh_310,annotator_040,5,5
annotation_1595,Welsh_275,annotator_040,5,5
annotation_1596,Welsh_298,annotator_040,5,4
annotation_1597,Welsh_289,annotator_040,1,1
annotation_1598,Welsh_319,annotator_040,1,1
annotation_1599,Welsh_272,annotator_040,1,1
annotation_1600,Welsh_284,annotator_040,2,2
annotation_1601,Welsh_285,annotator_040,5,5
annotation_1602,Welsh_296,annotator_040,5,4
annotation_1603,Welsh_312,annotator_040,4,2
annotation_1604,Welsh_301,annotator_040,1,1
annotation_1605,Welsh_305,annotator_040,4,5
annotation_1606,Welsh_311,annotator_040,5,5
annotation_1607,Welsh_282,annotator_040,2,2
annotation_1608,Welsh_303,annotator_040,5,5
annotation_1609,Welsh_291,annotator_040,5,5
annotation_1610,Welsh_317,annotator_040,3,2
annotation_1611,Welsh_300,annotator_040,5,5
annotation_1612,Welsh_318,annotator_040,5,5
annotation_1613,Welsh_276,annotator_040,5,5
annotation_1614,Welsh_274,annotator_040,1,1
annotation_1615,Welsh_288,annotator_040,5,5
annotation_1616,Welsh_308,annotator_040,5,5
annotation_1617,Welsh_316,annotator_040,3,2
annotation_1618,Welsh_306,annotator_040,3,3
annotation_1619,Welsh_307,annotator_040,4,5
annotation_1620,Welsh_309,annotator_040,1,1
annotation_1621,Welsh_279,annotator_040,1,1
annotation_1622,Welsh_315,annotator_040,5,5
annotation_1623,Welsh_290,annotator_040,5,5
annotation_1624,Welsh_304,annotator_040,1,1
annotation_1625,Welsh_293,annotator_040,5,5
annotation_1626,Welsh_270,annotator_040,5,5
annotation_1627,Welsh_314,annotator_040,1,1
annotation_1628,Welsh_299,annotator_040,1,1
annotation_1629,Welsh_313,annotator_040,5,5
annotation_1630,Welsh_271,annotator_040,4,4
annotation_1631,Welsh_292,annotator_040,2,4
annotation_1632,Welsh_273,annotator_040,5,5
annotation_1633,Welsh_295,annotator_040,5,5
annotation_1634,Welsh_286,annotator_040,4,4
annotation_1635,Welsh_281,annotator_040,5,5
annotation_1636,Welsh_287,annotator_040,5,2
annotation_1637,Welsh_278,annotator_040,5,4
annotation_1638,Chinese_529,annotator_032,5,5
annotation_1639,Chinese_560,annotator_032,5,4
annotation_1640,Chinese_523,annotator_032,5,4
annotation_1641,Chinese_542,annotator_032,5,4
annotation_1642,Chinese_566,annotator_032,4,2
annotation_1643,Chinese_564,annotator_032,5,4
annotation_1644,Chinese_537,annotator_032,3,5
annotation_1645,Chinese_539,annotator_032,2,2
annotation_1646,Chinese_565,annotator_032,5,4
annotation_1647,Chinese_558,annotator_032,5,5
annotation_1648,Chinese_553,annotator_032,5,5
annotation_1649,Chinese_530,annotator_032,5,5
annotation_1650,Chinese_540,annotator_032,5,4
annotation_1651,Chinese_563,annotator_032,5,5
annotation_1652,Chinese_525,annotator_032,5,5
annotation_1653,Chinese_562,annotator_032,3,2
annotation_1654,Chinese_547,annotator_032,2,2
annotation_1655,Chinese_536,annotator_032,5,3
annotation_1656,Chinese_543,annotator_032,5,4
annotation_1657,Chinese_541,annotator_032,1,1
annotation_1658,Chinese_569,annotator_032,5,5
annotation_1659,Chinese_555,annotator_032,5,4
annotation_1660,Chinese_556,annotator_032,5,2
annotation_1661,Chinese_544,annotator_032,5,5
annotation_1662,Chinese_549,annotator_032,5,5
annotation_1663,Chinese_522,annotator_032,5,5
annotation_1664,Chinese_521,annotator_032,1,1
annotation_1665,Chinese_526,annotator_032,1,1
annotation_1666,Chinese_568,annotator_032,5,5
annotation_1667,Chinese_561,annotator_032,4,4
annotation_1668,Chinese_533,annotator_032,5,5
annotation_1669,Chinese_552,annotator_032,4,5
annotation_1670,Chinese_520,annotator_032,5,4
annotation_1671,Chinese_557,annotator_032,5,5
annotation_1672,Chinese_531,annotator_032,5,4
annotation_1673,Chinese_535,annotator_032,5,4
annotation_1674,Chinese_554,annotator_032,4,5
annotation_1675,Chinese_567,annotator_032,5,4
annotation_1676,Chinese_551,annotator_032,4,4
annotation_1677,Chinese_528,annotator_032,5,5
annotation_1678,Chinese_532,annotator_032,5,2
annotation_1679,Chinese_545,annotator_032,4,4
annotation_1680,Chinese_550,annotator_032,3,3
annotation_1681,Chinese_559,annotator_032,4,3
annotation_1682,Chinese_524,annotator_032,5,4
annotation_1683,Chinese_534,annotator_032,3,5
annotation_1684,Chinese_546,annotator_032,5,2
annotation_1685,Chinese_538,annotator_032,5,4
annotation_1686,Chinese_527,annotator_032,3,2
annotation_1687,Chinese_548,annotator_032,5,3
annotation_1688,English_196,annotator_011,4,4
annotation_1689,English_202,annotator_011,5,5
annotation_1690,English_210,annotator_011,5,5
annotation_1691,English_174,annotator_011,5,5
annotation_1692,English_212,annotator_011,5,4
annotation_1693,English_208,annotator_011,5,5
annotation_1694,English_197,annotator_011,2,2
annotation_1695,English_195,annotator_011,5,1
annotation_1696,English_214,annotator_011,5,5
annotation_1697,English_191,annotator_011,3,4
annotation_1698,English_178,annotator_011,1,1
annotation_1699,English_173,annotator_011,0,3
annotation_1700,English_183,annotator_011,5,5
annotation_1701,English_211,annotator_011,1,1
annotation_1702,English_190,annotator_011,1,1
annotation_1703,English_170,annotator_011,5,5
annotation_1704,English_184,annotator_011,1,1
annotation_1705,English_182,annotator_011,1,1
annotation_1706,English_198,annotator_011,5,5
annotation_1707,English_207,annotator_011,3,2
annotation_1708,English_179,annotator_011,5,5
annotation_1709,English_218,annotator_011,5,4
annotation_1710,English_217,annotator_011,5,5
annotation_1711,English_200,annotator_011,5,5
annotation_1712,English_204,annotator_011,3,2
annotation_1713,English_215,annotator_011,4,3
annotation_1714,English_181,annotator_011,4,4
annotation_1715,English_201,annotator_011,5,4
annotation_1716,English_219,annotator_011,3,2
annotation_1717,English_185,annotator_011,2,2
annotation_1718,English_189,annotator_011,1,1
annotation_1719,English_209,annotator_011,3,3
annotation_1720,English_187,annotator_011,1,1
annotation_1721,English_216,annotator_011,1,1
annotation_1722,English_177,annotator_011,5,5
annotation_1723,English_186,annotator_011,1,1
annotation_1724,English_199,annotator_011,1,1
annotation_1725,English_172,annotator_011,1,1
annotation_1726,English_213,annotator_011,5,4
annotation_1727,English_192,annotator_011,1,1
annotation_1728,English_171,annotator_011,2,2
annotation_1729,English_175,annotator_011,4,4
annotation_1730,English_193,annotator_011,4,3
annotation_1731,English_180,annotator_011,5,5
annotation_1732,English_206,annotator_011,1,1
annotation_1733,English_188,annotator_011,1,1
annotation_1734,English_205,annotator_011,3,3
annotation_1735,English_194,annotator_011,1,1
annotation_1736,English_176,annotator_011,4,4
annotation_1737,English_203,annotator_011,5,4
annotation_1738,Spanish_410,annotator_001,5,4
annotation_1739,Spanish_407,annotator_001,5,5
annotation_1740,Spanish_374,annotator_001,5,5
annotation_1741,Spanish_392,annotator_001,5,5
annotation_1742,Spanish_384,annotator_001,5,5
annotation_1743,Spanish_376,annotator_001,5,5
annotation_1744,Spanish_417,annotator_001,4,4
annotation_1745,Spanish_383,annotator_001,5,5
annotation_1746,Spanish_419,annotator_001,5,5
annotation_1747,Spanish_371,annotator_001,5,5
annotation_1748,Spanish_391,annotator_001,5,5
annotation_1749,Spanish_373,annotator_001,4,4
annotation_1750,Spanish_388,annotator_001,3,3
annotation_1751,Spanish_406,annotator_001,5,5
annotation_1752,Spanish_393,annotator_001,5,4
annotation_1753,Spanish_380,annotator_001,5,4
annotation_1754,Spanish_401,annotator_001,4,4
annotation_1755,Spanish_418,annotator_001,5,5
annotation_1756,Spanish_403,annotator_001,5,5
annotation_1757,Spanish_411,annotator_001,5,5
annotation_1758,Spanish_416,annotator_001,5,4
annotation_1759,Spanish_390,annotator_001,5,4
annotation_1760,Spanish_377,annotator_001,4,4
annotation_1761,Spanish_375,annotator_001,5,5
annotation_1762,Spanish_399,annotator_001,5,5
annotation_1763,Spanish_394,annotator_001,5,5
annotation_1764,Spanish_395,annotator_001,5,4
annotation_1765,Spanish_379,annotator_001,5,5
annotation_1766,Spanish_414,annotator_001,5,3
annotation_1767,Spanish_400,annotator_001,5,5
annotation_1768,Spanish_402,annotator_001,4,4
annotation_1769,Spanish_382,annotator_001,5,5
annotation_1770,Spanish_372,annotator_001,5,5
annotation_1771,Spanish_409,annotator_001,5,4
annotation_1772,Spanish_385,annotator_001,4,3
annotation_1773,Spanish_413,annotator_001,4,4
annotation_1774,Spanish_397,annotator_001,5,5
annotation_1775,Spanish_405,annotator_001,4,4
annotation_1776,Spanish_370,annotator_001,5,5
annotation_1777,Spanish_386,annotator_001,5,4
annotation_1778,Spanish_398,annotator_001,4,4
annotation_1779,Spanish_404,annotator_001,5,5
annotation_1780,Spanish_412,annotator_001,5,5
annotation_1781,Spanish_387,annotator_001,5,5
annotation_1782,Spanish_378,annotator_001,5,3
annotation_1783,Spanish_415,annotator_001,4,5
annotation_1784,Spanish_389,annotator_001,4,4
annotation_1785,Spanish_396,annotator_001,5,5
annotation_1786,Spanish_408,annotator_001,5,5
annotation_1787,Spanish_381,annotator_001,5,4
annotation_1788,Maltese_350,annotator_043,1,1
annotation_1789,Maltese_348,annotator_043,4,4
annotation_1790,Maltese_363,annotator_043,1,1
annotation_1791,Maltese_352,annotator_043,1,1
annotation_1792,Maltese_369,annotator_043,4,4
annotation_1793,Maltese_346,annotator_043,2,2
annotation_1794,Maltese_337,annotator_043,5,5
annotation_1795,Maltese_361,annotator_043,1,1
annotation_1796,Maltese_338,annotator_043,1,1
annotation_1797,Maltese_341,annotator_043,1,1
annotation_1798,Maltese_323,annotator_043,1,1
annotation_1799,Maltese_355,annotator_043,1,1
annotation_1800,Maltese_320,annotator_043,5,5
annotation_1801,Maltese_359,annotator_043,2,2
annotation_1802,Maltese_354,annotator_043,1,1
annotation_1803,Maltese_329,annotator_043,1,1
annotation_1804,Maltese_340,annotator_043,1,1
annotation_1805,Maltese_357,annotator_043,4,4
annotation_1806,Maltese_347,annotator_043,1,1
annotation_1807,Maltese_332,annotator_043,4,4
annotation_1808,Maltese_339,annotator_043,1,1
annotation_1809,Maltese_326,annotator_043,1,1
annotation_1810,Maltese_328,annotator_043,2,2
annotation_1811,Maltese_334,annotator_043,2,2
annotation_1812,Maltese_321,annotator_043,4,4
annotation_1813,Maltese_353,annotator_043,1,1
annotation_1814,Maltese_362,annotator_043,1,1
annotation_1815,Maltese_344,annotator_043,5,5
annotation_1816,Maltese_325,annotator_043,5,5
annotation_1817,Maltese_349,annotator_043,1,1
annotation_1818,Maltese_331,annotator_043,1,1
annotation_1819,Maltese_322,annotator_043,2,2
annotation_1820,Maltese_327,annotator_043,1,1
annotation_1821,Maltese_330,annotator_043,1,1
annotation_1822,Maltese_358,annotator_043,4,4
annotation_1823,Maltese_368,annotator_043,5,5
annotation_1824,Maltese_365,annotator_043,1,1
annotation_1825,Maltese_342,annotator_043,1,1
annotation_1826,Maltese_345,annotator_043,5,5
annotation_1827,Maltese_333,annotator_043,4,4
annotation_1828,Maltese_351,annotator_043,1,1
annotation_1829,Maltese_335,annotator_043,2,2
annotation_1830,Maltese_366,annotator_043,1,1
annotation_1831,Maltese_356,annotator_043,2,2
annotation_1832,Maltese_336,annotator_043,5,5
annotation_1833,Maltese_343,annotator_043,1,1
annotation_1834,Maltese_360,annotator_043,3,3
annotation_1835,Maltese_324,annotator_043,5,5
annotation_1836,Maltese_364,annotator_043,1,1
annotation_1837,Maltese_367,annotator_043,1,1
annotation_1838,English_185,annotator_056,2,2
annotation_1839,English_206,annotator_056,1,1
annotation_1840,English_184,annotator_056,1,1
annotation_1841,English_207,annotator_056,2,2
annotation_1842,English_181,annotator_056,4,4
annotation_1843,English_182,annotator_056,1,1
annotation_1844,English_175,annotator_056,4,4
annotation_1845,English_208,annotator_056,5,4
annotation_1846,English_209,annotator_056,1,1
annotation_1847,English_205,annotator_056,3,3
annotation_1848,English_212,annotator_056,5,4
annotation_1849,English_193,annotator_056,5,5
annotation_1850,English_192,annotator_056,1,1
annotation_1851,English_187,annotator_056,2,2
annotation_1852,English_213,annotator_056,5,4
annotation_1853,English_201,annotator_056,5,4
annotation_1854,English_196,annotator_056,4,4
annotation_1855,English_214,annotator_056,1,1
annotation_1856,English_215,annotator_056,4,4
annotation_1857,English_189,annotator_056,1,1
annotation_1858,English_176,annotator_056,4,4
annotation_1859,English_198,annotator_056,5,5
annotation_1860,English_218,annotator_056,5,4
annotation_1861,English_180,annotator_056,5,5
annotation_1862,English_174,annotator_056,5,5
annotation_1863,English_203,annotator_056,5,4
annotation_1864,English_195,annotator_056,5,4
annotation_1865,English_197,annotator_056,2,2
annotation_1866,English_188,annotator_056,1,1
annotation_1867,English_186,annotator_056,1,1
annotation_1868,English_216,annotator_056,1,1
annotation_1869,English_211,annotator_056,1,1
annotation_1870,English_179,annotator_056,5,5
annotation_1871,English_171,annotator_056,3,3
annotation_1872,English_190,annotator_056,1,1
annotation_1873,English_204,annotator_056,2,2
annotation_1874,English_170,annotator_056,5,5
annotation_1875,English_217,annotator_056,5,5
annotation_1876,English_200,annotator_056,5,5
annotation_1877,English_219,annotator_056,2,2
annotation_1878,English_191,annotator_056,4,5
annotation_1879,English_202,annotator_056,5,5
annotation_1880,English_194,annotator_056,1,1
annotation_1881,English_173,annotator_056,5,3
annotation_1882,English_210,annotator_056,2,2
annotation_1883,English_183,annotator_056,5,5
annotation_1884,English_199,annotator_056,1,1
annotation_1885,English_177,annotator_056,5,5
annotation_1886,English_178,annotator_056,1,1
annotation_1887,English_172,annotator_056,1,1
annotation_1888,Arabic_487,annotator_019,1,1
annotation_1889,Arabic_470,annotator_019,0,4
annotation_1890,Arabic_484,annotator_019,4,5
annotation_1891,Arabic_495,annotator_019,1,1
annotation_1892,Arabic_489,annotator_019,4,4
annotation_1893,Arabic_512,annotator_019,5,5
annotation_1894,Arabic_478,annotator_019,4,4
annotation_1895,Arabic_481,annotator_019,5,5
annotation_1896,Arabic_480,annotator_019,5,5
annotation_1897,Arabic_483,annotator_019,1,1
annotation_1898,Arabic_511,annotator_019,5,5
annotation_1899,Arabic_506,annotator_019,4,4
annotation_1900,Arabic_485,annotator_019,5,4
annotation_1901,Arabic_507,annotator_019,1,1
annotation_1902,Arabic_502,annotator_019,4,2
annotation_1903,Arabic_472,annotator_019,4,5
annotation_1904,Arabic_516,annotator_019,4,4
annotation_1905,Arabic_486,annotator_019,4,4
annotation_1906,Arabic_517,annotator_019,4,3
annotation_1907,Arabic_519,annotator_019,5,5
annotation_1908,Arabic_508,annotator_019,5,5
annotation_1909,Arabic_514,annotator_019,4,4
annotation_1910,Arabic_473,annotator_019,5,2
annotation_1911,Arabic_491,annotator_019,1,1
annotation_1912,Arabic_497,annotator_019,5,5
annotation_1913,Arabic_488,annotator_019,4,4
annotation_1914,Arabic_496,annotator_019,5,5
annotation_1915,Arabic_513,annotator_019,4,3
annotation_1916,Arabic_479,annotator_019,1,1
annotation_1917,Arabic_471,annotator_019,1,1
annotation_1918,Arabic_504,annotator_019,5,5
annotation_1919,Arabic_500,annotator_019,5,4
annotation_1920,Arabic_492,annotator_019,5,5
annotation_1921,Arabic_499,annotator_019,1,1
annotation_1922,Arabic_518,annotator_019,5,4
annotation_1923,Arabic_505,annotator_019,5,4
annotation_1924,Arabic_509,annotator_019,5,5
annotation_1925,Arabic_510,annotator_019,5,5
annotation_1926,Arabic_494,annotator_019,4,3
annotation_1927,Arabic_515,annotator_019,5,5
annotation_1928,Arabic_490,annotator_019,5,3
annotation_1929,Arabic_501,annotator_019,5,5
annotation_1930,Arabic_477,annotator_019,5,4
annotation_1931,Arabic_493,annotator_019,4,3
annotation_1932,Arabic_474,annotator_019,5,4
annotation_1933,Arabic_476,annotator_019,4,4
annotation_1934,Arabic_498,annotator_019,5,4
annotation_1935,Arabic_482,annotator_019,3,3
annotation_1936,Arabic_503,annotator_019,1,1
annotation_1937,Arabic_475,annotator_019,1,1
annotation_1938,Maltese_364,annotator_052,1,1
annotation_1939,Maltese_341,annotator_052,1,1
annotation_1940,Maltese_343,annotator_052,2,2
annotation_1941,Maltese_349,annotator_052,3,4
annotation_1942,Maltese_333,annotator_052,5,5
annotation_1943,Maltese_348,annotator_052,5,5
annotation_1944,Maltese_354,annotator_052,1,1
annotation_1945,Maltese_369,annotator_052,5,4
annotation_1946,Maltese_360,annotator_052,5,4
annotation_1947,Maltese_357,annotator_052,5,4
annotation_1948,Maltese_361,annotator_052,5,5
annotation_1949,Maltese_352,annotator_052,2,2
annotation_1950,Maltese_350,annotator_052,1,1
annotation_1951,Maltese_329,annotator_052,1,1
annotation_1952,Maltese_365,annotator_052,4,4
annotation_1953,Maltese_338,annotator_052,4,4
annotation_1954,Maltese_362,annotator_052,1,1
annotation_1955,Maltese_339,annotator_052,3,2
annotation_1956,Maltese_358,annotator_052,5,5
annotation_1957,Maltese_367,annotator_052,4,4
annotation_1958,Maltese_330,annotator_052,5,5
annotation_1959,Maltese_347,annotator_052,2,2
annotation_1960,Maltese_328,annotator_052,5,3
annotation_1961,Maltese_336,annotator_052,5,5
annotation_1962,Maltese_359,annotator_052,4,2
annotation_1963,Maltese_323,annotator_052,1,1
annotation_1964,Maltese_331,annotator_052,2,2
annotation_1965,Maltese_368,annotator_052,5,5
annotation_1966,Maltese_355,annotator_052,2,2
annotation_1967,Maltese_327,annotator_052,3,2
annotation_1968,Maltese_326,annotator_052,2,2
annotation_1969,Maltese_340,annotator_052,1,1
annotation_1970,Maltese_363,annotator_052,4,4
annotation_1971,Maltese_324,annotator_052,5,5
annotation_1972,Maltese_356,annotator_052,5,4
annotation_1973,Maltese_321,annotator_052,5,4
annotation_1974,Maltese_334,annotator_052,4,2
annotation_1975,Maltese_332,annotator_052,4,2
annotation_1976,Maltese_320,annotator_052,4,5
annotation_1977,Maltese_351,annotator_052,2,2
annotation_1978,Maltese_342,annotator_052,2,2
annotation_1979,Maltese_322,annotator_052,5,2
annotation_1980,Maltese_366,annotator_052,4,2
annotation_1981,Maltese_345,annotator_052,5,5
annotation_1982,Maltese_325,annotator_052,4,5
annotation_1983,Maltese_353,annotator_052,1,1
annotation_1984,Maltese_335,annotator_052,3,2
annotation_1985,Maltese_344,annotator_052,5,5
annotation_1986,Maltese_337,annotator_052,5,5
annotation_1987,Maltese_346,annotator_052,5,2
annotation_1988,Russian_222,annotator_031,4,4
annotation_1989,Russian_264,annotator_031,5,5
annotation_1990,Russian_254,annotator_031,4,4
annotation_1991,Russian_220,annotator_031,1,1
annotation_1992,Russian_261,annotator_031,4,4
annotation_1993,Russian_238,annotator_031,5,5
annotation_1994,Russian_266,annotator_031,5,4
annotation_1995,Russian_258,annotator_031,5,5
annotation_1996,Russian_240,annotator_031,1,1
annotation_1997,Russian_244,annotator_031,3,3
annotation_1998,Russian_257,annotator_031,4,4
annotation_1999,Russian_246,annotator_031,5,5
annotation_2000,Russian_239,annotator_031,3,3
annotation_2001,Russian_227,annotator_031,5,5
annotation_2002,Russian_249,annotator_031,4,5
annotation_2003,Russian_269,annotator_031,1,1
annotation_2004,Russian_265,annotator_031,5,4
annotation_2005,Russian_223,annotator_031,5,5
annotation_2006,Russian_232,annotator_031,5,5
annotation_2007,Russian_230,annotator_031,4,5
annotation_2008,Russian_259,annotator_031,4,4
annotation_2009,Russian_235,annotator_031,3,3
annotation_2010,Russian_247,annotator_031,5,5
annotation_2011,Russian_252,annotator_031,3,3
annotation_2012,Russian_225,annotator_031,2,2
annotation_2013,Russian_255,annotator_031,3,2
annotation_2014,Russian_245,annotator_031,5,4
annotation_2015,Russian_241,annotator_031,5,5
annotation_2016,Russian_262,annotator_031,5,5
annotation_2017,Russian_260,annotator_031,5,5
annotation_2018,Russian_253,annotator_031,5,4
annotation_2019,Russian_234,annotator_031,5,5
annotation_2020,Russian_251,annotator_031,2,2
annotation_2021,Russian_250,annotator_031,2,2
annotation_2022,Russian_224,annotator_031,2,2
annotation_2023,Russian_267,annotator_031,1,1
annotation_2024,Russian_242,annotator_031,5,5
annotation_2025,Russian_243,annotator_031,4,5
annotation_2026,Russian_231,annotator_031,4,4
annotation_2027,Russian_221,annotator_031,2,2
annotation_2028,Russian_226,annotator_031,4,4
annotation_2029,Russian_233,annotator_031,2,5
annotation_2030,Russian_268,annotator_031,3,3
annotation_2031,Russian_236,annotator_031,1,1
annotation_2032,Russian_256,annotator_031,5,5
annotation_2033,Russian_263,annotator_031,5,2
annotation_2034,Russian_228,annotator_031,5,5
annotation_2035,Russian_248,annotator_031,1,1
annotation_2036,Russian_237,annotator_031,1,1
annotation_2037,Russian_229,annotator_031,0,0
annotation_2038,Arabic_471,annotator_054,1,1
annotation_2039,Arabic_504,annotator_054,5,4
annotation_2040,Arabic_492,annotator_054,5,5
annotation_2041,Arabic_516,annotator_054,4,4
annotation_2042,Arabic_511,annotator_054,5,5
annotation_2043,Arabic_473,annotator_054,5,2
annotation_2044,Arabic_496,annotator_054,3,3
annotation_2045,Arabic_499,annotator_054,1,1
annotation_2046,Arabic_476,annotator_054,5,5
annotation_2047,Arabic_501,annotator_054,5,5
annotation_2048,Arabic_497,annotator_054,5,5
annotation_2049,Arabic_487,annotator_054,1,1
annotation_2050,Arabic_503,annotator_054,1,1
annotation_2051,Arabic_481,annotator_054,4,4
annotation_2052,Arabic_508,annotator_054,5,5
annotation_2053,Arabic_513,annotator_054,4,2
annotation_2054,Arabic_512,annotator_054,5,5
annotation_2055,Arabic_489,annotator_054,4,4
annotation_2056,Arabic_488,annotator_054,5,4
annotation_2057,Arabic_484,annotator_054,5,5
annotation_2058,Arabic_472,annotator_054,4,5
annotation_2059,Arabic_502,annotator_054,4,2
annotation_2060,Arabic_482,annotator_054,3,3
annotation_2061,Arabic_507,annotator_054,1,1
annotation_2062,Arabic_518,annotator_054,5,4
annotation_2063,Arabic_509,annotator_054,5,5
annotation_2064,Arabic_486,annotator_054,4,4
annotation_2065,Arabic_514,annotator_054,5,3
annotation_2066,Arabic_506,annotator_054,5,5
annotation_2067,Arabic_519,annotator_054,5,5
annotation_2068,Arabic_515,annotator_054,5,5
annotation_2069,Arabic_483,annotator_054,1,1
annotation_2070,Arabic_491,annotator_054,1,1
annotation_2071,Arabic_480,annotator_054,5,5
annotation_2072,Arabic_477,annotator_054,5,3
annotation_2073,Arabic_498,annotator_054,5,4
annotation_2074,Arabic_485,annotator_054,4,4
annotation_2075,Arabic_478,annotator_054,4,3
annotation_2076,Arabic_474,annotator_054,5,4
annotation_2077,Arabic_479,annotator_054,1,1
annotation_2078,Arabic_470,annotator_054,5,5
annotation_2079,Arabic_517,annotator_054,4,2
annotation_2080,Arabic_493,annotator_054,4,2
annotation_2081,Arabic_500,annotator_054,4,4
annotation_2082,Arabic_510,annotator_054,5,5
annotation_2083,Arabic_475,annotator_054,1,1
annotation_2084,Arabic_490,annotator_054,5,3
annotation_2085,Arabic_494,annotator_054,4,3
annotation_2086,Arabic_495,annotator_054,1,1
annotation_2087,Arabic_505,annotator_054,5,4
annotation_2088,Welsh_270,annotator_042,5,5
annotation_2089,Welsh_307,annotator_042,4,4
annotation_2090,Welsh_318,annotator_042,5,5
annotation_2091,Welsh_279,annotator_042,2,4
annotation_2092,Welsh_286,annotator_042,4,5
annotation_2093,Welsh_310,annotator_042,4,5
annotation_2094,Welsh_303,annotator_042,5,5
annotation_2095,Welsh_316,annotator_042,5,3
annotation_2096,Welsh_297,annotator_042,5,2
annotation_2097,Welsh_314,annotator_042,1,4
annotation_2098,Welsh_305,annotator_042,5,5
annotation_2099,Welsh_293,annotator_042,4,5
annotation_2100,Welsh_276,annotator_042,4,4
annotation_2101,Welsh_281,annotator_042,3,3
annotation_2102,Welsh_296,annotator_042,4,5
annotation_2103,Welsh_288,annotator_042,5,5
annotation_2104,Welsh_301,annotator_042,4,1
annotation_2105,Welsh_302,annotator_042,3,5
annotation_2106,Welsh_278,annotator_042,4,3
annotation_2107,Welsh_317,annotator_042,4,2
annotation_2108,Welsh_300,annotator_042,5,5
annotation_2109,Welsh_277,annotator_042,5,2
annotation_2110,Welsh_287,annotator_042,4,2
annotation_2111,Welsh_315,annotator_042,4,4
annotation_2112,Welsh_273,annotator_042,5,5
annotation_2113,Welsh_282,annotator_042,4,2
annotation_2114,Welsh_292,annotator_042,4,2
annotation_2115,Welsh_280,annotator_042,3,4
annotation_2116,Welsh_271,annotator_042,5,3
annotation_2117,Welsh_295,annotator_042,3,4
annotation_2118,Welsh_294,annotator_042,4,1
annotation_2119,Welsh_290,annotator_042,4,4
annotation_2120,Welsh_298,annotator_042,4,3
annotation_2121,Welsh_285,annotator_042,4,4
annotation_2122,Welsh_291,annotator_042,5,5
annotation_2123,Welsh_311,annotator_042,4,2
annotation_2124,Welsh_304,annotator_042,3,2
annotation_2125,Welsh_319,annotator_042,1,1
annotation_2126,Welsh_275,annotator_042,5,5
annotation_2127,Welsh_313,annotator_042,5,4
annotation_2128,Welsh_306,annotator_042,5,4
annotation_2129,Welsh_312,annotator_042,2,2
annotation_2130,Welsh_274,annotator_042,1,1
annotation_2131,Welsh_299,annotator_042,1,1
annotation_2132,Welsh_284,annotator_042,1,1
annotation_2133,Welsh_309,annotator_042,2,2
annotation_2134,Welsh_272,annotator_042,1,1
annotation_2135,Welsh_283,annotator_042,5,5
annotation_2136,Welsh_308,annotator_042,5,5
annotation_2137,Welsh_289,annotator_042,2,2
annotation_2138,Maltese_323,annotator_060,1,1
annotation_2139,Maltese_334,annotator_060,5,2
annotation_2140,Maltese_356,annotator_060,5,4
annotation_2141,Maltese_330,annotator_060,1,1
annotation_2142,Maltese_327,annotator_060,1,1
annotation_2143,Maltese_344,annotator_060,5,5
annotation_2144,Maltese_342,annotator_060,1,1
annotation_2145,Maltese_338,annotator_060,5,5
annotation_2146,Maltese_337,annotator_060,5,5
annotation_2147,Maltese_365,annotator_060,1,1
annotation_2148,Maltese_336,annotator_060,5,5
annotation_2149,Maltese_333,annotator_060,5,4
annotation_2150,Maltese_355,annotator_060,1,1
annotation_2151,Maltese_358,annotator_060,5,5
annotation_2152,Maltese_369,annotator_060,5,4
annotation_2153,Maltese_320,annotator_060,5,5
annotation_2154,Maltese_343,annotator_060,1,1
annotation_2155,Maltese_332,annotator_060,4,4
annotation_2156,Maltese_357,annotator_060,5,4
annotation_2157,Maltese_346,annotator_060,5,2
annotation_2158,Maltese_352,annotator_060,1,1
annotation_2159,Maltese_368,annotator_060,5,5
annotation_2160,Maltese_361,annotator_060,4,5
annotation_2161,Maltese_350,annotator_060,1,1
annotation_2162,Maltese_322,annotator_060,5,2
annotation_2163,Maltese_326,annotator_060,1,1
annotation_2164,Maltese_348,annotator_060,5,4
annotation_2165,Maltese_349,annotator_060,5,5
annotation_2166,Maltese_345,annotator_060,5,5
annotation_2167,Maltese_341,annotator_060,1,1
annotation_2168,Maltese_362,annotator_060,1,1
annotation_2169,Maltese_340,annotator_060,1,1
annotation_2170,Maltese_353,annotator_060,1,1
annotation_2171,Maltese_351,annotator_060,1,1
annotation_2172,Maltese_325,annotator_060,5,5
annotation_2173,Maltese_360,annotator_060,4,3
annotation_2174,Maltese_331,annotator_060,1,1
annotation_2175,Maltese_354,annotator_060,1,1
annotation_2176,Maltese_347,annotator_060,3,2
annotation_2177,Maltese_364,annotator_060,1,1
annotation_2178,Maltese_366,annotator_060,1,1
annotation_2179,Maltese_363,annotator_060,1,1
annotation_2180,Maltese_321,annotator_060,5,4
annotation_2181,Maltese_324,annotator_060,5,5
annotation_2182,Maltese_367,annotator_060,1,1
annotation_2183,Maltese_328,annotator_060,5,3
annotation_2184,Maltese_359,annotator_060,3,3
annotation_2185,Maltese_339,annotator_060,1,1
annotation_2186,Maltese_335,annotator_060,4,4
annotation_2187,Maltese_329,annotator_060,1,1
annotation_2188,Welsh_319,annotator_037,1,1
annotation_2189,Welsh_286,annotator_037,4,5
annotation_2190,Welsh_293,annotator_037,5,4
annotation_2191,Welsh_317,annotator_037,5,2
annotation_2192,Welsh_283,annotator_037,5,5
annotation_2193,Welsh_275,annotator_037,5,5
annotation_2194,Welsh_270,annotator_037,5,5
annotation_2195,Welsh_281,annotator_037,4,5
annotation_2196,Welsh_295,annotator_037,4,5
annotation_2197,Welsh_280,annotator_037,5,5
annotation_2198,Welsh_316,annotator_037,5,4
annotation_2199,Welsh_296,annotator_037,3,4
annotation_2200,Welsh_289,annotator_037,1,1
annotation_2201,Welsh_284,annotator_037,1,1
annotation_2202,Welsh_299,annotator_037,1,1
annotation_2203,Welsh_313,annotator_037,5,5
annotation_2204,Welsh_272,annotator_037,1,1
annotation_2205,Welsh_298,annotator_037,4,4
annotation_2206,Welsh_302,annotator_037,4,3
annotation_2207,Welsh_273,annotator_037,4,5
annotation_2208,Welsh_314,annotator_037,3,4
annotation_2209,Welsh_301,annotator_037,1,1
annotation_2210,Welsh_310,annotator_037,4,5
annotation_2211,Welsh_307,annotator_037,3,4
annotation_2212,Welsh_277,annotator_037,5,5
annotation_2213,Welsh_288,annotator_037,5,5
annotation_2214,Welsh_291,annotator_037,4,4
annotation_2215,Welsh_308,annotator_037,5,5
annotation_2216,Welsh_300,annotator_037,5,5
annotation_2217,Welsh_282,annotator_037,2,2
annotation_2218,Welsh_276,annotator_037,4,5
annotation_2219,Welsh_290,annotator_037,5,5
annotation_2220,Welsh_305,annotator_037,4,5
annotation_2221,Welsh_318,annotator_037,5,5
annotation_2222,Welsh_303,annotator_037,5,5
annotation_2223,Welsh_292,annotator_037,5,2
annotation_2224,Welsh_306,annotator_037,5,5
annotation_2225,Welsh_271,annotator_037,4,4
annotation_2226,Welsh_304,annotator_037,1,1
annotation_2227,Welsh_285,annotator_037,5,5
annotation_2228,Welsh_309,annotator_037,1,1
annotation_2229,Welsh_279,annotator_037,1,1
annotation_2230,Welsh_297,annotator_037,5,2
annotation_2231,Welsh_312,annotator_037,5,2
annotation_2232,Welsh_278,annotator_037,5,5
annotation_2233,Welsh_294,annotator_037,1,1
annotation_2234,Welsh_287,annotator_037,5,2
annotation_2235,Welsh_315,annotator_037,5,5
annotation_2236,Welsh_311,annotator_037,5,5
annotation_2237,Welsh_274,annotator_037,1,1
annotation_2238,English_217,annotator_034,5,5
annotation_2239,English_188,annotator_034,3,5
annotation_2240,English_210,annotator_034,3,3
annotation_2241,English_206,annotator_034,3,3
annotation_2242,English_198,annotator_034,5,5
annotation_2243,English_185,annotator_034,2,3
annotation_2244,English_179,annotator_034,5,5
annotation_2245,English_189,annotator_034,1,1
annotation_2246,English_191,annotator_034,4,5
annotation_2247,English_184,annotator_034,1,1
annotation_2248,English_183,annotator_034,5,5
annotation_2249,English_173,annotator_034,5,3
annotation_2250,English_203,annotator_034,5,2
annotation_2251,English_180,annotator_034,5,5
annotation_2252,English_218,annotator_034,5,4
annotation_2253,English_219,annotator_034,5,4
annotation_2254,English_194,annotator_034,1,1
annotation_2255,English_176,annotator_034,5,5
annotation_2256,English_187,annotator_034,1,1
annotation_2257,English_174,annotator_034,5,4
annotation_2258,English_215,annotator_034,4,4
annotation_2259,English_214,annotator_034,2,2
annotation_2260,English_204,annotator_034,2,2
annotation_2261,English_181,annotator_034,4,4
annotation_2262,English_170,annotator_034,5,5
annotation_2263,English_209,annotator_034,2,2
annotation_2264,English_186,annotator_034,2,2
annotation_2265,English_195,annotator_034,5,4
annotation_2266,English_190,annotator_034,2,3
annotation_2267,English_171,annotator_034,3,3
annotation_2268,English_200,annotator_034,5,5
annotation_2269,English_207,annotator_034,3,2
annotation_2270,English_213,annotator_034,4,4
annotation_2271,English_202,annotator_034,4,4
annotation_2272,English_175,annotator_034,4,3
annotation_2273,English_196,annotator_034,4,5
annotation_2274,English_193,annotator_034,5,5
annotation_2275,English_172,annotator_034,1,1
annotation_2276,English_192,annotator_034,1,1
annotation_2277,English_208,annotator_034,5,5
annotation_2278,English_177,annotator_034,2,3
annotation_2279,English_199,annotator_034,2,2
annotation_2280,English_197,annotator_034,5,5
annotation_2281,English_182,annotator_034,2,2
annotation_2282,English_205,annotator_034,3,2
annotation_2283,English_201,annotator_034,4,5
annotation_2284,English_211,annotator_034,1,1
annotation_2285,English_216,annotator_034,2,2
annotation_2286,English_178,annotator_034,1,1
annotation_2287,English_212,annotator_034,4,4
annotation_2288,English_51,annotator_063,,
annotation_2289,English_66,annotator_063,,
annotation_2290,English_62,annotator_063,,
annotation_2291,English_67,annotator_063,,
annotation_2292,English_54,annotator_063,,
annotation_2293,English_53,annotator_063,,
annotation_2294,English_59,annotator_063,,
annotation_2295,English_60,annotator_063,,
annotation_2296,English_55,annotator_063,,
annotation_2297,English_65,annotator_063,,
annotation_2298,English_63,annotator_063,,
annotation_2299,English_57,annotator_063,,
annotation_2300,English_52,annotator_063,,
annotation_2301,English_58,annotator_063,,
annotation_2302,English_56,annotator_063,,
annotation_2303,English_61,annotator_063,,
annotation_2304,English_64,annotator_063,,
annotation_2305,English_60,annotator_064,,
annotation_2306,English_65,annotator_064,,
annotation_2307,English_67,annotator_064,,
annotation_2308,English_61,annotator_064,,
annotation_2309,English_64,annotator_064,,
annotation_2310,English_58,annotator_064,,
annotation_2311,English_55,annotator_064,,
annotation_2312,English_62,annotator_064,,
annotation_2313,English_52,annotator_064,,
annotation_2314,English_59,annotator_064,,
annotation_2315,English_51,annotator_064,,
annotation_2316,English_53,annotator_064,,
annotation_2317,English_56,annotator_064,,
annotation_2318,English_57,annotator_064,,
annotation_2319,English_63,annotator_064,,
annotation_2320,English_66,annotator_064,,
annotation_2321,English_54,annotator_064,,
annotation_2322,English_178,annotator_064,,
annotation_2323,English_192,annotator_064,,
annotation_2324,English_196,annotator_064,,
annotation_2325,English_208,annotator_064,,
annotation_2326,English_188,annotator_064,,
annotation_2327,English_195,annotator_064,,
annotation_2328,English_212,annotator_064,,
annotation_2329,English_213,annotator_064,,
annotation_2330,English_219,annotator_064,,
annotation_2331,English_189,annotator_064,,
annotation_2332,English_198,annotator_064,,
annotation_2333,English_206,annotator_064,,
annotation_2334,English_177,annotator_064,,
annotation_2335,English_218,annotator_064,,
annotation_2336,English_173,annotator_064,,
annotation_2337,English_204,annotator_064,,
annotation_2338,English_210,annotator_064,,
annotation_2339,English_175,annotator_064,,
annotation_2340,English_215,annotator_064,,
annotation_2341,English_176,annotator_064,,
annotation_2342,English_191,annotator_064,,
annotation_2343,English_190,annotator_064,,
annotation_2344,English_183,annotator_064,,
annotation_2345,English_171,annotator_064,,
annotation_2346,English_181,annotator_064,,
annotation_2347,English_207,annotator_064,,
annotation_2348,English_193,annotator_064,,
annotation_2349,English_170,annotator_064,,
annotation_2350,English_180,annotator_064,,
annotation_2351,English_217,annotator_064,,
annotation_2352,English_202,annotator_064,,
annotation_2353,English_205,annotator_064,,
annotation_2354,English_194,annotator_064,,
annotation_2355,English_203,annotator_064,,
annotation_2356,English_209,annotator_064,,
annotation_2357,English_172,annotator_064,,
annotation_2358,English_184,annotator_064,,
annotation_2359,English_197,annotator_064,,
annotation_2360,English_216,annotator_064,,
annotation_2361,English_182,annotator_064,,
annotation_2362,English_211,annotator_064,,
annotation_2363,English_179,annotator_064,,
annotation_2364,English_199,annotator_064,,
annotation_2365,English_214,annotator_064,,
annotation_2366,English_185,annotator_064,,
annotation_2367,English_186,annotator_064,,
annotation_2368,English_174,annotator_064,,
annotation_2369,English_201,annotator_064,,
annotation_2370,English_200,annotator_064,,
annotation_2371,English_187,annotator_064,,
