review_id,row_kind,sample_id,error_type,unit_to_review,other_gpt_predictions,candidate_gold_units,reference_text,input_triples,human_decision
G0001,candidate_gold,Id95,incorrect,[S] Cagayancillo [P] fiscal/tax revenue [O] +29733874.50 Philippine peso,,,The revenue from Cagayancillo is +29733874.50 Philippine peso.,"[{""subject"": ""Cagayancillo"", ""property"": ""fiscal/tax revenue"", ""object"": ""+29733874.50 Philippine peso""}]",IGNORE
P0002,gpt_prediction,Id5895,incorrect,[S] St Jude Thaddaeus ( painting by Master Theodoric ) [P] depicts [O] Beard,,[S] St Jude Thaddaeus ( painting by Master Theodoric ) [P] depicts [O] Beard,St Jude Thaddaeus ( painting by Master Theodoric ) depicts St Jude Thaddaeus with a beard.,"[{""subject"": ""St Jude Thaddaeus ( painting by Master Theodoric )"", ""property"": ""depicts"", ""object"": ""Beard""}]",TP
G0003,candidate_gold,Id5895,incorrect,[S] St Jude Thaddaeus ( painting by Master Theodoric ) [P] depicts [O] Beard,incorrect: [S] St Jude Thaddaeus ( painting by Master Theodoric ) [P] depicts [O] Beard,,St Jude Thaddaeus ( painting by Master Theodoric ) depicts St Jude Thaddaeus with a beard.,"[{""subject"": ""St Jude Thaddaeus ( painting by Master Theodoric )"", ""property"": ""depicts"", ""object"": ""Beard""}]",IGNORE
P0004,gpt_prediction,Id901,missing,[S] Gilhac-et-Bruzac [P] shares border with [O] Saint-Laurent-du-Pape,,,Gilhac-et-Bruzac is located in the region of Saint-Laurent-du-Pape.,"[{""subject"": ""Gilhac-et-Bruzac"", ""property"": ""shares border with"", ""object"": ""Saint-Laurent-du-Pape""}]",FP
P0005,gpt_prediction,Id901,extra,[S] Gilhac-et-Bruzac [P] located in the region of [O] Saint-Laurent-du-Pape,,,Gilhac-et-Bruzac is located in the region of Saint-Laurent-du-Pape.,"[{""subject"": ""Gilhac-et-Bruzac"", ""property"": ""shares border with"", ""object"": ""Saint-Laurent-du-Pape""}]",FP
P0006,gpt_prediction,Id901,incorrect,[S] Gilhac-et-Bruzac [P] shares border with [O] Saint-Laurent-du-Pape,,[S] Gilhac-et-Bruzac [P] shares border with [O] Saint-Laurent-du-Pape,Gilhac-et-Bruzac is located in the region of Saint-Laurent-du-Pape.,"[{""subject"": ""Gilhac-et-Bruzac"", ""property"": ""shares border with"", ""object"": ""Saint-Laurent-du-Pape""}]",TP
G0007,candidate_gold,Id901,incorrect,[S] Gilhac-et-Bruzac [P] shares border with [O] Saint-Laurent-du-Pape,missing: [S] Gilhac-et-Bruzac [P] shares border with [O] Saint-Laurent-du-Pape || extra: [S] Gilhac-et-Bruzac [P] located in the region of [O] Saint-Laurent-du-Pape || incorrect: [S] Gilhac-et-Bruzac [P] shares border with [O] Saint-Laurent-du-Pape,,Gilhac-et-Bruzac is located in the region of Saint-Laurent-du-Pape.,"[{""subject"": ""Gilhac-et-Bruzac"", ""property"": ""shares border with"", ""object"": ""Saint-Laurent-du-Pape""}]",IGNORE
P0008,gpt_prediction,Id16853,extra,[S] 2001 -- 02 Pittsburgh Penguins season [P] follows [O] 1999 -- 2000 Pittsburgh Penguins season,,,The 1999-2000 Pittsburgh Penguins season was followed by the 2000-01 and 2001-02 seasons.,"[{""subject"": ""2000 -- 01 Pittsburgh Penguins season"", ""property"": ""follows"", ""object"": ""1999 -- 2000 Pittsburgh Penguins season""}, {""subject"": ""2000 -- 01 Pittsburgh Penguins season"", ""property"": ""followed by"", ""object"": ""2001 -- 02 Pittsburgh Penguins season""}]",TP
P0009,gpt_prediction,Id16853,incorrect,[S] 2000 -- 01 Pittsburgh Penguins season [P] followed by [O] 2001 -- 02 Pittsburgh Penguins season,,,The 1999-2000 Pittsburgh Penguins season was followed by the 2000-01 and 2001-02 seasons.,"[{""subject"": ""2000 -- 01 Pittsburgh Penguins season"", ""property"": ""follows"", ""object"": ""1999 -- 2000 Pittsburgh Penguins season""}, {""subject"": ""2000 -- 01 Pittsburgh Penguins season"", ""property"": ""followed by"", ""object"": ""2001 -- 02 Pittsburgh Penguins season""}]",FP
P0010,gpt_prediction,Id16574,extra,[S] Sydney Pride Centre [P] located in [O] Sydney,,located in Sydney || [S] Sydney Pride Centre [P] location [O] Sydney || Sydney,"The Sydney Pride Centre is located in Sydney, New South Wales, Australia.","[{""subject"": ""Sydney Pride Centre"", ""property"": ""located in the administrative territorial entity"", ""object"": ""New South Wales""}, {""subject"": ""Sydney Pride Centre"", ""property"": ""country"", ""object"": ""Australia""}]",TP
G0011,candidate_gold,Id16574,extra,located in Sydney,extra: [S] Sydney Pride Centre [P] located in [O] Sydney,,"The Sydney Pride Centre is located in Sydney, New South Wales, Australia.","[{""subject"": ""Sydney Pride Centre"", ""property"": ""located in the administrative territorial entity"", ""object"": ""New South Wales""}, {""subject"": ""Sydney Pride Centre"", ""property"": ""country"", ""object"": ""Australia""}]",IGNORE
G0012,candidate_gold,Id16574,extra,[S] Sydney Pride Centre [P] location [O] Sydney,extra: [S] Sydney Pride Centre [P] located in [O] Sydney,,"The Sydney Pride Centre is located in Sydney, New South Wales, Australia.","[{""subject"": ""Sydney Pride Centre"", ""property"": ""located in the administrative territorial entity"", ""object"": ""New South Wales""}, {""subject"": ""Sydney Pride Centre"", ""property"": ""country"", ""object"": ""Australia""}]",IGNORE
G0013,candidate_gold,Id16574,extra,Sydney,extra: [S] Sydney Pride Centre [P] located in [O] Sydney,,"The Sydney Pride Centre is located in Sydney, New South Wales, Australia.","[{""subject"": ""Sydney Pride Centre"", ""property"": ""located in the administrative territorial entity"", ""object"": ""New South Wales""}, {""subject"": ""Sydney Pride Centre"", ""property"": ""country"", ""object"": ""Australia""}]",IGNORE
G0014,candidate_gold,Id17737,extra,[S] Fraser Sweatman [P] competition [O] 1936 Winter Olympics,,,"Fraser Sweatman, who competed in figure skating at the 1936 Winter Olympics, competed in pairs with Audrey Garland.","[{""subject"": ""Fraser Sweatman"", ""property"": ""sport"", ""object"": ""Figure skating""}, {""subject"": ""Fraser Sweatman"", ""property"": ""together with"", ""object"": ""Audrey Garland""}]",FN
G0015,candidate_gold,Id17737,extra,[S] Audrey Garland [P] position [O] Pair skating (team sport),,,"Fraser Sweatman, who competed in figure skating at the 1936 Winter Olympics, competed in pairs with Audrey Garland.","[{""subject"": ""Fraser Sweatman"", ""property"": ""sport"", ""object"": ""Figure skating""}, {""subject"": ""Fraser Sweatman"", ""property"": ""together with"", ""object"": ""Audrey Garland""}]",FN
G0016,candidate_gold,Id17737,extra,[S] Figure skating [P] season [O] Winter Olympics,,,"Fraser Sweatman, who competed in figure skating at the 1936 Winter Olympics, competed in pairs with Audrey Garland.","[{""subject"": ""Fraser Sweatman"", ""property"": ""sport"", ""object"": ""Figure skating""}, {""subject"": ""Fraser Sweatman"", ""property"": ""together with"", ""object"": ""Audrey Garland""}]",IGNORE
G0017,candidate_gold,Id17737,extra,[S] Figure skating [P] sport [O] Pair skating,,,"Fraser Sweatman, who competed in figure skating at the 1936 Winter Olympics, competed in pairs with Audrey Garland.","[{""subject"": ""Fraser Sweatman"", ""property"": ""sport"", ""object"": ""Figure skating""}, {""subject"": ""Fraser Sweatman"", ""property"": ""together with"", ""object"": ""Audrey Garland""}]",IGNORE
G0018,candidate_gold,Id17737,extra,the 1936 Winter Olympics,,,"Fraser Sweatman, who competed in figure skating at the 1936 Winter Olympics, competed in pairs with Audrey Garland.","[{""subject"": ""Fraser Sweatman"", ""property"": ""sport"", ""object"": ""Figure skating""}, {""subject"": ""Fraser Sweatman"", ""property"": ""together with"", ""object"": ""Audrey Garland""}]",IGNORE
G0019,candidate_gold,Id17737,extra,1936 Winter Olympics,,,"Fraser Sweatman, who competed in figure skating at the 1936 Winter Olympics, competed in pairs with Audrey Garland.","[{""subject"": ""Fraser Sweatman"", ""property"": ""sport"", ""object"": ""Figure skating""}, {""subject"": ""Fraser Sweatman"", ""property"": ""together with"", ""object"": ""Audrey Garland""}]",IGNORE
G0020,candidate_gold,Id17737,extra,[S] Audrey Garland [P] occupation [O] Competitor,,,"Fraser Sweatman, who competed in figure skating at the 1936 Winter Olympics, competed in pairs with Audrey Garland.","[{""subject"": ""Fraser Sweatman"", ""property"": ""sport"", ""object"": ""Figure skating""}, {""subject"": ""Fraser Sweatman"", ""property"": ""together with"", ""object"": ""Audrey Garland""}]",IGNORE
G0021,candidate_gold,Id17737,extra,at the 1936,,,"Fraser Sweatman, who competed in figure skating at the 1936 Winter Olympics, competed in pairs with Audrey Garland.","[{""subject"": ""Fraser Sweatman"", ""property"": ""sport"", ""object"": ""Figure skating""}, {""subject"": ""Fraser Sweatman"", ""property"": ""together with"", ""object"": ""Audrey Garland""}]",IGNORE
G0022,candidate_gold,Id17737,extra,[S] Fraser Sweatman [P] event [O] 1936 Winter Olympics,,,"Fraser Sweatman, who competed in figure skating at the 1936 Winter Olympics, competed in pairs with Audrey Garland.","[{""subject"": ""Fraser Sweatman"", ""property"": ""sport"", ""object"": ""Figure skating""}, {""subject"": ""Fraser Sweatman"", ""property"": ""together with"", ""object"": ""Audrey Garland""}]",IGNORE
P0023,gpt_prediction,Id16854,extra,"[S] Blanzac , Haute-Vienne [P] located in same region as [O] Blanzac , Haute-Loire",,,"Blanzac, Haute-Vienne is located in the same region as Blanzac, Haute-Loire, which is shared with Lavoûte-sur-Loire.","[{""subject"": ""Blanzac , Haute-Loire"", ""property"": ""different from"", ""object"": ""Blanzac , Haute-Vienne""}, {""subject"": ""Blanzac , Haute-Loire"", ""property"": ""shares border with"", ""object"": ""Lavoûte-sur-Loire""}]",TP
P0024,gpt_prediction,Id16854,incorrect,"[S] Blanzac , Haute-Loire [P] different from [O] Blanzac , Haute-Vienne",,"[S] Blanzac , Haute-Loire [P] different from [O] Blanzac , Haute-Vienne || [S] Blanzac , Haute-Loire [P] shares border with [O] Lavoûte-sur-Loire","Blanzac, Haute-Vienne is located in the same region as Blanzac, Haute-Loire, which is shared with Lavoûte-sur-Loire.","[{""subject"": ""Blanzac , Haute-Loire"", ""property"": ""different from"", ""object"": ""Blanzac , Haute-Vienne""}, {""subject"": ""Blanzac , Haute-Loire"", ""property"": ""shares border with"", ""object"": ""Lavoûte-sur-Loire""}]",TP
P0025,gpt_prediction,Id16854,incorrect,"[S] Blanzac , Haute-Loire [P] shares border with [O] Lavoûte-sur-Loire",,"[S] Blanzac , Haute-Loire [P] different from [O] Blanzac , Haute-Vienne || [S] Blanzac , Haute-Loire [P] shares border with [O] Lavoûte-sur-Loire","Blanzac, Haute-Vienne is located in the same region as Blanzac, Haute-Loire, which is shared with Lavoûte-sur-Loire.","[{""subject"": ""Blanzac , Haute-Loire"", ""property"": ""different from"", ""object"": ""Blanzac , Haute-Vienne""}, {""subject"": ""Blanzac , Haute-Loire"", ""property"": ""shares border with"", ""object"": ""Lavoûte-sur-Loire""}]",TP
G0026,candidate_gold,Id16854,incorrect,"[S] Blanzac , Haute-Loire [P] different from [O] Blanzac , Haute-Vienne","extra: [S] Blanzac , Haute-Vienne [P] located in same region as [O] Blanzac , Haute-Loire || incorrect: [S] Blanzac , Haute-Loire [P] different from [O] Blanzac , Haute-Vienne || incorrect: [S] Blanzac , Haute-Loire [P] shares border with [O] Lavoûte-sur-Loire",,"Blanzac, Haute-Vienne is located in the same region as Blanzac, Haute-Loire, which is shared with Lavoûte-sur-Loire.","[{""subject"": ""Blanzac , Haute-Loire"", ""property"": ""different from"", ""object"": ""Blanzac , Haute-Vienne""}, {""subject"": ""Blanzac , Haute-Loire"", ""property"": ""shares border with"", ""object"": ""Lavoûte-sur-Loire""}]",IGNORE
G0027,candidate_gold,Id16854,incorrect,"[S] Blanzac , Haute-Loire [P] shares border with [O] Lavoûte-sur-Loire","extra: [S] Blanzac , Haute-Vienne [P] located in same region as [O] Blanzac , Haute-Loire || incorrect: [S] Blanzac , Haute-Loire [P] different from [O] Blanzac , Haute-Vienne || incorrect: [S] Blanzac , Haute-Loire [P] shares border with [O] Lavoûte-sur-Loire",,"Blanzac, Haute-Vienne is located in the same region as Blanzac, Haute-Loire, which is shared with Lavoûte-sur-Loire.","[{""subject"": ""Blanzac , Haute-Loire"", ""property"": ""different from"", ""object"": ""Blanzac , Haute-Vienne""}, {""subject"": ""Blanzac , Haute-Loire"", ""property"": ""shares border with"", ""object"": ""Lavoûte-sur-Loire""}]",IGNORE
P0028,gpt_prediction,Id17851,missing,[S] Jacques Godbout [P] point in time [O] 01 January 1962,,[S] Jacques Godbout [P] point in time [O] 01 January 1962,Jacques Godbout won the Prix France-Québec in 1962.,"[{""subject"": ""Jacques Godbout"", ""property"": ""award received"", ""object"": ""Prix France-Québec""}, {""subject"": ""Jacques Godbout"", ""property"": ""point in time"", ""object"": ""01 January 1962""}]",FP
G0029,candidate_gold,Id17851,incorrect,[S] Jacques Godbout [P] point in time [O] 01 January 1962,missing: [S] Jacques Godbout [P] point in time [O] 01 January 1962,,Jacques Godbout won the Prix France-Québec in 1962.,"[{""subject"": ""Jacques Godbout"", ""property"": ""award received"", ""object"": ""Prix France-Québec""}, {""subject"": ""Jacques Godbout"", ""property"": ""point in time"", ""object"": ""01 January 1962""}]",FN
G0030,candidate_gold,Id17851,missing,[S] Jacques Godbout [P] point in time [O] 01 January 1962,missing: [S] Jacques Godbout [P] point in time [O] 01 January 1962,,Jacques Godbout won the Prix France-Québec in 1962.,"[{""subject"": ""Jacques Godbout"", ""property"": ""award received"", ""object"": ""Prix France-Québec""}, {""subject"": ""Jacques Godbout"", ""property"": ""point in time"", ""object"": ""01 January 1962""}]",IGNORE
P0031,gpt_prediction,Id15918,incorrect,[S] Amanita subjunquillea [P] hymenium type [O] Lamella ( mycology ),,[S] Amanita subjunquillea [P] hymenium type [O] Lamella ( mycology ) || [S] Amanita subjunquillea [P] spore print color [O] White,Amanita subjunquillea is a spore print type of Lamella (mycology) and is white.,"[{""subject"": ""Amanita subjunquillea"", ""property"": ""spore print color"", ""object"": ""White""}, {""subject"": ""Amanita subjunquillea"", ""property"": ""hymenium type"", ""object"": ""Lamella ( mycology )""}]",TP
G0032,candidate_gold,Id15918,incorrect,[S] Amanita subjunquillea [P] hymenium type [O] Lamella ( mycology ),incorrect: [S] Amanita subjunquillea [P] hymenium type [O] Lamella ( mycology ),,Amanita subjunquillea is a spore print type of Lamella (mycology) and is white.,"[{""subject"": ""Amanita subjunquillea"", ""property"": ""spore print color"", ""object"": ""White""}, {""subject"": ""Amanita subjunquillea"", ""property"": ""hymenium type"", ""object"": ""Lamella ( mycology )""}]",IGNORE
G0033,candidate_gold,Id15918,incorrect,[S] Amanita subjunquillea [P] spore print color [O] White,incorrect: [S] Amanita subjunquillea [P] hymenium type [O] Lamella ( mycology ),,Amanita subjunquillea is a spore print type of Lamella (mycology) and is white.,"[{""subject"": ""Amanita subjunquillea"", ""property"": ""spore print color"", ""object"": ""White""}, {""subject"": ""Amanita subjunquillea"", ""property"": ""hymenium type"", ""object"": ""Lamella ( mycology )""}]",IGNORE
P0034,gpt_prediction,Id19290,extra,[S] Hikoneguchi Station [P] towards [O] Kibukawa Station,,,"Hikone-Serikawa Station is located at the end of Hikoneguchi Station, which is in the same direction as Kibukawa Station.","[{""subject"": ""Hikone-Serikawa Station"", ""property"": ""adjacent station"", ""object"": ""Hikoneguchi Station""}, {""subject"": ""Hikone-Serikawa Station"", ""property"": ""towards"", ""object"": ""Kibukawa Station""}]",FP
P0035,gpt_prediction,Id19290,incorrect,[S] Hikone-Serikawa Station [P] adjacent station [O] Hikoneguchi Station,,[S] Hikone-Serikawa Station [P] adjacent station [O] Hikoneguchi Station || [S] Hikone-Serikawa Station [P] towards [O] Hikoneguchi Station || [S] Hikone-Serikawa Station [P] towards [O] Kibukawa Station,"Hikone-Serikawa Station is located at the end of Hikoneguchi Station, which is in the same direction as Kibukawa Station.","[{""subject"": ""Hikone-Serikawa Station"", ""property"": ""adjacent station"", ""object"": ""Hikoneguchi Station""}, {""subject"": ""Hikone-Serikawa Station"", ""property"": ""towards"", ""object"": ""Kibukawa Station""}]",FP
P0036,gpt_prediction,Id19290,incorrect,[S] Hikone-Serikawa Station [P] towards [O] Kibukawa Station,,[S] Hikone-Serikawa Station [P] adjacent station [O] Hikoneguchi Station || [S] Hikone-Serikawa Station [P] towards [O] Hikoneguchi Station || [S] Hikone-Serikawa Station [P] towards [O] Kibukawa Station,"Hikone-Serikawa Station is located at the end of Hikoneguchi Station, which is in the same direction as Kibukawa Station.","[{""subject"": ""Hikone-Serikawa Station"", ""property"": ""adjacent station"", ""object"": ""Hikoneguchi Station""}, {""subject"": ""Hikone-Serikawa Station"", ""property"": ""towards"", ""object"": ""Kibukawa Station""}]",TP
G0037,candidate_gold,Id19290,incorrect,[S] Hikone-Serikawa Station [P] adjacent station [O] Hikoneguchi Station,extra: [S] Hikoneguchi Station [P] towards [O] Kibukawa Station || incorrect: [S] Hikone-Serikawa Station [P] adjacent station [O] Hikoneguchi Station || incorrect: [S] Hikone-Serikawa Station [P] towards [O] Kibukawa Station,,"Hikone-Serikawa Station is located at the end of Hikoneguchi Station, which is in the same direction as Kibukawa Station.","[{""subject"": ""Hikone-Serikawa Station"", ""property"": ""adjacent station"", ""object"": ""Hikoneguchi Station""}, {""subject"": ""Hikone-Serikawa Station"", ""property"": ""towards"", ""object"": ""Kibukawa Station""}]",IGNORE
G0038,candidate_gold,Id19290,incorrect,[S] Hikone-Serikawa Station [P] towards [O] Hikoneguchi Station,extra: [S] Hikoneguchi Station [P] towards [O] Kibukawa Station || incorrect: [S] Hikone-Serikawa Station [P] adjacent station [O] Hikoneguchi Station || incorrect: [S] Hikone-Serikawa Station [P] towards [O] Kibukawa Station,,"Hikone-Serikawa Station is located at the end of Hikoneguchi Station, which is in the same direction as Kibukawa Station.","[{""subject"": ""Hikone-Serikawa Station"", ""property"": ""adjacent station"", ""object"": ""Hikoneguchi Station""}, {""subject"": ""Hikone-Serikawa Station"", ""property"": ""towards"", ""object"": ""Kibukawa Station""}]",IGNORE
G0039,candidate_gold,Id19290,incorrect,[S] Hikone-Serikawa Station [P] towards [O] Kibukawa Station,extra: [S] Hikoneguchi Station [P] towards [O] Kibukawa Station || incorrect: [S] Hikone-Serikawa Station [P] adjacent station [O] Hikoneguchi Station || incorrect: [S] Hikone-Serikawa Station [P] towards [O] Kibukawa Station,,"Hikone-Serikawa Station is located at the end of Hikoneguchi Station, which is in the same direction as Kibukawa Station.","[{""subject"": ""Hikone-Serikawa Station"", ""property"": ""adjacent station"", ""object"": ""Hikoneguchi Station""}, {""subject"": ""Hikone-Serikawa Station"", ""property"": ""towards"", ""object"": ""Kibukawa Station""}]",IGNORE
P0040,gpt_prediction,Id19212,missing,[S] Victor Kraatz [P] competed at [O] 1994 Winter Olympics in ice dance,,,Victor Kraatz is a figure skater and competed at the 1994 Winter Olympics in ice dance together with Shae-Lynn Bourne.,"[{""subject"": ""Victor Kraatz"", ""property"": ""sport"", ""object"": ""Figure skating""}, {""subject"": ""Victor Kraatz"", ""property"": ""together with"", ""object"": ""Shae-Lynn Bourne""}]",FP
G0041,candidate_gold,Id19212,extra,[S] Victor Kraatz [P] competition [O] 1994 Winter Olympics – Ice dance,missing: [S] Victor Kraatz [P] competed at [O] 1994 Winter Olympics in ice dance,,Victor Kraatz is a figure skater and competed at the 1994 Winter Olympics in ice dance together with Shae-Lynn Bourne.,"[{""subject"": ""Victor Kraatz"", ""property"": ""sport"", ""object"": ""Figure skating""}, {""subject"": ""Victor Kraatz"", ""property"": ""together with"", ""object"": ""Shae-Lynn Bourne""}]",FN
G0042,candidate_gold,Id19212,extra,[S] Victor Kraatz [P] event [O] 1994 Winter Olympics,missing: [S] Victor Kraatz [P] competed at [O] 1994 Winter Olympics in ice dance,,Victor Kraatz is a figure skater and competed at the 1994 Winter Olympics in ice dance together with Shae-Lynn Bourne.,"[{""subject"": ""Victor Kraatz"", ""property"": ""sport"", ""object"": ""Figure skating""}, {""subject"": ""Victor Kraatz"", ""property"": ""together with"", ""object"": ""Shae-Lynn Bourne""}]",IGNORE
G0043,candidate_gold,Id19212,extra,ice dance,missing: [S] Victor Kraatz [P] competed at [O] 1994 Winter Olympics in ice dance,,Victor Kraatz is a figure skater and competed at the 1994 Winter Olympics in ice dance together with Shae-Lynn Bourne.,"[{""subject"": ""Victor Kraatz"", ""property"": ""sport"", ""object"": ""Figure skating""}, {""subject"": ""Victor Kraatz"", ""property"": ""together with"", ""object"": ""Shae-Lynn Bourne""}]",FN
G0044,candidate_gold,Id19212,extra,in ice dance,missing: [S] Victor Kraatz [P] competed at [O] 1994 Winter Olympics in ice dance,,Victor Kraatz is a figure skater and competed at the 1994 Winter Olympics in ice dance together with Shae-Lynn Bourne.,"[{""subject"": ""Victor Kraatz"", ""property"": ""sport"", ""object"": ""Figure skating""}, {""subject"": ""Victor Kraatz"", ""property"": ""together with"", ""object"": ""Shae-Lynn Bourne""}]",IGNORE
G0045,candidate_gold,Id19212,extra,[S] Victor Kraatz [P] competition [O] 1994 Winter Olympics,missing: [S] Victor Kraatz [P] competed at [O] 1994 Winter Olympics in ice dance,,Victor Kraatz is a figure skater and competed at the 1994 Winter Olympics in ice dance together with Shae-Lynn Bourne.,"[{""subject"": ""Victor Kraatz"", ""property"": ""sport"", ""object"": ""Figure skating""}, {""subject"": ""Victor Kraatz"", ""property"": ""together with"", ""object"": ""Shae-Lynn Bourne""}]",IGNORE
G0046,candidate_gold,Id19212,extra,[S] Shae-Lynn Bourne [P] partner [O] Victor Kraatz,missing: [S] Victor Kraatz [P] competed at [O] 1994 Winter Olympics in ice dance,,Victor Kraatz is a figure skater and competed at the 1994 Winter Olympics in ice dance together with Shae-Lynn Bourne.,"[{""subject"": ""Victor Kraatz"", ""property"": ""sport"", ""object"": ""Figure skating""}, {""subject"": ""Victor Kraatz"", ""property"": ""together with"", ""object"": ""Shae-Lynn Bourne""}]",IGNORE
G0047,candidate_gold,Id13976,incorrect,[S] Human Nature ( 2001 film ) [P] cast member [O] Rosie Perez,,,Rosie Perez and Robert Forster star in Human Nature which originates from the United States.,"[{""subject"": ""Human Nature ( 2001 film )"", ""property"": ""cast member"", ""object"": ""Rosie Perez""}, {""subject"": ""Human Nature ( 2001 film )"", ""property"": ""country of origin"", ""object"": ""United States""}, {""subject"": ""Human Nature ( 2001 film )"", ""property"": ""cast member"", ""object"": ""Robert Forster""}]",IGNORE
G0048,candidate_gold,Id13976,incorrect,[S] Human Nature ( 2001 film ) [P] cast member [O] Robert Forster,,,Rosie Perez and Robert Forster star in Human Nature which originates from the United States.,"[{""subject"": ""Human Nature ( 2001 film )"", ""property"": ""cast member"", ""object"": ""Rosie Perez""}, {""subject"": ""Human Nature ( 2001 film )"", ""property"": ""country of origin"", ""object"": ""United States""}, {""subject"": ""Human Nature ( 2001 film )"", ""property"": ""cast member"", ""object"": ""Robert Forster""}]",IGNORE
G0049,candidate_gold,Id13976,missing,[S] Human Nature ( 2001 film ) [P] cast member [O] Rosie Perez,,,Rosie Perez and Robert Forster star in Human Nature which originates from the United States.,"[{""subject"": ""Human Nature ( 2001 film )"", ""property"": ""cast member"", ""object"": ""Rosie Perez""}, {""subject"": ""Human Nature ( 2001 film )"", ""property"": ""country of origin"", ""object"": ""United States""}, {""subject"": ""Human Nature ( 2001 film )"", ""property"": ""cast member"", ""object"": ""Robert Forster""}]",IGNORE
P0050,gpt_prediction,Id14340,missing,[S] Arrietty [P] point in time [O] 00  2011,,[S] Arrietty [P] point in time [O] 00  2011,The Japan Academy of Film Prize for Animation of the Year 2011 winner was Hiromasa Yonebayashi. The film Arrietty is about a girl from Japan.,"[{""subject"": ""Arrietty"", ""property"": ""narrative location"", ""object"": ""Japan""}, {""subject"": ""Arrietty"", ""property"": ""winner"", ""object"": ""Hiromasa Yonebayashi""}, {""subject"": ""Arrietty"", ""property"": ""point in time"", ""object"": ""00  2011""}]",TP
P0051,gpt_prediction,Id14340,extra,[S] Japan Academy of Film Prize for Animation of the Year 2011 [P] winner [O] Hiromasa Yonebayashi,,The Japan Academy of Film Prize for Animation of the Year 2011 || The film Arrietty is about a girl from Japan. || about a girl from Japan. || The Japan Academy of Film Prize for Animation || The Japan Academy of Film Prize for Animation of the Year 2011 winner w || Academy of Film Prize for Animation || is about a girl from Japan,The Japan Academy of Film Prize for Animation of the Year 2011 winner was Hiromasa Yonebayashi. The film Arrietty is about a girl from Japan.,"[{""subject"": ""Arrietty"", ""property"": ""narrative location"", ""object"": ""Japan""}, {""subject"": ""Arrietty"", ""property"": ""winner"", ""object"": ""Hiromasa Yonebayashi""}, {""subject"": ""Arrietty"", ""property"": ""point in time"", ""object"": ""00  2011""}]",FP
P0052,gpt_prediction,Id14340,incorrect,[S] Arrietty [P] winner [O] Hiromasa Yonebayashi,,[S] Arrietty [P] narrative location [O] Japan || [S] Arrietty [P] winner [O] Hiromasa Yonebayashi || [S] Arrietty [P] point in time [O] 00  2011,The Japan Academy of Film Prize for Animation of the Year 2011 winner was Hiromasa Yonebayashi. The film Arrietty is about a girl from Japan.,"[{""subject"": ""Arrietty"", ""property"": ""narrative location"", ""object"": ""Japan""}, {""subject"": ""Arrietty"", ""property"": ""winner"", ""object"": ""Hiromasa Yonebayashi""}, {""subject"": ""Arrietty"", ""property"": ""point in time"", ""object"": ""00  2011""}]",FP
G0053,candidate_gold,Id14340,incorrect,[S] Arrietty [P] narrative location [O] Japan,missing: [S] Arrietty [P] point in time [O] 00  2011 || extra: [S] Japan Academy of Film Prize for Animation of the Year 2011 [P] winner [O] Hiromasa Yonebayashi || incorrect: [S] Arrietty [P] winner [O] Hiromasa Yonebayashi,,The Japan Academy of Film Prize for Animation of the Year 2011 winner was Hiromasa Yonebayashi. The film Arrietty is about a girl from Japan.,"[{""subject"": ""Arrietty"", ""property"": ""narrative location"", ""object"": ""Japan""}, {""subject"": ""Arrietty"", ""property"": ""winner"", ""object"": ""Hiromasa Yonebayashi""}, {""subject"": ""Arrietty"", ""property"": ""point in time"", ""object"": ""00  2011""}]",IGNORE
G0054,candidate_gold,Id14340,incorrect,[S] Arrietty [P] winner [O] Hiromasa Yonebayashi,missing: [S] Arrietty [P] point in time [O] 00  2011 || extra: [S] Japan Academy of Film Prize for Animation of the Year 2011 [P] winner [O] Hiromasa Yonebayashi || incorrect: [S] Arrietty [P] winner [O] Hiromasa Yonebayashi,,The Japan Academy of Film Prize for Animation of the Year 2011 winner was Hiromasa Yonebayashi. The film Arrietty is about a girl from Japan.,"[{""subject"": ""Arrietty"", ""property"": ""narrative location"", ""object"": ""Japan""}, {""subject"": ""Arrietty"", ""property"": ""winner"", ""object"": ""Hiromasa Yonebayashi""}, {""subject"": ""Arrietty"", ""property"": ""point in time"", ""object"": ""00  2011""}]",IGNORE
G0055,candidate_gold,Id14340,incorrect,[S] Arrietty [P] point in time [O] 00  2011,missing: [S] Arrietty [P] point in time [O] 00  2011 || extra: [S] Japan Academy of Film Prize for Animation of the Year 2011 [P] winner [O] Hiromasa Yonebayashi || incorrect: [S] Arrietty [P] winner [O] Hiromasa Yonebayashi,,The Japan Academy of Film Prize for Animation of the Year 2011 winner was Hiromasa Yonebayashi. The film Arrietty is about a girl from Japan.,"[{""subject"": ""Arrietty"", ""property"": ""narrative location"", ""object"": ""Japan""}, {""subject"": ""Arrietty"", ""property"": ""winner"", ""object"": ""Hiromasa Yonebayashi""}, {""subject"": ""Arrietty"", ""property"": ""point in time"", ""object"": ""00  2011""}]",IGNORE
G0056,candidate_gold,Id14340,extra,The Japan Academy of Film Prize for Animation of the Year 2011,missing: [S] Arrietty [P] point in time [O] 00  2011 || extra: [S] Japan Academy of Film Prize for Animation of the Year 2011 [P] winner [O] Hiromasa Yonebayashi || incorrect: [S] Arrietty [P] winner [O] Hiromasa Yonebayashi,,The Japan Academy of Film Prize for Animation of the Year 2011 winner was Hiromasa Yonebayashi. The film Arrietty is about a girl from Japan.,"[{""subject"": ""Arrietty"", ""property"": ""narrative location"", ""object"": ""Japan""}, {""subject"": ""Arrietty"", ""property"": ""winner"", ""object"": ""Hiromasa Yonebayashi""}, {""subject"": ""Arrietty"", ""property"": ""point in time"", ""object"": ""00  2011""}]",IGNORE
G0057,candidate_gold,Id14340,extra,The film Arrietty is about a girl from Japan.,missing: [S] Arrietty [P] point in time [O] 00  2011 || extra: [S] Japan Academy of Film Prize for Animation of the Year 2011 [P] winner [O] Hiromasa Yonebayashi || incorrect: [S] Arrietty [P] winner [O] Hiromasa Yonebayashi,,The Japan Academy of Film Prize for Animation of the Year 2011 winner was Hiromasa Yonebayashi. The film Arrietty is about a girl from Japan.,"[{""subject"": ""Arrietty"", ""property"": ""narrative location"", ""object"": ""Japan""}, {""subject"": ""Arrietty"", ""property"": ""winner"", ""object"": ""Hiromasa Yonebayashi""}, {""subject"": ""Arrietty"", ""property"": ""point in time"", ""object"": ""00  2011""}]",IGNORE
G0058,candidate_gold,Id14340,extra,about a girl from Japan.,missing: [S] Arrietty [P] point in time [O] 00  2011 || extra: [S] Japan Academy of Film Prize for Animation of the Year 2011 [P] winner [O] Hiromasa Yonebayashi || incorrect: [S] Arrietty [P] winner [O] Hiromasa Yonebayashi,,The Japan Academy of Film Prize for Animation of the Year 2011 winner was Hiromasa Yonebayashi. The film Arrietty is about a girl from Japan.,"[{""subject"": ""Arrietty"", ""property"": ""narrative location"", ""object"": ""Japan""}, {""subject"": ""Arrietty"", ""property"": ""winner"", ""object"": ""Hiromasa Yonebayashi""}, {""subject"": ""Arrietty"", ""property"": ""point in time"", ""object"": ""00  2011""}]",IGNORE
G0059,candidate_gold,Id14340,extra,The Japan Academy of Film Prize for Animation,missing: [S] Arrietty [P] point in time [O] 00  2011 || extra: [S] Japan Academy of Film Prize for Animation of the Year 2011 [P] winner [O] Hiromasa Yonebayashi || incorrect: [S] Arrietty [P] winner [O] Hiromasa Yonebayashi,,The Japan Academy of Film Prize for Animation of the Year 2011 winner was Hiromasa Yonebayashi. The film Arrietty is about a girl from Japan.,"[{""subject"": ""Arrietty"", ""property"": ""narrative location"", ""object"": ""Japan""}, {""subject"": ""Arrietty"", ""property"": ""winner"", ""object"": ""Hiromasa Yonebayashi""}, {""subject"": ""Arrietty"", ""property"": ""point in time"", ""object"": ""00  2011""}]",IGNORE
G0060,candidate_gold,Id14340,missing,[S] Arrietty [P] point in time [O] 00  2011,missing: [S] Arrietty [P] point in time [O] 00  2011 || extra: [S] Japan Academy of Film Prize for Animation of the Year 2011 [P] winner [O] Hiromasa Yonebayashi || incorrect: [S] Arrietty [P] winner [O] Hiromasa Yonebayashi,,The Japan Academy of Film Prize for Animation of the Year 2011 winner was Hiromasa Yonebayashi. The film Arrietty is about a girl from Japan.,"[{""subject"": ""Arrietty"", ""property"": ""narrative location"", ""object"": ""Japan""}, {""subject"": ""Arrietty"", ""property"": ""winner"", ""object"": ""Hiromasa Yonebayashi""}, {""subject"": ""Arrietty"", ""property"": ""point in time"", ""object"": ""00  2011""}]",IGNORE
G0061,candidate_gold,Id14340,extra,The Japan Academy of Film Prize for Animation of the Year 2011 winner w,missing: [S] Arrietty [P] point in time [O] 00  2011 || extra: [S] Japan Academy of Film Prize for Animation of the Year 2011 [P] winner [O] Hiromasa Yonebayashi || incorrect: [S] Arrietty [P] winner [O] Hiromasa Yonebayashi,,The Japan Academy of Film Prize for Animation of the Year 2011 winner was Hiromasa Yonebayashi. The film Arrietty is about a girl from Japan.,"[{""subject"": ""Arrietty"", ""property"": ""narrative location"", ""object"": ""Japan""}, {""subject"": ""Arrietty"", ""property"": ""winner"", ""object"": ""Hiromasa Yonebayashi""}, {""subject"": ""Arrietty"", ""property"": ""point in time"", ""object"": ""00  2011""}]",IGNORE
G0062,candidate_gold,Id14340,extra,Academy of Film Prize for Animation,missing: [S] Arrietty [P] point in time [O] 00  2011 || extra: [S] Japan Academy of Film Prize for Animation of the Year 2011 [P] winner [O] Hiromasa Yonebayashi || incorrect: [S] Arrietty [P] winner [O] Hiromasa Yonebayashi,,The Japan Academy of Film Prize for Animation of the Year 2011 winner was Hiromasa Yonebayashi. The film Arrietty is about a girl from Japan.,"[{""subject"": ""Arrietty"", ""property"": ""narrative location"", ""object"": ""Japan""}, {""subject"": ""Arrietty"", ""property"": ""winner"", ""object"": ""Hiromasa Yonebayashi""}, {""subject"": ""Arrietty"", ""property"": ""point in time"", ""object"": ""00  2011""}]",IGNORE
G0063,candidate_gold,Id14340,extra,is about a girl from Japan,missing: [S] Arrietty [P] point in time [O] 00  2011 || extra: [S] Japan Academy of Film Prize for Animation of the Year 2011 [P] winner [O] Hiromasa Yonebayashi || incorrect: [S] Arrietty [P] winner [O] Hiromasa Yonebayashi,,The Japan Academy of Film Prize for Animation of the Year 2011 winner was Hiromasa Yonebayashi. The film Arrietty is about a girl from Japan.,"[{""subject"": ""Arrietty"", ""property"": ""narrative location"", ""object"": ""Japan""}, {""subject"": ""Arrietty"", ""property"": ""winner"", ""object"": ""Hiromasa Yonebayashi""}, {""subject"": ""Arrietty"", ""property"": ""point in time"", ""object"": ""00  2011""}]",IGNORE
P0064,gpt_prediction,Id14383,missing,[S] Kristi Addis [P] statement is subject of [O] Miss Teen USA 1987,,,Kristi Addis was Miss Teen USA 1987.,"[{""subject"": ""Kristi Addis"", ""property"": ""victory"", ""object"": ""Miss Teen USA""}, {""subject"": ""Kristi Addis"", ""property"": ""point in time"", ""object"": ""00  1987""}, {""subject"": ""Kristi Addis"", ""property"": ""statement is subject of"", ""object"": ""Miss Teen USA 1987""}]",FP
P0065,gpt_prediction,Id14383,incorrect,[S] Kristi Addis [P] point in time [O] 00 1987,,[S] Kristi Addis [P] statement is subject of [O] Miss Teen USA 1987 || [S] Kristi Addis [P] victory [O] Miss Teen USA || [S] Kristi Addis [P] point in time [O] 00  1987,Kristi Addis was Miss Teen USA 1987.,"[{""subject"": ""Kristi Addis"", ""property"": ""victory"", ""object"": ""Miss Teen USA""}, {""subject"": ""Kristi Addis"", ""property"": ""point in time"", ""object"": ""00  1987""}, {""subject"": ""Kristi Addis"", ""property"": ""statement is subject of"", ""object"": ""Miss Teen USA 1987""}]",FP
G0066,candidate_gold,Id14383,incorrect,[S] Kristi Addis [P] statement is subject of [O] Miss Teen USA 1987,missing: [S] Kristi Addis [P] statement is subject of [O] Miss Teen USA 1987 || incorrect: [S] Kristi Addis [P] point in time [O] 00 1987,,Kristi Addis was Miss Teen USA 1987.,"[{""subject"": ""Kristi Addis"", ""property"": ""victory"", ""object"": ""Miss Teen USA""}, {""subject"": ""Kristi Addis"", ""property"": ""point in time"", ""object"": ""00  1987""}, {""subject"": ""Kristi Addis"", ""property"": ""statement is subject of"", ""object"": ""Miss Teen USA 1987""}]",IGNORE
G0067,candidate_gold,Id14383,incorrect,[S] Kristi Addis [P] victory [O] Miss Teen USA,missing: [S] Kristi Addis [P] statement is subject of [O] Miss Teen USA 1987 || incorrect: [S] Kristi Addis [P] point in time [O] 00 1987,,Kristi Addis was Miss Teen USA 1987.,"[{""subject"": ""Kristi Addis"", ""property"": ""victory"", ""object"": ""Miss Teen USA""}, {""subject"": ""Kristi Addis"", ""property"": ""point in time"", ""object"": ""00  1987""}, {""subject"": ""Kristi Addis"", ""property"": ""statement is subject of"", ""object"": ""Miss Teen USA 1987""}]",IGNORE
G0068,candidate_gold,Id14383,incorrect,[S] Kristi Addis [P] point in time [O] 00  1987,missing: [S] Kristi Addis [P] statement is subject of [O] Miss Teen USA 1987 || incorrect: [S] Kristi Addis [P] point in time [O] 00 1987,,Kristi Addis was Miss Teen USA 1987.,"[{""subject"": ""Kristi Addis"", ""property"": ""victory"", ""object"": ""Miss Teen USA""}, {""subject"": ""Kristi Addis"", ""property"": ""point in time"", ""object"": ""00  1987""}, {""subject"": ""Kristi Addis"", ""property"": ""statement is subject of"", ""object"": ""Miss Teen USA 1987""}]",IGNORE
P0069,gpt_prediction,Id13405,incorrect,[S] Special Reserve Long Service and Good Conduct Medal [P] inception [O] 00 1908,,[S] Special Reserve Long Service and Good Conduct Medal [P] next lower rank [O] Decoration for Officers of the Royal Naval Volunteer Reserve,The Special Reserve Long Service and Good Conduct Medal was created in 1908. It is a medal that is next to the Decoration for Officers of the Royal Naval Volunteer Reserve and below the Efficiency Medal.,"[{""subject"": ""Special Reserve Long Service and Good Conduct Medal"", ""property"": ""inception"", ""object"": ""00  1908""}, {""subject"": ""Special Reserve Long Service and Good Conduct Medal"", ""property"": ""next higher rank"", ""object"": ""Efficiency Medal""}, {""subject"": ""Special Reserve Long Service and Good Conduct Medal"", ""property"": ""next lower rank"", ""object"": ""Decoration for Officers of the Royal Naval Volunteer Reserve""}]",FP
P0070,gpt_prediction,Id13405,incorrect,[S] Special Reserve Long Service and Good Conduct Medal [P] next higher rank [O] Efficiency Medal,,[S] Special Reserve Long Service and Good Conduct Medal [P] next lower rank [O] Decoration for Officers of the Royal Naval Volunteer Reserve,The Special Reserve Long Service and Good Conduct Medal was created in 1908. It is a medal that is next to the Decoration for Officers of the Royal Naval Volunteer Reserve and below the Efficiency Medal.,"[{""subject"": ""Special Reserve Long Service and Good Conduct Medal"", ""property"": ""inception"", ""object"": ""00  1908""}, {""subject"": ""Special Reserve Long Service and Good Conduct Medal"", ""property"": ""next higher rank"", ""object"": ""Efficiency Medal""}, {""subject"": ""Special Reserve Long Service and Good Conduct Medal"", ""property"": ""next lower rank"", ""object"": ""Decoration for Officers of the Royal Naval Volunteer Reserve""}]",FP
P0071,gpt_prediction,Id13405,incorrect,[S] Special Reserve Long Service and Good Conduct Medal [P] next lower rank [O] Decoration for Officers of the Royal Naval Volunteer Reserve,,[S] Special Reserve Long Service and Good Conduct Medal [P] next lower rank [O] Decoration for Officers of the Royal Naval Volunteer Reserve,The Special Reserve Long Service and Good Conduct Medal was created in 1908. It is a medal that is next to the Decoration for Officers of the Royal Naval Volunteer Reserve and below the Efficiency Medal.,"[{""subject"": ""Special Reserve Long Service and Good Conduct Medal"", ""property"": ""inception"", ""object"": ""00  1908""}, {""subject"": ""Special Reserve Long Service and Good Conduct Medal"", ""property"": ""next higher rank"", ""object"": ""Efficiency Medal""}, {""subject"": ""Special Reserve Long Service and Good Conduct Medal"", ""property"": ""next lower rank"", ""object"": ""Decoration for Officers of the Royal Naval Volunteer Reserve""}]",TP
G0072,candidate_gold,Id13405,incorrect,[S] Special Reserve Long Service and Good Conduct Medal [P] next lower rank [O] Decoration for Officers of the Royal Naval Volunteer Reserve,incorrect: [S] Special Reserve Long Service and Good Conduct Medal [P] inception [O] 00 1908 || incorrect: [S] Special Reserve Long Service and Good Conduct Medal [P] next higher rank [O] Efficiency Medal || incorrect: [S] Special Reserve Long Service and Good Conduct Medal [P] next lower rank [O] Decoration for Officers of the Royal Naval Volunteer Reserve,,The Special Reserve Long Service and Good Conduct Medal was created in 1908. It is a medal that is next to the Decoration for Officers of the Royal Naval Volunteer Reserve and below the Efficiency Medal.,"[{""subject"": ""Special Reserve Long Service and Good Conduct Medal"", ""property"": ""inception"", ""object"": ""00  1908""}, {""subject"": ""Special Reserve Long Service and Good Conduct Medal"", ""property"": ""next higher rank"", ""object"": ""Efficiency Medal""}, {""subject"": ""Special Reserve Long Service and Good Conduct Medal"", ""property"": ""next lower rank"", ""object"": ""Decoration for Officers of the Royal Naval Volunteer Reserve""}]",IGNORE
P0073,gpt_prediction,Id13848,missing,[S] Hell Hath No Fury ( film ) [P] distributor [O] NBC,,[S] Hell Hath No Fury ( film ) [P] distributor [O] NBC,The film Hell Hath No Fury was originally broadcast by NBC and is available in English.,"[{""subject"": ""Hell Hath No Fury ( film )"", ""property"": ""distributor"", ""object"": ""NBC""}, {""subject"": ""Hell Hath No Fury ( film )"", ""property"": ""original network"", ""object"": ""NBC""}, {""subject"": ""Hell Hath No Fury ( film )"", ""property"": ""language of work or name"", ""object"": ""English language""}]",TP
G0074,candidate_gold,Id13848,incorrect,[S] Hell Hath No Fury ( film ) [P] distributor [O] NBC,missing: [S] Hell Hath No Fury ( film ) [P] distributor [O] NBC,,The film Hell Hath No Fury was originally broadcast by NBC and is available in English.,"[{""subject"": ""Hell Hath No Fury ( film )"", ""property"": ""distributor"", ""object"": ""NBC""}, {""subject"": ""Hell Hath No Fury ( film )"", ""property"": ""original network"", ""object"": ""NBC""}, {""subject"": ""Hell Hath No Fury ( film )"", ""property"": ""language of work or name"", ""object"": ""English language""}]",IGNORE
G0075,candidate_gold,Id13848,incorrect,[S] Hell Hath No Fury ( film ) [P] language of work or name [O] English language,missing: [S] Hell Hath No Fury ( film ) [P] distributor [O] NBC,,The film Hell Hath No Fury was originally broadcast by NBC and is available in English.,"[{""subject"": ""Hell Hath No Fury ( film )"", ""property"": ""distributor"", ""object"": ""NBC""}, {""subject"": ""Hell Hath No Fury ( film )"", ""property"": ""original network"", ""object"": ""NBC""}, {""subject"": ""Hell Hath No Fury ( film )"", ""property"": ""language of work or name"", ""object"": ""English language""}]",IGNORE
G0076,candidate_gold,Id13848,missing,[S] Hell Hath No Fury ( film ) [P] distributor [O] NBC,missing: [S] Hell Hath No Fury ( film ) [P] distributor [O] NBC,,The film Hell Hath No Fury was originally broadcast by NBC and is available in English.,"[{""subject"": ""Hell Hath No Fury ( film )"", ""property"": ""distributor"", ""object"": ""NBC""}, {""subject"": ""Hell Hath No Fury ( film )"", ""property"": ""original network"", ""object"": ""NBC""}, {""subject"": ""Hell Hath No Fury ( film )"", ""property"": ""language of work or name"", ""object"": ""English language""}]",IGNORE
P0077,gpt_prediction,Id13598,missing,[S] Ille-et-Vilaine [P] main ingredient [O] Cider,,,"Cider is a main ingredient of Ille-et-Vilaine, it is produced there between 1882 and 1883.","[{""subject"": ""Ille-et-Vilaine"", ""property"": ""production statistics"", ""object"": ""Cider""}, {""subject"": ""Ille-et-Vilaine"", ""property"": ""point in time"", ""object"": ""00  1882""}, {""subject"": ""Ille-et-Vilaine"", ""property"": ""point in time"", ""object"": ""00  1883""}]",FP
P0078,gpt_prediction,Id13598,incorrect,[S] Ille-et-Vilaine [P] point in time [O] 00 1882,,[S] Ille-et-Vilaine [P] production statistics [O] Cider || [S] Ille-et-Vilaine [P] point in time [O] 00  1882 || [S] Ille-et-Vilaine [P] point in time [O] 00  1883,"Cider is a main ingredient of Ille-et-Vilaine, it is produced there between 1882 and 1883.","[{""subject"": ""Ille-et-Vilaine"", ""property"": ""production statistics"", ""object"": ""Cider""}, {""subject"": ""Ille-et-Vilaine"", ""property"": ""point in time"", ""object"": ""00  1882""}, {""subject"": ""Ille-et-Vilaine"", ""property"": ""point in time"", ""object"": ""00  1883""}]",FP
P0079,gpt_prediction,Id13598,incorrect,[S] Ille-et-Vilaine [P] point in time [O] 00 1883,,[S] Ille-et-Vilaine [P] production statistics [O] Cider || [S] Ille-et-Vilaine [P] point in time [O] 00  1882 || [S] Ille-et-Vilaine [P] point in time [O] 00  1883,"Cider is a main ingredient of Ille-et-Vilaine, it is produced there between 1882 and 1883.","[{""subject"": ""Ille-et-Vilaine"", ""property"": ""production statistics"", ""object"": ""Cider""}, {""subject"": ""Ille-et-Vilaine"", ""property"": ""point in time"", ""object"": ""00  1882""}, {""subject"": ""Ille-et-Vilaine"", ""property"": ""point in time"", ""object"": ""00  1883""}]",FP
G0080,candidate_gold,Id13598,incorrect,[S] Ille-et-Vilaine [P] production statistics [O] Cider,missing: [S] Ille-et-Vilaine [P] main ingredient [O] Cider || incorrect: [S] Ille-et-Vilaine [P] point in time [O] 00 1882 || incorrect: [S] Ille-et-Vilaine [P] point in time [O] 00 1883,,"Cider is a main ingredient of Ille-et-Vilaine, it is produced there between 1882 and 1883.","[{""subject"": ""Ille-et-Vilaine"", ""property"": ""production statistics"", ""object"": ""Cider""}, {""subject"": ""Ille-et-Vilaine"", ""property"": ""point in time"", ""object"": ""00  1882""}, {""subject"": ""Ille-et-Vilaine"", ""property"": ""point in time"", ""object"": ""00  1883""}]",FN
G0081,candidate_gold,Id13598,incorrect,[S] Ille-et-Vilaine [P] point in time [O] 00  1882,missing: [S] Ille-et-Vilaine [P] main ingredient [O] Cider || incorrect: [S] Ille-et-Vilaine [P] point in time [O] 00 1882 || incorrect: [S] Ille-et-Vilaine [P] point in time [O] 00 1883,,"Cider is a main ingredient of Ille-et-Vilaine, it is produced there between 1882 and 1883.","[{""subject"": ""Ille-et-Vilaine"", ""property"": ""production statistics"", ""object"": ""Cider""}, {""subject"": ""Ille-et-Vilaine"", ""property"": ""point in time"", ""object"": ""00  1882""}, {""subject"": ""Ille-et-Vilaine"", ""property"": ""point in time"", ""object"": ""00  1883""}]",IGNORE
G0082,candidate_gold,Id13598,incorrect,[S] Ille-et-Vilaine [P] point in time [O] 00  1883,missing: [S] Ille-et-Vilaine [P] main ingredient [O] Cider || incorrect: [S] Ille-et-Vilaine [P] point in time [O] 00 1882 || incorrect: [S] Ille-et-Vilaine [P] point in time [O] 00 1883,,"Cider is a main ingredient of Ille-et-Vilaine, it is produced there between 1882 and 1883.","[{""subject"": ""Ille-et-Vilaine"", ""property"": ""production statistics"", ""object"": ""Cider""}, {""subject"": ""Ille-et-Vilaine"", ""property"": ""point in time"", ""object"": ""00  1882""}, {""subject"": ""Ille-et-Vilaine"", ""property"": ""point in time"", ""object"": ""00  1883""}]",IGNORE
G0083,candidate_gold,Id13598,extra,between,missing: [S] Ille-et-Vilaine [P] main ingredient [O] Cider || incorrect: [S] Ille-et-Vilaine [P] point in time [O] 00 1882 || incorrect: [S] Ille-et-Vilaine [P] point in time [O] 00 1883,,"Cider is a main ingredient of Ille-et-Vilaine, it is produced there between 1882 and 1883.","[{""subject"": ""Ille-et-Vilaine"", ""property"": ""production statistics"", ""object"": ""Cider""}, {""subject"": ""Ille-et-Vilaine"", ""property"": ""point in time"", ""object"": ""00  1882""}, {""subject"": ""Ille-et-Vilaine"", ""property"": ""point in time"", ""object"": ""00  1883""}]",IGNORE
G0084,candidate_gold,Id13442,incorrect,[S] 1924 LFF Lyga [P] sports season of league or competition [O] A Lyga,,,"1923 LFF Lyga was the predecessor of A Lyga, the league 1924 LFF Lyga played in. The 1925 LFF Lyga was the next season of A Lyga.","[{""subject"": ""1924 LFF Lyga"", ""property"": ""sports season of league or competition"", ""object"": ""A Lyga""}, {""subject"": ""1924 LFF Lyga"", ""property"": ""follows"", ""object"": ""1923 LFF Lyga""}, {""subject"": ""1924 LFF Lyga"", ""property"": ""followed by"", ""object"": ""1925 LFF Lyga""}]",IGNORE
G0085,candidate_gold,Id13442,incorrect,[S] 1924 LFF Lyga [P] follows [O] 1923 LFF Lyga,,,"1923 LFF Lyga was the predecessor of A Lyga, the league 1924 LFF Lyga played in. The 1925 LFF Lyga was the next season of A Lyga.","[{""subject"": ""1924 LFF Lyga"", ""property"": ""sports season of league or competition"", ""object"": ""A Lyga""}, {""subject"": ""1924 LFF Lyga"", ""property"": ""follows"", ""object"": ""1923 LFF Lyga""}, {""subject"": ""1924 LFF Lyga"", ""property"": ""followed by"", ""object"": ""1925 LFF Lyga""}]",FN
G0086,candidate_gold,Id13442,extra,1923 LFF Lyga was the predecessor of A Lyga,,,"1923 LFF Lyga was the predecessor of A Lyga, the league 1924 LFF Lyga played in. The 1925 LFF Lyga was the next season of A Lyga.","[{""subject"": ""1924 LFF Lyga"", ""property"": ""sports season of league or competition"", ""object"": ""A Lyga""}, {""subject"": ""1924 LFF Lyga"", ""property"": ""follows"", ""object"": ""1923 LFF Lyga""}, {""subject"": ""1924 LFF Lyga"", ""property"": ""followed by"", ""object"": ""1925 LFF Lyga""}]",IGNORE
G0087,candidate_gold,Id13442,incorrect,[S] 1924 LFF Lyga [P] followed by [O] 1925 LFF Lyga,,,"1923 LFF Lyga was the predecessor of A Lyga, the league 1924 LFF Lyga played in. The 1925 LFF Lyga was the next season of A Lyga.","[{""subject"": ""1924 LFF Lyga"", ""property"": ""sports season of league or competition"", ""object"": ""A Lyga""}, {""subject"": ""1924 LFF Lyga"", ""property"": ""follows"", ""object"": ""1923 LFF Lyga""}, {""subject"": ""1924 LFF Lyga"", ""property"": ""followed by"", ""object"": ""1925 LFF Lyga""}]",IGNORE
G0088,candidate_gold,Id14500,incorrect,[S] Tronchy [P] located in the administrative territorial entity [O] Arrondissement of Louhans,,,Tronchy is in the Arrondissement of Louhans and borders Lessard-en-Bresse and Saint-Étienne-en-Bresse.,"[{""subject"": ""Tronchy"", ""property"": ""shares border with"", ""object"": ""Saint-Étienne-en-Bresse""}, {""subject"": ""Tronchy"", ""property"": ""located in the administrative territorial entity"", ""object"": ""Arrondissement of Louhans""}, {""subject"": ""Tronchy"", ""property"": ""shares border with"", ""object"": ""Lessard-en-Bresse""}]",IGNORE
P0089,gpt_prediction,Id20237,missing,[S] Shut Up and Dance : Mixes [P] genre [O] Remix,,[S] Shut Up and Dance : Mixes [P] different from [O] Shut Up and Dance ( duo ) || [S] Shut Up and Dance : Mixes [P] followed by [O] Spellbound ( Paula Abdul album ),Shut Up and Dance: Mixes is a remix of Shut Up and Dance by Paula Abdul. The album is written in English and was followed by Spellbound.,"[{""subject"": ""Shut Up and Dance : Mixes"", ""property"": ""genre"", ""object"": ""Remix""}, {""subject"": ""Shut Up and Dance : Mixes"", ""property"": ""language of work or name"", ""object"": ""English language""}, {""subject"": ""Shut Up and Dance : Mixes"", ""property"": ""different from"", ""object"": ""Shut Up and Dance ( duo )""}, {""subject"": ""Shut Up and Dance : Mixes"", ""property"": ""followed by"", ""object"": ""Spellbound ( Paula Abdul album )""}]",FP
P0090,gpt_prediction,Id20237,missing,[S] Shut Up and Dance : Mixes [P] different from [O] Shut Up and Dance ( duo ),,[S] Shut Up and Dance : Mixes [P] different from [O] Shut Up and Dance ( duo ) || [S] Shut Up and Dance : Mixes [P] followed by [O] Spellbound ( Paula Abdul album ),Shut Up and Dance: Mixes is a remix of Shut Up and Dance by Paula Abdul. The album is written in English and was followed by Spellbound.,"[{""subject"": ""Shut Up and Dance : Mixes"", ""property"": ""genre"", ""object"": ""Remix""}, {""subject"": ""Shut Up and Dance : Mixes"", ""property"": ""language of work or name"", ""object"": ""English language""}, {""subject"": ""Shut Up and Dance : Mixes"", ""property"": ""different from"", ""object"": ""Shut Up and Dance ( duo )""}, {""subject"": ""Shut Up and Dance : Mixes"", ""property"": ""followed by"", ""object"": ""Spellbound ( Paula Abdul album )""}]",TP
P0091,gpt_prediction,Id20237,extra,[S] Shut Up and Dance : Mixes [P] remix of [O] Shut Up and Dance,,by Paula Abdul,Shut Up and Dance: Mixes is a remix of Shut Up and Dance by Paula Abdul. The album is written in English and was followed by Spellbound.,"[{""subject"": ""Shut Up and Dance : Mixes"", ""property"": ""genre"", ""object"": ""Remix""}, {""subject"": ""Shut Up and Dance : Mixes"", ""property"": ""language of work or name"", ""object"": ""English language""}, {""subject"": ""Shut Up and Dance : Mixes"", ""property"": ""different from"", ""object"": ""Shut Up and Dance ( duo )""}, {""subject"": ""Shut Up and Dance : Mixes"", ""property"": ""followed by"", ""object"": ""Spellbound ( Paula Abdul album )""}]",TP
G0092,candidate_gold,Id20237,incorrect,[S] Shut Up and Dance : Mixes [P] language of work or name [O] English language,missing: [S] Shut Up and Dance : Mixes [P] genre [O] Remix || missing: [S] Shut Up and Dance : Mixes [P] different from [O] Shut Up and Dance ( duo ) || extra: [S] Shut Up and Dance : Mixes [P] remix of [O] Shut Up and Dance,,Shut Up and Dance: Mixes is a remix of Shut Up and Dance by Paula Abdul. The album is written in English and was followed by Spellbound.,"[{""subject"": ""Shut Up and Dance : Mixes"", ""property"": ""genre"", ""object"": ""Remix""}, {""subject"": ""Shut Up and Dance : Mixes"", ""property"": ""language of work or name"", ""object"": ""English language""}, {""subject"": ""Shut Up and Dance : Mixes"", ""property"": ""different from"", ""object"": ""Shut Up and Dance ( duo )""}, {""subject"": ""Shut Up and Dance : Mixes"", ""property"": ""followed by"", ""object"": ""Spellbound ( Paula Abdul album )""}]",IGNORE
G0093,candidate_gold,Id20237,missing,[S] Shut Up and Dance : Mixes [P] different from [O] Shut Up and Dance ( duo ),missing: [S] Shut Up and Dance : Mixes [P] genre [O] Remix || missing: [S] Shut Up and Dance : Mixes [P] different from [O] Shut Up and Dance ( duo ) || extra: [S] Shut Up and Dance : Mixes [P] remix of [O] Shut Up and Dance,,Shut Up and Dance: Mixes is a remix of Shut Up and Dance by Paula Abdul. The album is written in English and was followed by Spellbound.,"[{""subject"": ""Shut Up and Dance : Mixes"", ""property"": ""genre"", ""object"": ""Remix""}, {""subject"": ""Shut Up and Dance : Mixes"", ""property"": ""language of work or name"", ""object"": ""English language""}, {""subject"": ""Shut Up and Dance : Mixes"", ""property"": ""different from"", ""object"": ""Shut Up and Dance ( duo )""}, {""subject"": ""Shut Up and Dance : Mixes"", ""property"": ""followed by"", ""object"": ""Spellbound ( Paula Abdul album )""}]",IGNORE
G0094,candidate_gold,Id20237,incorrect,[S] Shut Up and Dance : Mixes [P] different from [O] Shut Up and Dance ( duo ),missing: [S] Shut Up and Dance : Mixes [P] genre [O] Remix || missing: [S] Shut Up and Dance : Mixes [P] different from [O] Shut Up and Dance ( duo ) || extra: [S] Shut Up and Dance : Mixes [P] remix of [O] Shut Up and Dance,,Shut Up and Dance: Mixes is a remix of Shut Up and Dance by Paula Abdul. The album is written in English and was followed by Spellbound.,"[{""subject"": ""Shut Up and Dance : Mixes"", ""property"": ""genre"", ""object"": ""Remix""}, {""subject"": ""Shut Up and Dance : Mixes"", ""property"": ""language of work or name"", ""object"": ""English language""}, {""subject"": ""Shut Up and Dance : Mixes"", ""property"": ""different from"", ""object"": ""Shut Up and Dance ( duo )""}, {""subject"": ""Shut Up and Dance : Mixes"", ""property"": ""followed by"", ""object"": ""Spellbound ( Paula Abdul album )""}]",IGNORE
G0095,candidate_gold,Id20237,incorrect,[S] Shut Up and Dance : Mixes [P] genre [O] Remix,missing: [S] Shut Up and Dance : Mixes [P] genre [O] Remix || missing: [S] Shut Up and Dance : Mixes [P] different from [O] Shut Up and Dance ( duo ) || extra: [S] Shut Up and Dance : Mixes [P] remix of [O] Shut Up and Dance,,Shut Up and Dance: Mixes is a remix of Shut Up and Dance by Paula Abdul. The album is written in English and was followed by Spellbound.,"[{""subject"": ""Shut Up and Dance : Mixes"", ""property"": ""genre"", ""object"": ""Remix""}, {""subject"": ""Shut Up and Dance : Mixes"", ""property"": ""language of work or name"", ""object"": ""English language""}, {""subject"": ""Shut Up and Dance : Mixes"", ""property"": ""different from"", ""object"": ""Shut Up and Dance ( duo )""}, {""subject"": ""Shut Up and Dance : Mixes"", ""property"": ""followed by"", ""object"": ""Spellbound ( Paula Abdul album )""}]",IGNORE
G0096,candidate_gold,Id20237,extra,by Paula Abdul,missing: [S] Shut Up and Dance : Mixes [P] genre [O] Remix || missing: [S] Shut Up and Dance : Mixes [P] different from [O] Shut Up and Dance ( duo ) || extra: [S] Shut Up and Dance : Mixes [P] remix of [O] Shut Up and Dance,,Shut Up and Dance: Mixes is a remix of Shut Up and Dance by Paula Abdul. The album is written in English and was followed by Spellbound.,"[{""subject"": ""Shut Up and Dance : Mixes"", ""property"": ""genre"", ""object"": ""Remix""}, {""subject"": ""Shut Up and Dance : Mixes"", ""property"": ""language of work or name"", ""object"": ""English language""}, {""subject"": ""Shut Up and Dance : Mixes"", ""property"": ""different from"", ""object"": ""Shut Up and Dance ( duo )""}, {""subject"": ""Shut Up and Dance : Mixes"", ""property"": ""followed by"", ""object"": ""Spellbound ( Paula Abdul album )""}]",FN
G0097,candidate_gold,Id20237,missing,[S] Shut Up and Dance : Mixes [P] followed by [O] Spellbound ( Paula Abdul album ),missing: [S] Shut Up and Dance : Mixes [P] genre [O] Remix || missing: [S] Shut Up and Dance : Mixes [P] different from [O] Shut Up and Dance ( duo ) || extra: [S] Shut Up and Dance : Mixes [P] remix of [O] Shut Up and Dance,,Shut Up and Dance: Mixes is a remix of Shut Up and Dance by Paula Abdul. The album is written in English and was followed by Spellbound.,"[{""subject"": ""Shut Up and Dance : Mixes"", ""property"": ""genre"", ""object"": ""Remix""}, {""subject"": ""Shut Up and Dance : Mixes"", ""property"": ""language of work or name"", ""object"": ""English language""}, {""subject"": ""Shut Up and Dance : Mixes"", ""property"": ""different from"", ""object"": ""Shut Up and Dance ( duo )""}, {""subject"": ""Shut Up and Dance : Mixes"", ""property"": ""followed by"", ""object"": ""Spellbound ( Paula Abdul album )""}]",IGNORE
P0098,gpt_prediction,Id20805,incorrect,[S] Golden Delicious [P] followed by [O] Granny Smith,,[S] Golden Delicious [P] followed by [O] Granny Smith || [S] Golden Delicious [P] approved by [O] US Apple Association || [S] Golden Delicious [P] criterion used [O] total produced || [S] Golden Delicious [P] country [O] United States || [S] Granny Smith [P] country [O] United States,"The US Apple Association approved Granny Smith, which is the fruit that preceded the Golden Delicious. The Granny Smith is from the United States and the total production of Granny Smith is the criterion used to determine its quality.","[{""subject"": ""Golden Delicious"", ""property"": ""followed by"", ""object"": ""Granny Smith""}, {""subject"": ""Golden Delicious"", ""property"": ""approved by"", ""object"": ""US Apple Association""}, {""subject"": ""Golden Delicious"", ""property"": ""criterion used"", ""object"": ""total produced""}, {""subject"": ""Golden Delicious"", ""property"": ""country"", ""object"": ""United States""}]",TP
P0099,gpt_prediction,Id20805,incorrect,[S] Golden Delicious [P] approved by [O] US Apple Association,,[S] Golden Delicious [P] followed by [O] Granny Smith || [S] Golden Delicious [P] approved by [O] US Apple Association || [S] Golden Delicious [P] criterion used [O] total produced || [S] Golden Delicious [P] country [O] United States || [S] Granny Smith [P] country [O] United States,"The US Apple Association approved Granny Smith, which is the fruit that preceded the Golden Delicious. The Granny Smith is from the United States and the total production of Granny Smith is the criterion used to determine its quality.","[{""subject"": ""Golden Delicious"", ""property"": ""followed by"", ""object"": ""Granny Smith""}, {""subject"": ""Golden Delicious"", ""property"": ""approved by"", ""object"": ""US Apple Association""}, {""subject"": ""Golden Delicious"", ""property"": ""criterion used"", ""object"": ""total produced""}, {""subject"": ""Golden Delicious"", ""property"": ""country"", ""object"": ""United States""}]",TP
P0100,gpt_prediction,Id20805,incorrect,[S] Golden Delicious [P] criterion used [O] total produced,,[S] Golden Delicious [P] followed by [O] Granny Smith || [S] Golden Delicious [P] approved by [O] US Apple Association || [S] Golden Delicious [P] criterion used [O] total produced || [S] Golden Delicious [P] country [O] United States || [S] Granny Smith [P] country [O] United States,"The US Apple Association approved Granny Smith, which is the fruit that preceded the Golden Delicious. The Granny Smith is from the United States and the total production of Granny Smith is the criterion used to determine its quality.","[{""subject"": ""Golden Delicious"", ""property"": ""followed by"", ""object"": ""Granny Smith""}, {""subject"": ""Golden Delicious"", ""property"": ""approved by"", ""object"": ""US Apple Association""}, {""subject"": ""Golden Delicious"", ""property"": ""criterion used"", ""object"": ""total produced""}, {""subject"": ""Golden Delicious"", ""property"": ""country"", ""object"": ""United States""}]",TP
P0101,gpt_prediction,Id20805,incorrect,[S] Golden Delicious [P] country [O] United States,,[S] Golden Delicious [P] followed by [O] Granny Smith || [S] Golden Delicious [P] approved by [O] US Apple Association || [S] Golden Delicious [P] criterion used [O] total produced || [S] Golden Delicious [P] country [O] United States || [S] Granny Smith [P] country [O] United States,"The US Apple Association approved Granny Smith, which is the fruit that preceded the Golden Delicious. The Granny Smith is from the United States and the total production of Granny Smith is the criterion used to determine its quality.","[{""subject"": ""Golden Delicious"", ""property"": ""followed by"", ""object"": ""Granny Smith""}, {""subject"": ""Golden Delicious"", ""property"": ""approved by"", ""object"": ""US Apple Association""}, {""subject"": ""Golden Delicious"", ""property"": ""criterion used"", ""object"": ""total produced""}, {""subject"": ""Golden Delicious"", ""property"": ""country"", ""object"": ""United States""}]",TP
G0102,candidate_gold,Id20805,extra,[S] Granny Smith [P] country [O] United States,incorrect: [S] Golden Delicious [P] followed by [O] Granny Smith || incorrect: [S] Golden Delicious [P] approved by [O] US Apple Association || incorrect: [S] Golden Delicious [P] criterion used [O] total produced || incorrect: [S] Golden Delicious [P] country [O] United States,,"The US Apple Association approved Granny Smith, which is the fruit that preceded the Golden Delicious. The Granny Smith is from the United States and the total production of Granny Smith is the criterion used to determine its quality.","[{""subject"": ""Golden Delicious"", ""property"": ""followed by"", ""object"": ""Granny Smith""}, {""subject"": ""Golden Delicious"", ""property"": ""approved by"", ""object"": ""US Apple Association""}, {""subject"": ""Golden Delicious"", ""property"": ""criterion used"", ""object"": ""total produced""}, {""subject"": ""Golden Delicious"", ""property"": ""country"", ""object"": ""United States""}]",IGNORE
G0103,candidate_gold,Id20805,incorrect,[S] Golden Delicious [P] followed by [O] Granny Smith,incorrect: [S] Golden Delicious [P] followed by [O] Granny Smith || incorrect: [S] Golden Delicious [P] approved by [O] US Apple Association || incorrect: [S] Golden Delicious [P] criterion used [O] total produced || incorrect: [S] Golden Delicious [P] country [O] United States,,"The US Apple Association approved Granny Smith, which is the fruit that preceded the Golden Delicious. The Granny Smith is from the United States and the total production of Granny Smith is the criterion used to determine its quality.","[{""subject"": ""Golden Delicious"", ""property"": ""followed by"", ""object"": ""Granny Smith""}, {""subject"": ""Golden Delicious"", ""property"": ""approved by"", ""object"": ""US Apple Association""}, {""subject"": ""Golden Delicious"", ""property"": ""criterion used"", ""object"": ""total produced""}, {""subject"": ""Golden Delicious"", ""property"": ""country"", ""object"": ""United States""}]",IGNORE
G0104,candidate_gold,Id20805,missing,[S] Golden Delicious [P] approved by [O] US Apple Association,incorrect: [S] Golden Delicious [P] followed by [O] Granny Smith || incorrect: [S] Golden Delicious [P] approved by [O] US Apple Association || incorrect: [S] Golden Delicious [P] criterion used [O] total produced || incorrect: [S] Golden Delicious [P] country [O] United States,,"The US Apple Association approved Granny Smith, which is the fruit that preceded the Golden Delicious. The Granny Smith is from the United States and the total production of Granny Smith is the criterion used to determine its quality.","[{""subject"": ""Golden Delicious"", ""property"": ""followed by"", ""object"": ""Granny Smith""}, {""subject"": ""Golden Delicious"", ""property"": ""approved by"", ""object"": ""US Apple Association""}, {""subject"": ""Golden Delicious"", ""property"": ""criterion used"", ""object"": ""total produced""}, {""subject"": ""Golden Delicious"", ""property"": ""country"", ""object"": ""United States""}]",IGNORE
G0105,candidate_gold,Id20805,incorrect,[S] Golden Delicious [P] approved by [O] US Apple Association,incorrect: [S] Golden Delicious [P] followed by [O] Granny Smith || incorrect: [S] Golden Delicious [P] approved by [O] US Apple Association || incorrect: [S] Golden Delicious [P] criterion used [O] total produced || incorrect: [S] Golden Delicious [P] country [O] United States,,"The US Apple Association approved Granny Smith, which is the fruit that preceded the Golden Delicious. The Granny Smith is from the United States and the total production of Granny Smith is the criterion used to determine its quality.","[{""subject"": ""Golden Delicious"", ""property"": ""followed by"", ""object"": ""Granny Smith""}, {""subject"": ""Golden Delicious"", ""property"": ""approved by"", ""object"": ""US Apple Association""}, {""subject"": ""Golden Delicious"", ""property"": ""criterion used"", ""object"": ""total produced""}, {""subject"": ""Golden Delicious"", ""property"": ""country"", ""object"": ""United States""}]",IGNORE
G0106,candidate_gold,Id20805,incorrect,[S] Golden Delicious [P] criterion used [O] total produced,incorrect: [S] Golden Delicious [P] followed by [O] Granny Smith || incorrect: [S] Golden Delicious [P] approved by [O] US Apple Association || incorrect: [S] Golden Delicious [P] criterion used [O] total produced || incorrect: [S] Golden Delicious [P] country [O] United States,,"The US Apple Association approved Granny Smith, which is the fruit that preceded the Golden Delicious. The Granny Smith is from the United States and the total production of Granny Smith is the criterion used to determine its quality.","[{""subject"": ""Golden Delicious"", ""property"": ""followed by"", ""object"": ""Granny Smith""}, {""subject"": ""Golden Delicious"", ""property"": ""approved by"", ""object"": ""US Apple Association""}, {""subject"": ""Golden Delicious"", ""property"": ""criterion used"", ""object"": ""total produced""}, {""subject"": ""Golden Delicious"", ""property"": ""country"", ""object"": ""United States""}]",IGNORE
G0107,candidate_gold,Id20805,missing,[S] Golden Delicious [P] country [O] United States,incorrect: [S] Golden Delicious [P] followed by [O] Granny Smith || incorrect: [S] Golden Delicious [P] approved by [O] US Apple Association || incorrect: [S] Golden Delicious [P] criterion used [O] total produced || incorrect: [S] Golden Delicious [P] country [O] United States,,"The US Apple Association approved Granny Smith, which is the fruit that preceded the Golden Delicious. The Granny Smith is from the United States and the total production of Granny Smith is the criterion used to determine its quality.","[{""subject"": ""Golden Delicious"", ""property"": ""followed by"", ""object"": ""Granny Smith""}, {""subject"": ""Golden Delicious"", ""property"": ""approved by"", ""object"": ""US Apple Association""}, {""subject"": ""Golden Delicious"", ""property"": ""criterion used"", ""object"": ""total produced""}, {""subject"": ""Golden Delicious"", ""property"": ""country"", ""object"": ""United States""}]",IGNORE
G0108,candidate_gold,Id20805,incorrect,[S] Golden Delicious [P] country [O] United States,incorrect: [S] Golden Delicious [P] followed by [O] Granny Smith || incorrect: [S] Golden Delicious [P] approved by [O] US Apple Association || incorrect: [S] Golden Delicious [P] criterion used [O] total produced || incorrect: [S] Golden Delicious [P] country [O] United States,,"The US Apple Association approved Granny Smith, which is the fruit that preceded the Golden Delicious. The Granny Smith is from the United States and the total production of Granny Smith is the criterion used to determine its quality.","[{""subject"": ""Golden Delicious"", ""property"": ""followed by"", ""object"": ""Granny Smith""}, {""subject"": ""Golden Delicious"", ""property"": ""approved by"", ""object"": ""US Apple Association""}, {""subject"": ""Golden Delicious"", ""property"": ""criterion used"", ""object"": ""total produced""}, {""subject"": ""Golden Delicious"", ""property"": ""country"", ""object"": ""United States""}]",IGNORE
G0109,candidate_gold,Id20805,incorrect,[S] Granny Smith [P] country [O] United States,incorrect: [S] Golden Delicious [P] followed by [O] Granny Smith || incorrect: [S] Golden Delicious [P] approved by [O] US Apple Association || incorrect: [S] Golden Delicious [P] criterion used [O] total produced || incorrect: [S] Golden Delicious [P] country [O] United States,,"The US Apple Association approved Granny Smith, which is the fruit that preceded the Golden Delicious. The Granny Smith is from the United States and the total production of Granny Smith is the criterion used to determine its quality.","[{""subject"": ""Golden Delicious"", ""property"": ""followed by"", ""object"": ""Granny Smith""}, {""subject"": ""Golden Delicious"", ""property"": ""approved by"", ""object"": ""US Apple Association""}, {""subject"": ""Golden Delicious"", ""property"": ""criterion used"", ""object"": ""total produced""}, {""subject"": ""Golden Delicious"", ""property"": ""country"", ""object"": ""United States""}]",IGNORE
P0110,gpt_prediction,Id20038,missing,[S] Fire on the Water [P] characters [O] Lone Wolf,,[S] Fire on the Water [P] characters [O] Lone Wolf,Berkley Books published Fire on the Water which is written in English. It is part of the series of Lone Wolf (gamebooks).,"[{""subject"": ""Fire on the Water"", ""property"": ""characters"", ""object"": ""Lone Wolf""}, {""subject"": ""Fire on the Water"", ""property"": ""part of the series"", ""object"": ""Lone Wolf ( gamebooks )""}, {""subject"": ""Fire on the Water"", ""property"": ""publisher"", ""object"": ""Berkley Books""}, {""subject"": ""Fire on the Water"", ""property"": ""language of work or name"", ""object"": ""English language""}]",TP
G0111,candidate_gold,Id20038,incorrect,[S] Fire on the Water [P] characters [O] Lone Wolf,missing: [S] Fire on the Water [P] characters [O] Lone Wolf,,Berkley Books published Fire on the Water which is written in English. It is part of the series of Lone Wolf (gamebooks).,"[{""subject"": ""Fire on the Water"", ""property"": ""characters"", ""object"": ""Lone Wolf""}, {""subject"": ""Fire on the Water"", ""property"": ""part of the series"", ""object"": ""Lone Wolf ( gamebooks )""}, {""subject"": ""Fire on the Water"", ""property"": ""publisher"", ""object"": ""Berkley Books""}, {""subject"": ""Fire on the Water"", ""property"": ""language of work or name"", ""object"": ""English language""}]",IGNORE
G0112,candidate_gold,Id20038,missing,[S] Fire on the Water [P] characters [O] Lone Wolf,missing: [S] Fire on the Water [P] characters [O] Lone Wolf,,Berkley Books published Fire on the Water which is written in English. It is part of the series of Lone Wolf (gamebooks).,"[{""subject"": ""Fire on the Water"", ""property"": ""characters"", ""object"": ""Lone Wolf""}, {""subject"": ""Fire on the Water"", ""property"": ""part of the series"", ""object"": ""Lone Wolf ( gamebooks )""}, {""subject"": ""Fire on the Water"", ""property"": ""publisher"", ""object"": ""Berkley Books""}, {""subject"": ""Fire on the Water"", ""property"": ""language of work or name"", ""object"": ""English language""}]",IGNORE
P0113,gpt_prediction,Id21051,missing,[S] Road Runner ( video game ) [P] platform [O] Commodore 64,,,"The Atari 2600, Amstrad CPC and Commodore 64 are all platforms for the video game called Road Runner. The latter of which uses the joystick as an input device. The game is distributed via ROM cartridge.","[{""subject"": ""Road Runner ( video game )"", ""property"": ""input method"", ""object"": ""Joystick""}, {""subject"": ""Road Runner ( video game )"", ""property"": ""platform"", ""object"": ""Atari 2600""}, {""subject"": ""Road Runner ( video game )"", ""property"": ""distribution format"", ""object"": ""ROM cartridge""}, {""subject"": ""Road Runner ( video game )"", ""property"": ""platform"", ""object"": ""Amstrad CPC""}]",FP
P0114,gpt_prediction,Id21051,incorrect,[S] Road Runner ( video game ) [P] input method [O] Joystick,,,"The Atari 2600, Amstrad CPC and Commodore 64 are all platforms for the video game called Road Runner. The latter of which uses the joystick as an input device. The game is distributed via ROM cartridge.","[{""subject"": ""Road Runner ( video game )"", ""property"": ""input method"", ""object"": ""Joystick""}, {""subject"": ""Road Runner ( video game )"", ""property"": ""platform"", ""object"": ""Atari 2600""}, {""subject"": ""Road Runner ( video game )"", ""property"": ""distribution format"", ""object"": ""ROM cartridge""}, {""subject"": ""Road Runner ( video game )"", ""property"": ""platform"", ""object"": ""Amstrad CPC""}]",TP
G0115,candidate_gold,Id21051,extra,[S] Road Runner (video game) [P] platform [O] Commodore 64,missing: [S] Road Runner ( video game ) [P] platform [O] Commodore 64 || incorrect: [S] Road Runner ( video game ) [P] input method [O] Joystick,,"The Atari 2600, Amstrad CPC and Commodore 64 are all platforms for the video game called Road Runner. The latter of which uses the joystick as an input device. The game is distributed via ROM cartridge.","[{""subject"": ""Road Runner ( video game )"", ""property"": ""input method"", ""object"": ""Joystick""}, {""subject"": ""Road Runner ( video game )"", ""property"": ""platform"", ""object"": ""Atari 2600""}, {""subject"": ""Road Runner ( video game )"", ""property"": ""distribution format"", ""object"": ""ROM cartridge""}, {""subject"": ""Road Runner ( video game )"", ""property"": ""platform"", ""object"": ""Amstrad CPC""}]",FN
G0116,candidate_gold,Id21051,extra,[S] Commodore 64 [P] video game [O] Road Runner (video game),missing: [S] Road Runner ( video game ) [P] platform [O] Commodore 64 || incorrect: [S] Road Runner ( video game ) [P] input method [O] Joystick,,"The Atari 2600, Amstrad CPC and Commodore 64 are all platforms for the video game called Road Runner. The latter of which uses the joystick as an input device. The game is distributed via ROM cartridge.","[{""subject"": ""Road Runner ( video game )"", ""property"": ""input method"", ""object"": ""Joystick""}, {""subject"": ""Road Runner ( video game )"", ""property"": ""platform"", ""object"": ""Atari 2600""}, {""subject"": ""Road Runner ( video game )"", ""property"": ""distribution format"", ""object"": ""ROM cartridge""}, {""subject"": ""Road Runner ( video game )"", ""property"": ""platform"", ""object"": ""Amstrad CPC""}]",IGNORE
G0117,candidate_gold,Id21051,extra,[S] Road Runner ( video game ) [P] platform [O] Commodore 64,missing: [S] Road Runner ( video game ) [P] platform [O] Commodore 64 || incorrect: [S] Road Runner ( video game ) [P] input method [O] Joystick,,"The Atari 2600, Amstrad CPC and Commodore 64 are all platforms for the video game called Road Runner. The latter of which uses the joystick as an input device. The game is distributed via ROM cartridge.","[{""subject"": ""Road Runner ( video game )"", ""property"": ""input method"", ""object"": ""Joystick""}, {""subject"": ""Road Runner ( video game )"", ""property"": ""platform"", ""object"": ""Atari 2600""}, {""subject"": ""Road Runner ( video game )"", ""property"": ""distribution format"", ""object"": ""ROM cartridge""}, {""subject"": ""Road Runner ( video game )"", ""property"": ""platform"", ""object"": ""Amstrad CPC""}]",IGNORE
G0118,candidate_gold,Id21051,extra,[S] Road Runner ( video game ) [P] system [O] Commodore 64,missing: [S] Road Runner ( video game ) [P] platform [O] Commodore 64 || incorrect: [S] Road Runner ( video game ) [P] input method [O] Joystick,,"The Atari 2600, Amstrad CPC and Commodore 64 are all platforms for the video game called Road Runner. The latter of which uses the joystick as an input device. The game is distributed via ROM cartridge.","[{""subject"": ""Road Runner ( video game )"", ""property"": ""input method"", ""object"": ""Joystick""}, {""subject"": ""Road Runner ( video game )"", ""property"": ""platform"", ""object"": ""Atari 2600""}, {""subject"": ""Road Runner ( video game )"", ""property"": ""distribution format"", ""object"": ""ROM cartridge""}, {""subject"": ""Road Runner ( video game )"", ""property"": ""platform"", ""object"": ""Amstrad CPC""}]",IGNORE
G0119,candidate_gold,Id21051,extra,Commodore 64,missing: [S] Road Runner ( video game ) [P] platform [O] Commodore 64 || incorrect: [S] Road Runner ( video game ) [P] input method [O] Joystick,,"The Atari 2600, Amstrad CPC and Commodore 64 are all platforms for the video game called Road Runner. The latter of which uses the joystick as an input device. The game is distributed via ROM cartridge.","[{""subject"": ""Road Runner ( video game )"", ""property"": ""input method"", ""object"": ""Joystick""}, {""subject"": ""Road Runner ( video game )"", ""property"": ""platform"", ""object"": ""Atari 2600""}, {""subject"": ""Road Runner ( video game )"", ""property"": ""distribution format"", ""object"": ""ROM cartridge""}, {""subject"": ""Road Runner ( video game )"", ""property"": ""platform"", ""object"": ""Amstrad CPC""}]",IGNORE
P0120,gpt_prediction,Id20317,incorrect,[S] Helen Hunt [P] point in time [O] 01 January 2012,,[S] Helen Hunt [P] point in time [O] 01 January 2012,Helen Hunt was nominated for the Academy Award for Best Supporting Actress at the 85th Academy Awards for the film The Sessions in 2012.,"[{""subject"": ""Helen Hunt"", ""property"": ""nominated for"", ""object"": ""Academy Award for Best Supporting Actress""}, {""subject"": ""Helen Hunt"", ""property"": ""for work"", ""object"": ""The Sessions ( film )""}, {""subject"": ""Helen Hunt"", ""property"": ""point in time"", ""object"": ""01 January 2012""}, {""subject"": ""Helen Hunt"", ""property"": ""statement is subject of"", ""object"": ""85th Academy Awards""}]",FP
G0121,candidate_gold,Id20317,incorrect,[S] Helen Hunt [P] point in time [O] 01 January 2012,incorrect: [S] Helen Hunt [P] point in time [O] 01 January 2012,,Helen Hunt was nominated for the Academy Award for Best Supporting Actress at the 85th Academy Awards for the film The Sessions in 2012.,"[{""subject"": ""Helen Hunt"", ""property"": ""nominated for"", ""object"": ""Academy Award for Best Supporting Actress""}, {""subject"": ""Helen Hunt"", ""property"": ""for work"", ""object"": ""The Sessions ( film )""}, {""subject"": ""Helen Hunt"", ""property"": ""point in time"", ""object"": ""01 January 2012""}, {""subject"": ""Helen Hunt"", ""property"": ""statement is subject of"", ""object"": ""85th Academy Awards""}]",IGNORE
G0122,candidate_gold,Id20317,missing,[S] Helen Hunt [P] point in time [O] 01 January 2012,incorrect: [S] Helen Hunt [P] point in time [O] 01 January 2012,,Helen Hunt was nominated for the Academy Award for Best Supporting Actress at the 85th Academy Awards for the film The Sessions in 2012.,"[{""subject"": ""Helen Hunt"", ""property"": ""nominated for"", ""object"": ""Academy Award for Best Supporting Actress""}, {""subject"": ""Helen Hunt"", ""property"": ""for work"", ""object"": ""The Sessions ( film )""}, {""subject"": ""Helen Hunt"", ""property"": ""point in time"", ""object"": ""01 January 2012""}, {""subject"": ""Helen Hunt"", ""property"": ""statement is subject of"", ""object"": ""85th Academy Awards""}]",IGNORE
P0123,gpt_prediction,Id20245,incorrect,[S] Polk Creek Shale [P] underlies [O] Blaylock Sandstone,,[S] Polk Creek Shale [P] overlies [O] Bigfork Chert,"The Polk Creek Shale is located in Arkansas, United States. The Polk Creek Shale is overlain by Blaylock Sandstone. It is also overlain by Bigfork Chert.","[{""subject"": ""Polk Creek Shale"", ""property"": ""country"", ""object"": ""United States""}, {""subject"": ""Polk Creek Shale"", ""property"": ""located in the administrative territorial entity"", ""object"": ""Arkansas""}, {""subject"": ""Polk Creek Shale"", ""property"": ""underlies"", ""object"": ""Blaylock Sandstone""}, {""subject"": ""Polk Creek Shale"", ""property"": ""overlies"", ""object"": ""Bigfork Chert""}]",FP
P0124,gpt_prediction,Id20245,incorrect,[S] Polk Creek Shale [P] overlies [O] Bigfork Chert,,[S] Polk Creek Shale [P] overlies [O] Bigfork Chert,"The Polk Creek Shale is located in Arkansas, United States. The Polk Creek Shale is overlain by Blaylock Sandstone. It is also overlain by Bigfork Chert.","[{""subject"": ""Polk Creek Shale"", ""property"": ""country"", ""object"": ""United States""}, {""subject"": ""Polk Creek Shale"", ""property"": ""located in the administrative territorial entity"", ""object"": ""Arkansas""}, {""subject"": ""Polk Creek Shale"", ""property"": ""underlies"", ""object"": ""Blaylock Sandstone""}, {""subject"": ""Polk Creek Shale"", ""property"": ""overlies"", ""object"": ""Bigfork Chert""}]",TP
G0125,candidate_gold,Id20245,incorrect,[S] Polk Creek Shale [P] overlies [O] Bigfork Chert,incorrect: [S] Polk Creek Shale [P] underlies [O] Blaylock Sandstone || incorrect: [S] Polk Creek Shale [P] overlies [O] Bigfork Chert,,"The Polk Creek Shale is located in Arkansas, United States. The Polk Creek Shale is overlain by Blaylock Sandstone. It is also overlain by Bigfork Chert.","[{""subject"": ""Polk Creek Shale"", ""property"": ""country"", ""object"": ""United States""}, {""subject"": ""Polk Creek Shale"", ""property"": ""located in the administrative territorial entity"", ""object"": ""Arkansas""}, {""subject"": ""Polk Creek Shale"", ""property"": ""underlies"", ""object"": ""Blaylock Sandstone""}, {""subject"": ""Polk Creek Shale"", ""property"": ""overlies"", ""object"": ""Bigfork Chert""}]",IGNORE
P0126,gpt_prediction,Id20238,incorrect,[S] Danny Hillis [P] archives at [O] Computer History Museum,,[S] Danny Hillis [P] archives at [O] Computer History Museum,Doctor of Philosophy graduate Danny Hillis is a member of the Association for Computing Machinery. His works can be found in the Museum of Modern Art and the Computer History Museum.,"[{""subject"": ""Danny Hillis"", ""property"": ""academic degree"", ""object"": ""Doctor of Philosophy""}, {""subject"": ""Danny Hillis"", ""property"": ""member of"", ""object"": ""Association for Computing Machinery""}, {""subject"": ""Danny Hillis"", ""property"": ""has works in the collection"", ""object"": ""Museum of Modern Art""}, {""subject"": ""Danny Hillis"", ""property"": ""archives at"", ""object"": ""Computer History Museum""}]",FP
G0127,candidate_gold,Id20238,incorrect,[S] Danny Hillis [P] archives at [O] Computer History Museum,incorrect: [S] Danny Hillis [P] archives at [O] Computer History Museum,,Doctor of Philosophy graduate Danny Hillis is a member of the Association for Computing Machinery. His works can be found in the Museum of Modern Art and the Computer History Museum.,"[{""subject"": ""Danny Hillis"", ""property"": ""academic degree"", ""object"": ""Doctor of Philosophy""}, {""subject"": ""Danny Hillis"", ""property"": ""member of"", ""object"": ""Association for Computing Machinery""}, {""subject"": ""Danny Hillis"", ""property"": ""has works in the collection"", ""object"": ""Museum of Modern Art""}, {""subject"": ""Danny Hillis"", ""property"": ""archives at"", ""object"": ""Computer History Museum""}]",IGNORE
P0128,gpt_prediction,Id20592,missing,"[S] Schuyler County , Missouri [P] contains administrative territorial entity [O] Lancaster , Missouri",,"[S] Schuyler County , Missouri [P] contains administrative territorial entity [O] Lancaster , Missouri","Schuyler County, Missouri (capital Lancaster) is bordered by Davis County in Iowa. The county is also known as Schuyler County, New York.","[{""subject"": ""Schuyler County , Missouri"", ""property"": ""shares border with"", ""object"": ""Davis County , Iowa""}, {""subject"": ""Schuyler County , Missouri"", ""property"": ""capital"", ""object"": ""Lancaster , Missouri""}, {""subject"": ""Schuyler County , Missouri"", ""property"": ""contains administrative territorial entity"", ""object"": ""Lancaster , Missouri""}, {""subject"": ""Schuyler County , Missouri"", ""property"": ""different from"", ""object"": ""Schuyler County , New York""}]",TP
P0129,gpt_prediction,Id20592,extra,"[S] Schuyler County , Missouri [P] also known as [O] Schuyler County , New York",,,"Schuyler County, Missouri (capital Lancaster) is bordered by Davis County in Iowa. The county is also known as Schuyler County, New York.","[{""subject"": ""Schuyler County , Missouri"", ""property"": ""shares border with"", ""object"": ""Davis County , Iowa""}, {""subject"": ""Schuyler County , Missouri"", ""property"": ""capital"", ""object"": ""Lancaster , Missouri""}, {""subject"": ""Schuyler County , Missouri"", ""property"": ""contains administrative territorial entity"", ""object"": ""Lancaster , Missouri""}, {""subject"": ""Schuyler County , Missouri"", ""property"": ""different from"", ""object"": ""Schuyler County , New York""}]",FP
P0130,gpt_prediction,Id20592,incorrect,"[S] Schuyler County , Missouri [P] different from [O] Schuyler County , New York",,"[S] Schuyler County , Missouri [P] contains administrative territorial entity [O] Lancaster , Missouri || [S] Schuyler County , Missouri [P] different from [O] Schuyler County , New York","Schuyler County, Missouri (capital Lancaster) is bordered by Davis County in Iowa. The county is also known as Schuyler County, New York.","[{""subject"": ""Schuyler County , Missouri"", ""property"": ""shares border with"", ""object"": ""Davis County , Iowa""}, {""subject"": ""Schuyler County , Missouri"", ""property"": ""capital"", ""object"": ""Lancaster , Missouri""}, {""subject"": ""Schuyler County , Missouri"", ""property"": ""contains administrative territorial entity"", ""object"": ""Lancaster , Missouri""}, {""subject"": ""Schuyler County , Missouri"", ""property"": ""different from"", ""object"": ""Schuyler County , New York""}]",TP
G0131,candidate_gold,Id20592,incorrect,"[S] Schuyler County , Missouri [P] contains administrative territorial entity [O] Lancaster , Missouri","missing: [S] Schuyler County , Missouri [P] contains administrative territorial entity [O] Lancaster , Missouri || extra: [S] Schuyler County , Missouri [P] also known as [O] Schuyler County , New York || incorrect: [S] Schuyler County , Missouri [P] different from [O] Schuyler County , New York",,"Schuyler County, Missouri (capital Lancaster) is bordered by Davis County in Iowa. The county is also known as Schuyler County, New York.","[{""subject"": ""Schuyler County , Missouri"", ""property"": ""shares border with"", ""object"": ""Davis County , Iowa""}, {""subject"": ""Schuyler County , Missouri"", ""property"": ""capital"", ""object"": ""Lancaster , Missouri""}, {""subject"": ""Schuyler County , Missouri"", ""property"": ""contains administrative territorial entity"", ""object"": ""Lancaster , Missouri""}, {""subject"": ""Schuyler County , Missouri"", ""property"": ""different from"", ""object"": ""Schuyler County , New York""}]",IGNORE
G0132,candidate_gold,Id20592,incorrect,"[S] Schuyler County , Missouri [P] different from [O] Schuyler County , New York","missing: [S] Schuyler County , Missouri [P] contains administrative territorial entity [O] Lancaster , Missouri || extra: [S] Schuyler County , Missouri [P] also known as [O] Schuyler County , New York || incorrect: [S] Schuyler County , Missouri [P] different from [O] Schuyler County , New York",,"Schuyler County, Missouri (capital Lancaster) is bordered by Davis County in Iowa. The county is also known as Schuyler County, New York.","[{""subject"": ""Schuyler County , Missouri"", ""property"": ""shares border with"", ""object"": ""Davis County , Iowa""}, {""subject"": ""Schuyler County , Missouri"", ""property"": ""capital"", ""object"": ""Lancaster , Missouri""}, {""subject"": ""Schuyler County , Missouri"", ""property"": ""contains administrative territorial entity"", ""object"": ""Lancaster , Missouri""}, {""subject"": ""Schuyler County , Missouri"", ""property"": ""different from"", ""object"": ""Schuyler County , New York""}]",IGNORE
G0133,candidate_gold,Id20592,missing,"[S] Schuyler County , Missouri [P] contains administrative territorial entity [O] Lancaster , Missouri","missing: [S] Schuyler County , Missouri [P] contains administrative territorial entity [O] Lancaster , Missouri || extra: [S] Schuyler County , Missouri [P] also known as [O] Schuyler County , New York || incorrect: [S] Schuyler County , Missouri [P] different from [O] Schuyler County , New York",,"Schuyler County, Missouri (capital Lancaster) is bordered by Davis County in Iowa. The county is also known as Schuyler County, New York.","[{""subject"": ""Schuyler County , Missouri"", ""property"": ""shares border with"", ""object"": ""Davis County , Iowa""}, {""subject"": ""Schuyler County , Missouri"", ""property"": ""capital"", ""object"": ""Lancaster , Missouri""}, {""subject"": ""Schuyler County , Missouri"", ""property"": ""contains administrative territorial entity"", ""object"": ""Lancaster , Missouri""}, {""subject"": ""Schuyler County , Missouri"", ""property"": ""different from"", ""object"": ""Schuyler County , New York""}]",IGNORE
P0134,gpt_prediction,Id20109,missing,"[S] Teenage Mutant Ninja Turtles ( 1987 TV series , season 7 ) [P] located on astronomical location [O] Earth",,"[S] Teenage Mutant Ninja Turtles ( 1987 TV series , season 7 ) [P] located on astronomical location [O] Earth","The seventh season of the Teenage Mutant Ninja Turtles TV series aired in Florence, Tuscany, Italy.","[{""subject"": ""Teenage Mutant Ninja Turtles ( 1987 TV series , season 7 )"", ""property"": ""narrative location"", ""object"": ""Florence""}, {""subject"": ""Teenage Mutant Ninja Turtles ( 1987 TV series , season 7 )"", ""property"": ""located on astronomical location"", ""object"": ""Earth""}, {""subject"": ""Teenage Mutant Ninja Turtles ( 1987 TV series , season 7 )"", ""property"": ""located in the administrative territorial entity"", ""object"": ""Tuscany""}, {""subject"": ""Teenage Mutant Ninja Turtles ( 1987 TV series , season 7 )"", ""property"": ""country"", ""object"": ""Italy""}]",TP
P0135,gpt_prediction,Id20109,incorrect,"[S] Teenage Mutant Ninja Turtles ( 1987 TV series , season 7 ) [P] narrative location [O] Florence",,"[S] Teenage Mutant Ninja Turtles ( 1987 TV series , season 7 ) [P] narrative location [O] Florence || [S] Teenage Mutant Ninja Turtles ( 1987 TV series , season 7 ) [P] located in the administrative territorial entity [O] Tuscany || [S] Teenage Mutant Ninja Turtles ( 1987 TV series , season 7 ) [P] country [O] Italy || [S] Teenage Mutant Ninja Turtles ( 1987 TV series , season 7 ) [P] narrative location [O] Florence 1","The seventh season of the Teenage Mutant Ninja Turtles TV series aired in Florence, Tuscany, Italy.","[{""subject"": ""Teenage Mutant Ninja Turtles ( 1987 TV series , season 7 )"", ""property"": ""narrative location"", ""object"": ""Florence""}, {""subject"": ""Teenage Mutant Ninja Turtles ( 1987 TV series , season 7 )"", ""property"": ""located on astronomical location"", ""object"": ""Earth""}, {""subject"": ""Teenage Mutant Ninja Turtles ( 1987 TV series , season 7 )"", ""property"": ""located in the administrative territorial entity"", ""object"": ""Tuscany""}, {""subject"": ""Teenage Mutant Ninja Turtles ( 1987 TV series , season 7 )"", ""property"": ""country"", ""object"": ""Italy""}]",FP
G0136,candidate_gold,Id20109,missing,"[S] Teenage Mutant Ninja Turtles ( 1987 TV series , season 7 ) [P] located on astronomical location [O] Earth","missing: [S] Teenage Mutant Ninja Turtles ( 1987 TV series , season 7 ) [P] located on astronomical location [O] Earth || incorrect: [S] Teenage Mutant Ninja Turtles ( 1987 TV series , season 7 ) [P] narrative location [O] Florence",,"The seventh season of the Teenage Mutant Ninja Turtles TV series aired in Florence, Tuscany, Italy.","[{""subject"": ""Teenage Mutant Ninja Turtles ( 1987 TV series , season 7 )"", ""property"": ""narrative location"", ""object"": ""Florence""}, {""subject"": ""Teenage Mutant Ninja Turtles ( 1987 TV series , season 7 )"", ""property"": ""located on astronomical location"", ""object"": ""Earth""}, {""subject"": ""Teenage Mutant Ninja Turtles ( 1987 TV series , season 7 )"", ""property"": ""located in the administrative territorial entity"", ""object"": ""Tuscany""}, {""subject"": ""Teenage Mutant Ninja Turtles ( 1987 TV series , season 7 )"", ""property"": ""country"", ""object"": ""Italy""}]",IGNORE
G0137,candidate_gold,Id20109,incorrect,"[S] Teenage Mutant Ninja Turtles ( 1987 TV series , season 7 ) [P] narrative location [O] Florence","missing: [S] Teenage Mutant Ninja Turtles ( 1987 TV series , season 7 ) [P] located on astronomical location [O] Earth || incorrect: [S] Teenage Mutant Ninja Turtles ( 1987 TV series , season 7 ) [P] narrative location [O] Florence",,"The seventh season of the Teenage Mutant Ninja Turtles TV series aired in Florence, Tuscany, Italy.","[{""subject"": ""Teenage Mutant Ninja Turtles ( 1987 TV series , season 7 )"", ""property"": ""narrative location"", ""object"": ""Florence""}, {""subject"": ""Teenage Mutant Ninja Turtles ( 1987 TV series , season 7 )"", ""property"": ""located on astronomical location"", ""object"": ""Earth""}, {""subject"": ""Teenage Mutant Ninja Turtles ( 1987 TV series , season 7 )"", ""property"": ""located in the administrative territorial entity"", ""object"": ""Tuscany""}, {""subject"": ""Teenage Mutant Ninja Turtles ( 1987 TV series , season 7 )"", ""property"": ""country"", ""object"": ""Italy""}]",IGNORE
G0138,candidate_gold,Id20109,incorrect,"[S] Teenage Mutant Ninja Turtles ( 1987 TV series , season 7 ) [P] located in the administrative territorial entity [O] Tuscany","missing: [S] Teenage Mutant Ninja Turtles ( 1987 TV series , season 7 ) [P] located on astronomical location [O] Earth || incorrect: [S] Teenage Mutant Ninja Turtles ( 1987 TV series , season 7 ) [P] narrative location [O] Florence",,"The seventh season of the Teenage Mutant Ninja Turtles TV series aired in Florence, Tuscany, Italy.","[{""subject"": ""Teenage Mutant Ninja Turtles ( 1987 TV series , season 7 )"", ""property"": ""narrative location"", ""object"": ""Florence""}, {""subject"": ""Teenage Mutant Ninja Turtles ( 1987 TV series , season 7 )"", ""property"": ""located on astronomical location"", ""object"": ""Earth""}, {""subject"": ""Teenage Mutant Ninja Turtles ( 1987 TV series , season 7 )"", ""property"": ""located in the administrative territorial entity"", ""object"": ""Tuscany""}, {""subject"": ""Teenage Mutant Ninja Turtles ( 1987 TV series , season 7 )"", ""property"": ""country"", ""object"": ""Italy""}]",IGNORE
G0139,candidate_gold,Id20109,incorrect,"[S] Teenage Mutant Ninja Turtles ( 1987 TV series , season 7 ) [P] country [O] Italy","missing: [S] Teenage Mutant Ninja Turtles ( 1987 TV series , season 7 ) [P] located on astronomical location [O] Earth || incorrect: [S] Teenage Mutant Ninja Turtles ( 1987 TV series , season 7 ) [P] narrative location [O] Florence",,"The seventh season of the Teenage Mutant Ninja Turtles TV series aired in Florence, Tuscany, Italy.","[{""subject"": ""Teenage Mutant Ninja Turtles ( 1987 TV series , season 7 )"", ""property"": ""narrative location"", ""object"": ""Florence""}, {""subject"": ""Teenage Mutant Ninja Turtles ( 1987 TV series , season 7 )"", ""property"": ""located on astronomical location"", ""object"": ""Earth""}, {""subject"": ""Teenage Mutant Ninja Turtles ( 1987 TV series , season 7 )"", ""property"": ""located in the administrative territorial entity"", ""object"": ""Tuscany""}, {""subject"": ""Teenage Mutant Ninja Turtles ( 1987 TV series , season 7 )"", ""property"": ""country"", ""object"": ""Italy""}]",IGNORE
G0140,candidate_gold,Id20109,incorrect,"[S] Teenage Mutant Ninja Turtles ( 1987 TV series , season 7 ) [P] narrative location [O] Florence 1","missing: [S] Teenage Mutant Ninja Turtles ( 1987 TV series , season 7 ) [P] located on astronomical location [O] Earth || incorrect: [S] Teenage Mutant Ninja Turtles ( 1987 TV series , season 7 ) [P] narrative location [O] Florence",,"The seventh season of the Teenage Mutant Ninja Turtles TV series aired in Florence, Tuscany, Italy.","[{""subject"": ""Teenage Mutant Ninja Turtles ( 1987 TV series , season 7 )"", ""property"": ""narrative location"", ""object"": ""Florence""}, {""subject"": ""Teenage Mutant Ninja Turtles ( 1987 TV series , season 7 )"", ""property"": ""located on astronomical location"", ""object"": ""Earth""}, {""subject"": ""Teenage Mutant Ninja Turtles ( 1987 TV series , season 7 )"", ""property"": ""located in the administrative territorial entity"", ""object"": ""Tuscany""}, {""subject"": ""Teenage Mutant Ninja Turtles ( 1987 TV series , season 7 )"", ""property"": ""country"", ""object"": ""Italy""}]",IGNORE
P0141,gpt_prediction,Id15545,missing,[S] The Glory of Walküre [P] publisher [O] Bandai Namco Entertainment,,[S] The Glory of Walküre [P] publisher [O] Bandai Namco Entertainment,The Glory of Walküre is a single-player video game developed by Bandai Namco Entertainment for the Android operating system. The game is available for mobile phones.,"[{""subject"": ""The Glory of Walküre"", ""property"": ""platform"", ""object"": ""Android ( operating system )""}, {""subject"": ""The Glory of Walküre"", ""property"": ""publisher"", ""object"": ""Bandai Namco Entertainment""}, {""subject"": ""The Glory of Walküre"", ""property"": ""developer"", ""object"": ""Bandai Namco Entertainment""}, {""subject"": ""The Glory of Walküre"", ""property"": ""platform"", ""object"": ""Mobile phone""}, {""subject"": ""The Glory of Walküre"", ""property"": ""game mode"", ""object"": ""Single-player video game""}]",TP
G0142,candidate_gold,Id15545,missing,[S] The Glory of Walküre [P] publisher [O] Bandai Namco Entertainment,missing: [S] The Glory of Walküre [P] publisher [O] Bandai Namco Entertainment,,The Glory of Walküre is a single-player video game developed by Bandai Namco Entertainment for the Android operating system. The game is available for mobile phones.,"[{""subject"": ""The Glory of Walküre"", ""property"": ""platform"", ""object"": ""Android ( operating system )""}, {""subject"": ""The Glory of Walküre"", ""property"": ""publisher"", ""object"": ""Bandai Namco Entertainment""}, {""subject"": ""The Glory of Walküre"", ""property"": ""developer"", ""object"": ""Bandai Namco Entertainment""}, {""subject"": ""The Glory of Walküre"", ""property"": ""platform"", ""object"": ""Mobile phone""}, {""subject"": ""The Glory of Walküre"", ""property"": ""game mode"", ""object"": ""Single-player video game""}]",IGNORE
P0143,gpt_prediction,Id14963,missing,[S] Seren Gomer [P] born in [O] Swansea,,[S] Seren Gomer [P] place of publication [O] Swansea,"Seren Gomer, who was born in Swansea, was the editor of Henry Charles. He was also the editor of David Davies Evans, Samuel Evans and Joseph Harris.","[{""subject"": ""Seren Gomer"", ""property"": ""editor"", ""object"": ""Samuel Evans""}, {""subject"": ""Seren Gomer"", ""property"": ""place of publication"", ""object"": ""Swansea""}, {""subject"": ""Seren Gomer"", ""property"": ""editor"", ""object"": ""David Davies Evans""}, {""subject"": ""Seren Gomer"", ""property"": ""contributor(s) to the creative work or subject"", ""object"": ""Henry Charles""}, {""subject"": ""Seren Gomer"", ""property"": ""editor"", ""object"": ""Joseph Harris ( Gomer )""}]",FP
P0144,gpt_prediction,Id14963,incorrect,[S] Seren Gomer [P] place of publication [O] Swansea,,[S] Seren Gomer [P] place of publication [O] Swansea || [S] Seren Gomer [P] contributor(s) to the creative work or subject [O] Henry Charles,"Seren Gomer, who was born in Swansea, was the editor of Henry Charles. He was also the editor of David Davies Evans, Samuel Evans and Joseph Harris.","[{""subject"": ""Seren Gomer"", ""property"": ""editor"", ""object"": ""Samuel Evans""}, {""subject"": ""Seren Gomer"", ""property"": ""place of publication"", ""object"": ""Swansea""}, {""subject"": ""Seren Gomer"", ""property"": ""editor"", ""object"": ""David Davies Evans""}, {""subject"": ""Seren Gomer"", ""property"": ""contributor(s) to the creative work or subject"", ""object"": ""Henry Charles""}, {""subject"": ""Seren Gomer"", ""property"": ""editor"", ""object"": ""Joseph Harris ( Gomer )""}]",TP
P0145,gpt_prediction,Id14963,incorrect,[S] Seren Gomer [P] contributor(s) to the creative work or subject [O] Henry Charles,,[S] Seren Gomer [P] place of publication [O] Swansea || [S] Seren Gomer [P] contributor(s) to the creative work or subject [O] Henry Charles,"Seren Gomer, who was born in Swansea, was the editor of Henry Charles. He was also the editor of David Davies Evans, Samuel Evans and Joseph Harris.","[{""subject"": ""Seren Gomer"", ""property"": ""editor"", ""object"": ""Samuel Evans""}, {""subject"": ""Seren Gomer"", ""property"": ""place of publication"", ""object"": ""Swansea""}, {""subject"": ""Seren Gomer"", ""property"": ""editor"", ""object"": ""David Davies Evans""}, {""subject"": ""Seren Gomer"", ""property"": ""contributor(s) to the creative work or subject"", ""object"": ""Henry Charles""}, {""subject"": ""Seren Gomer"", ""property"": ""editor"", ""object"": ""Joseph Harris ( Gomer )""}]",TP
G0146,candidate_gold,Id14963,incorrect,[S] Seren Gomer [P] place of publication [O] Swansea,missing: [S] Seren Gomer [P] born in [O] Swansea || incorrect: [S] Seren Gomer [P] place of publication [O] Swansea || incorrect: [S] Seren Gomer [P] contributor(s) to the creative work or subject [O] Henry Charles,,"Seren Gomer, who was born in Swansea, was the editor of Henry Charles. He was also the editor of David Davies Evans, Samuel Evans and Joseph Harris.","[{""subject"": ""Seren Gomer"", ""property"": ""editor"", ""object"": ""Samuel Evans""}, {""subject"": ""Seren Gomer"", ""property"": ""place of publication"", ""object"": ""Swansea""}, {""subject"": ""Seren Gomer"", ""property"": ""editor"", ""object"": ""David Davies Evans""}, {""subject"": ""Seren Gomer"", ""property"": ""contributor(s) to the creative work or subject"", ""object"": ""Henry Charles""}, {""subject"": ""Seren Gomer"", ""property"": ""editor"", ""object"": ""Joseph Harris ( Gomer )""}]",IGNORE
G0147,candidate_gold,Id14963,incorrect,[S] Seren Gomer [P] contributor(s) to the creative work or subject [O] Henry Charles,missing: [S] Seren Gomer [P] born in [O] Swansea || incorrect: [S] Seren Gomer [P] place of publication [O] Swansea || incorrect: [S] Seren Gomer [P] contributor(s) to the creative work or subject [O] Henry Charles,,"Seren Gomer, who was born in Swansea, was the editor of Henry Charles. He was also the editor of David Davies Evans, Samuel Evans and Joseph Harris.","[{""subject"": ""Seren Gomer"", ""property"": ""editor"", ""object"": ""Samuel Evans""}, {""subject"": ""Seren Gomer"", ""property"": ""place of publication"", ""object"": ""Swansea""}, {""subject"": ""Seren Gomer"", ""property"": ""editor"", ""object"": ""David Davies Evans""}, {""subject"": ""Seren Gomer"", ""property"": ""contributor(s) to the creative work or subject"", ""object"": ""Henry Charles""}, {""subject"": ""Seren Gomer"", ""property"": ""editor"", ""object"": ""Joseph Harris ( Gomer )""}]",IGNORE
G0148,candidate_gold,Id14963,extra,"Seren Gomer, who was born in Swansea",missing: [S] Seren Gomer [P] born in [O] Swansea || incorrect: [S] Seren Gomer [P] place of publication [O] Swansea || incorrect: [S] Seren Gomer [P] contributor(s) to the creative work or subject [O] Henry Charles,,"Seren Gomer, who was born in Swansea, was the editor of Henry Charles. He was also the editor of David Davies Evans, Samuel Evans and Joseph Harris.","[{""subject"": ""Seren Gomer"", ""property"": ""editor"", ""object"": ""Samuel Evans""}, {""subject"": ""Seren Gomer"", ""property"": ""place of publication"", ""object"": ""Swansea""}, {""subject"": ""Seren Gomer"", ""property"": ""editor"", ""object"": ""David Davies Evans""}, {""subject"": ""Seren Gomer"", ""property"": ""contributor(s) to the creative work or subject"", ""object"": ""Henry Charles""}, {""subject"": ""Seren Gomer"", ""property"": ""editor"", ""object"": ""Joseph Harris ( Gomer )""}]",IGNORE
G0149,candidate_gold,Id14963,missing,[S] Seren Gomer [P] place of publication [O] Swansea,missing: [S] Seren Gomer [P] born in [O] Swansea || incorrect: [S] Seren Gomer [P] place of publication [O] Swansea || incorrect: [S] Seren Gomer [P] contributor(s) to the creative work or subject [O] Henry Charles,,"Seren Gomer, who was born in Swansea, was the editor of Henry Charles. He was also the editor of David Davies Evans, Samuel Evans and Joseph Harris.","[{""subject"": ""Seren Gomer"", ""property"": ""editor"", ""object"": ""Samuel Evans""}, {""subject"": ""Seren Gomer"", ""property"": ""place of publication"", ""object"": ""Swansea""}, {""subject"": ""Seren Gomer"", ""property"": ""editor"", ""object"": ""David Davies Evans""}, {""subject"": ""Seren Gomer"", ""property"": ""contributor(s) to the creative work or subject"", ""object"": ""Henry Charles""}, {""subject"": ""Seren Gomer"", ""property"": ""editor"", ""object"": ""Joseph Harris ( Gomer )""}]",IGNORE
P0150,gpt_prediction,Id15753,missing,[S] Broye [P] tributary [O] Lake Neuchâtel,,[S] Broye [P] tributary [O] Bressonnaz || [S] Broye [P] tributary [O] Mionne,"Bressonnaz, Mionne and Broye - all tributaries of Lake Neuchâtel - all flow into Lake Morat. The Broye is located in the Canton of Bern.","[{""subject"": ""Broye"", ""property"": ""tributary"", ""object"": ""Bressonnaz""}, {""subject"": ""Broye"", ""property"": ""mouth of the watercourse"", ""object"": ""Lake Neuchâtel""}, {""subject"": ""Broye"", ""property"": ""located in the administrative territorial entity"", ""object"": ""Canton of Bern""}, {""subject"": ""Broye"", ""property"": ""tributary"", ""object"": ""Mionne""}, {""subject"": ""Broye"", ""property"": ""lakes on river"", ""object"": ""Lake Morat""}]",FP
P0151,gpt_prediction,Id15753,extra,[S] Bressonnaz [P] tributary [O] Lake Neuchâtel,,,"Bressonnaz, Mionne and Broye - all tributaries of Lake Neuchâtel - all flow into Lake Morat. The Broye is located in the Canton of Bern.","[{""subject"": ""Broye"", ""property"": ""tributary"", ""object"": ""Bressonnaz""}, {""subject"": ""Broye"", ""property"": ""mouth of the watercourse"", ""object"": ""Lake Neuchâtel""}, {""subject"": ""Broye"", ""property"": ""located in the administrative territorial entity"", ""object"": ""Canton of Bern""}, {""subject"": ""Broye"", ""property"": ""tributary"", ""object"": ""Mionne""}, {""subject"": ""Broye"", ""property"": ""lakes on river"", ""object"": ""Lake Morat""}]",TP
P0152,gpt_prediction,Id15753,extra,[S] Mionne [P] tributary [O] Lake Neuchâtel,,,"Bressonnaz, Mionne and Broye - all tributaries of Lake Neuchâtel - all flow into Lake Morat. The Broye is located in the Canton of Bern.","[{""subject"": ""Broye"", ""property"": ""tributary"", ""object"": ""Bressonnaz""}, {""subject"": ""Broye"", ""property"": ""mouth of the watercourse"", ""object"": ""Lake Neuchâtel""}, {""subject"": ""Broye"", ""property"": ""located in the administrative territorial entity"", ""object"": ""Canton of Bern""}, {""subject"": ""Broye"", ""property"": ""tributary"", ""object"": ""Mionne""}, {""subject"": ""Broye"", ""property"": ""lakes on river"", ""object"": ""Lake Morat""}]",TP
P0153,gpt_prediction,Id15753,extra,[S] Bressonnaz [P] flow into [O] Lake Morat,,,"Bressonnaz, Mionne and Broye - all tributaries of Lake Neuchâtel - all flow into Lake Morat. The Broye is located in the Canton of Bern.","[{""subject"": ""Broye"", ""property"": ""tributary"", ""object"": ""Bressonnaz""}, {""subject"": ""Broye"", ""property"": ""mouth of the watercourse"", ""object"": ""Lake Neuchâtel""}, {""subject"": ""Broye"", ""property"": ""located in the administrative territorial entity"", ""object"": ""Canton of Bern""}, {""subject"": ""Broye"", ""property"": ""tributary"", ""object"": ""Mionne""}, {""subject"": ""Broye"", ""property"": ""lakes on river"", ""object"": ""Lake Morat""}]",TP
P0154,gpt_prediction,Id15753,extra,[S] Mionne [P] flow into [O] Lake Morat,,,"Bressonnaz, Mionne and Broye - all tributaries of Lake Neuchâtel - all flow into Lake Morat. The Broye is located in the Canton of Bern.","[{""subject"": ""Broye"", ""property"": ""tributary"", ""object"": ""Bressonnaz""}, {""subject"": ""Broye"", ""property"": ""mouth of the watercourse"", ""object"": ""Lake Neuchâtel""}, {""subject"": ""Broye"", ""property"": ""located in the administrative territorial entity"", ""object"": ""Canton of Bern""}, {""subject"": ""Broye"", ""property"": ""tributary"", ""object"": ""Mionne""}, {""subject"": ""Broye"", ""property"": ""lakes on river"", ""object"": ""Lake Morat""}]",TP
P0155,gpt_prediction,Id15753,incorrect,[S] Broye [P] tributary [O] Bressonnaz,,[S] Broye [P] tributary [O] Bressonnaz || [S] Broye [P] mouth of the watercourse [O] Lake Neuchâtel || [S] Broye [P] lakes on river [O] Lake Morat || [S] Broye [P] tributary [O] Mionne,"Bressonnaz, Mionne and Broye - all tributaries of Lake Neuchâtel - all flow into Lake Morat. The Broye is located in the Canton of Bern.","[{""subject"": ""Broye"", ""property"": ""tributary"", ""object"": ""Bressonnaz""}, {""subject"": ""Broye"", ""property"": ""mouth of the watercourse"", ""object"": ""Lake Neuchâtel""}, {""subject"": ""Broye"", ""property"": ""located in the administrative territorial entity"", ""object"": ""Canton of Bern""}, {""subject"": ""Broye"", ""property"": ""tributary"", ""object"": ""Mionne""}, {""subject"": ""Broye"", ""property"": ""lakes on river"", ""object"": ""Lake Morat""}]",TP
P0156,gpt_prediction,Id15753,incorrect,[S] Broye [P] mouth of the watercourse [O] Lake Neuchâtel,,[S] Broye [P] tributary [O] Bressonnaz || [S] Broye [P] mouth of the watercourse [O] Lake Neuchâtel || [S] Broye [P] lakes on river [O] Lake Morat || [S] Broye [P] tributary [O] Mionne,"Bressonnaz, Mionne and Broye - all tributaries of Lake Neuchâtel - all flow into Lake Morat. The Broye is located in the Canton of Bern.","[{""subject"": ""Broye"", ""property"": ""tributary"", ""object"": ""Bressonnaz""}, {""subject"": ""Broye"", ""property"": ""mouth of the watercourse"", ""object"": ""Lake Neuchâtel""}, {""subject"": ""Broye"", ""property"": ""located in the administrative territorial entity"", ""object"": ""Canton of Bern""}, {""subject"": ""Broye"", ""property"": ""tributary"", ""object"": ""Mionne""}, {""subject"": ""Broye"", ""property"": ""lakes on river"", ""object"": ""Lake Morat""}]",TP
P0157,gpt_prediction,Id15753,incorrect,[S] Broye [P] tributary [O] Mionne,,[S] Broye [P] tributary [O] Bressonnaz || [S] Broye [P] mouth of the watercourse [O] Lake Neuchâtel || [S] Broye [P] lakes on river [O] Lake Morat || [S] Broye [P] tributary [O] Mionne,"Bressonnaz, Mionne and Broye - all tributaries of Lake Neuchâtel - all flow into Lake Morat. The Broye is located in the Canton of Bern.","[{""subject"": ""Broye"", ""property"": ""tributary"", ""object"": ""Bressonnaz""}, {""subject"": ""Broye"", ""property"": ""mouth of the watercourse"", ""object"": ""Lake Neuchâtel""}, {""subject"": ""Broye"", ""property"": ""located in the administrative territorial entity"", ""object"": ""Canton of Bern""}, {""subject"": ""Broye"", ""property"": ""tributary"", ""object"": ""Mionne""}, {""subject"": ""Broye"", ""property"": ""lakes on river"", ""object"": ""Lake Morat""}]",TP
G0158,candidate_gold,Id15753,incorrect,[S] Broye [P] tributary [O] Bressonnaz,missing: [S] Broye [P] tributary [O] Lake Neuchâtel || extra: [S] Bressonnaz [P] tributary [O] Lake Neuchâtel || extra: [S] Mionne [P] tributary [O] Lake Neuchâtel || extra: [S] Bressonnaz [P] flow into [O] Lake Morat || extra: [S] Mionne [P] flow into [O] Lake Morat || incorrect: [S] Broye [P] tributary [O] Bressonnaz || incorrect: [S] Broye [P] mouth of the watercourse [O] Lake Neuchâtel || incorrect: [S] Broye [P] tributary [O] Mionne,,"Bressonnaz, Mionne and Broye - all tributaries of Lake Neuchâtel - all flow into Lake Morat. The Broye is located in the Canton of Bern.","[{""subject"": ""Broye"", ""property"": ""tributary"", ""object"": ""Bressonnaz""}, {""subject"": ""Broye"", ""property"": ""mouth of the watercourse"", ""object"": ""Lake Neuchâtel""}, {""subject"": ""Broye"", ""property"": ""located in the administrative territorial entity"", ""object"": ""Canton of Bern""}, {""subject"": ""Broye"", ""property"": ""tributary"", ""object"": ""Mionne""}, {""subject"": ""Broye"", ""property"": ""lakes on river"", ""object"": ""Lake Morat""}]",IGNORE
G0159,candidate_gold,Id15753,incorrect,[S] Broye [P] mouth of the watercourse [O] Lake Neuchâtel,missing: [S] Broye [P] tributary [O] Lake Neuchâtel || extra: [S] Bressonnaz [P] tributary [O] Lake Neuchâtel || extra: [S] Mionne [P] tributary [O] Lake Neuchâtel || extra: [S] Bressonnaz [P] flow into [O] Lake Morat || extra: [S] Mionne [P] flow into [O] Lake Morat || incorrect: [S] Broye [P] tributary [O] Bressonnaz || incorrect: [S] Broye [P] mouth of the watercourse [O] Lake Neuchâtel || incorrect: [S] Broye [P] tributary [O] Mionne,,"Bressonnaz, Mionne and Broye - all tributaries of Lake Neuchâtel - all flow into Lake Morat. The Broye is located in the Canton of Bern.","[{""subject"": ""Broye"", ""property"": ""tributary"", ""object"": ""Bressonnaz""}, {""subject"": ""Broye"", ""property"": ""mouth of the watercourse"", ""object"": ""Lake Neuchâtel""}, {""subject"": ""Broye"", ""property"": ""located in the administrative territorial entity"", ""object"": ""Canton of Bern""}, {""subject"": ""Broye"", ""property"": ""tributary"", ""object"": ""Mionne""}, {""subject"": ""Broye"", ""property"": ""lakes on river"", ""object"": ""Lake Morat""}]",IGNORE
G0160,candidate_gold,Id15753,incorrect,[S] Broye [P] lakes on river [O] Lake Morat,missing: [S] Broye [P] tributary [O] Lake Neuchâtel || extra: [S] Bressonnaz [P] tributary [O] Lake Neuchâtel || extra: [S] Mionne [P] tributary [O] Lake Neuchâtel || extra: [S] Bressonnaz [P] flow into [O] Lake Morat || extra: [S] Mionne [P] flow into [O] Lake Morat || incorrect: [S] Broye [P] tributary [O] Bressonnaz || incorrect: [S] Broye [P] mouth of the watercourse [O] Lake Neuchâtel || incorrect: [S] Broye [P] tributary [O] Mionne,,"Bressonnaz, Mionne and Broye - all tributaries of Lake Neuchâtel - all flow into Lake Morat. The Broye is located in the Canton of Bern.","[{""subject"": ""Broye"", ""property"": ""tributary"", ""object"": ""Bressonnaz""}, {""subject"": ""Broye"", ""property"": ""mouth of the watercourse"", ""object"": ""Lake Neuchâtel""}, {""subject"": ""Broye"", ""property"": ""located in the administrative territorial entity"", ""object"": ""Canton of Bern""}, {""subject"": ""Broye"", ""property"": ""tributary"", ""object"": ""Mionne""}, {""subject"": ""Broye"", ""property"": ""lakes on river"", ""object"": ""Lake Morat""}]",IGNORE
G0161,candidate_gold,Id15753,incorrect,[S] Broye [P] tributary [O] Mionne,missing: [S] Broye [P] tributary [O] Lake Neuchâtel || extra: [S] Bressonnaz [P] tributary [O] Lake Neuchâtel || extra: [S] Mionne [P] tributary [O] Lake Neuchâtel || extra: [S] Bressonnaz [P] flow into [O] Lake Morat || extra: [S] Mionne [P] flow into [O] Lake Morat || incorrect: [S] Broye [P] tributary [O] Bressonnaz || incorrect: [S] Broye [P] mouth of the watercourse [O] Lake Neuchâtel || incorrect: [S] Broye [P] tributary [O] Mionne,,"Bressonnaz, Mionne and Broye - all tributaries of Lake Neuchâtel - all flow into Lake Morat. The Broye is located in the Canton of Bern.","[{""subject"": ""Broye"", ""property"": ""tributary"", ""object"": ""Bressonnaz""}, {""subject"": ""Broye"", ""property"": ""mouth of the watercourse"", ""object"": ""Lake Neuchâtel""}, {""subject"": ""Broye"", ""property"": ""located in the administrative territorial entity"", ""object"": ""Canton of Bern""}, {""subject"": ""Broye"", ""property"": ""tributary"", ""object"": ""Mionne""}, {""subject"": ""Broye"", ""property"": ""lakes on river"", ""object"": ""Lake Morat""}]",IGNORE
G0162,candidate_gold,Id15753,missing,[S] Broye [P] tributary [O] Bressonnaz,missing: [S] Broye [P] tributary [O] Lake Neuchâtel || extra: [S] Bressonnaz [P] tributary [O] Lake Neuchâtel || extra: [S] Mionne [P] tributary [O] Lake Neuchâtel || extra: [S] Bressonnaz [P] flow into [O] Lake Morat || extra: [S] Mionne [P] flow into [O] Lake Morat || incorrect: [S] Broye [P] tributary [O] Bressonnaz || incorrect: [S] Broye [P] mouth of the watercourse [O] Lake Neuchâtel || incorrect: [S] Broye [P] tributary [O] Mionne,,"Bressonnaz, Mionne and Broye - all tributaries of Lake Neuchâtel - all flow into Lake Morat. The Broye is located in the Canton of Bern.","[{""subject"": ""Broye"", ""property"": ""tributary"", ""object"": ""Bressonnaz""}, {""subject"": ""Broye"", ""property"": ""mouth of the watercourse"", ""object"": ""Lake Neuchâtel""}, {""subject"": ""Broye"", ""property"": ""located in the administrative territorial entity"", ""object"": ""Canton of Bern""}, {""subject"": ""Broye"", ""property"": ""tributary"", ""object"": ""Mionne""}, {""subject"": ""Broye"", ""property"": ""lakes on river"", ""object"": ""Lake Morat""}]",IGNORE
G0163,candidate_gold,Id15753,missing,[S] Broye [P] tributary [O] Mionne,missing: [S] Broye [P] tributary [O] Lake Neuchâtel || extra: [S] Bressonnaz [P] tributary [O] Lake Neuchâtel || extra: [S] Mionne [P] tributary [O] Lake Neuchâtel || extra: [S] Bressonnaz [P] flow into [O] Lake Morat || extra: [S] Mionne [P] flow into [O] Lake Morat || incorrect: [S] Broye [P] tributary [O] Bressonnaz || incorrect: [S] Broye [P] mouth of the watercourse [O] Lake Neuchâtel || incorrect: [S] Broye [P] tributary [O] Mionne,,"Bressonnaz, Mionne and Broye - all tributaries of Lake Neuchâtel - all flow into Lake Morat. The Broye is located in the Canton of Bern.","[{""subject"": ""Broye"", ""property"": ""tributary"", ""object"": ""Bressonnaz""}, {""subject"": ""Broye"", ""property"": ""mouth of the watercourse"", ""object"": ""Lake Neuchâtel""}, {""subject"": ""Broye"", ""property"": ""located in the administrative territorial entity"", ""object"": ""Canton of Bern""}, {""subject"": ""Broye"", ""property"": ""tributary"", ""object"": ""Mionne""}, {""subject"": ""Broye"", ""property"": ""lakes on river"", ""object"": ""Lake Morat""}]",IGNORE
P0164,gpt_prediction,Id15565,missing,"[S] Mark Aldanov [P] languages spoken, written or signed [O] Russian language",,"[S] Mark Aldanov [P] genres [O] historical novel || [S] Mark Aldanov [P] languages spoken, written or signed [O] Russian language || [S] Mark Aldanov [P] writing language [O] Russian language",Mark Aldanov's (given name Mark) genre is the historical novel. His language is Russian and he was nominated for the Nobel Prize in Literature.,"[{""subject"": ""Mark Aldanov"", ""property"": ""languages spoken, written or signed"", ""object"": ""Russian language""}, {""subject"": ""Mark Aldanov"", ""property"": ""writing language"", ""object"": ""Russian language""}, {""subject"": ""Mark Aldanov"", ""property"": ""given name"", ""object"": ""Mark ( given name )""}, {""subject"": ""Mark Aldanov"", ""property"": ""genre"", ""object"": ""historical novel""}, {""subject"": ""Mark Aldanov"", ""property"": ""nominated for"", ""object"": ""Nobel Prize in Literature""}]",FP
G0165,candidate_gold,Id15565,missing,[S] Mark Aldanov [P] genres [O] historical novel,"missing: [S] Mark Aldanov [P] languages spoken, written or signed [O] Russian language",,Mark Aldanov's (given name Mark) genre is the historical novel. His language is Russian and he was nominated for the Nobel Prize in Literature.,"[{""subject"": ""Mark Aldanov"", ""property"": ""languages spoken, written or signed"", ""object"": ""Russian language""}, {""subject"": ""Mark Aldanov"", ""property"": ""writing language"", ""object"": ""Russian language""}, {""subject"": ""Mark Aldanov"", ""property"": ""given name"", ""object"": ""Mark ( given name )""}, {""subject"": ""Mark Aldanov"", ""property"": ""genre"", ""object"": ""historical novel""}, {""subject"": ""Mark Aldanov"", ""property"": ""nominated for"", ""object"": ""Nobel Prize in Literature""}]",IGNORE
G0166,candidate_gold,Id15565,missing,"[S] Mark Aldanov [P] languages spoken, written or signed [O] Russian language","missing: [S] Mark Aldanov [P] languages spoken, written or signed [O] Russian language",,Mark Aldanov's (given name Mark) genre is the historical novel. His language is Russian and he was nominated for the Nobel Prize in Literature.,"[{""subject"": ""Mark Aldanov"", ""property"": ""languages spoken, written or signed"", ""object"": ""Russian language""}, {""subject"": ""Mark Aldanov"", ""property"": ""writing language"", ""object"": ""Russian language""}, {""subject"": ""Mark Aldanov"", ""property"": ""given name"", ""object"": ""Mark ( given name )""}, {""subject"": ""Mark Aldanov"", ""property"": ""genre"", ""object"": ""historical novel""}, {""subject"": ""Mark Aldanov"", ""property"": ""nominated for"", ""object"": ""Nobel Prize in Literature""}]",IGNORE
G0167,candidate_gold,Id15565,missing,[S] Mark Aldanov [P] writing language [O] Russian language,"missing: [S] Mark Aldanov [P] languages spoken, written or signed [O] Russian language",,Mark Aldanov's (given name Mark) genre is the historical novel. His language is Russian and he was nominated for the Nobel Prize in Literature.,"[{""subject"": ""Mark Aldanov"", ""property"": ""languages spoken, written or signed"", ""object"": ""Russian language""}, {""subject"": ""Mark Aldanov"", ""property"": ""writing language"", ""object"": ""Russian language""}, {""subject"": ""Mark Aldanov"", ""property"": ""given name"", ""object"": ""Mark ( given name )""}, {""subject"": ""Mark Aldanov"", ""property"": ""genre"", ""object"": ""historical novel""}, {""subject"": ""Mark Aldanov"", ""property"": ""nominated for"", ""object"": ""Nobel Prize in Literature""}]",IGNORE
P0168,gpt_prediction,Id15137,missing,[S] François Hus [P] sibling [O] Auguste Hus I,,[S] François Hus [P] child [O] Auguste Hus I,Hus is a member of the Hus family. His wife is Francoise Hus and he was a member of the Hus family. Hus's siblings include Barthélemy Hus-Desforges and Auguste Hus I. Jean-Baptiste Hus is one of his children.,"[{""subject"": ""François Hus"", ""property"": ""sibling"", ""object"": ""Barthélemy Hus-Desforges""}, {""subject"": ""François Hus"", ""property"": ""child"", ""object"": ""Auguste Hus I""}, {""subject"": ""François Hus"", ""property"": ""spouse"", ""object"": ""Françoise Hus""}, {""subject"": ""François Hus"", ""property"": ""child"", ""object"": ""Jean-Baptiste Hus""}, {""subject"": ""François Hus"", ""property"": ""family"", ""object"": ""Hus family""}]",FP
P0169,gpt_prediction,Id15137,incorrect,[S] François Hus [P] child [O] Auguste Hus I,,[S] François Hus [P] child [O] Auguste Hus I || [S] François Hus [P] child [O] Jean-Baptiste Hus || [S] François Hus [P] family [O] Hus family,Hus is a member of the Hus family. His wife is Francoise Hus and he was a member of the Hus family. Hus's siblings include Barthélemy Hus-Desforges and Auguste Hus I. Jean-Baptiste Hus is one of his children.,"[{""subject"": ""François Hus"", ""property"": ""sibling"", ""object"": ""Barthélemy Hus-Desforges""}, {""subject"": ""François Hus"", ""property"": ""child"", ""object"": ""Auguste Hus I""}, {""subject"": ""François Hus"", ""property"": ""spouse"", ""object"": ""Françoise Hus""}, {""subject"": ""François Hus"", ""property"": ""child"", ""object"": ""Jean-Baptiste Hus""}, {""subject"": ""François Hus"", ""property"": ""family"", ""object"": ""Hus family""}]",TP
G0170,candidate_gold,Id15137,incorrect,[S] François Hus [P] child [O] Auguste Hus I,missing: [S] François Hus [P] sibling [O] Auguste Hus I || incorrect: [S] François Hus [P] child [O] Auguste Hus I,,Hus is a member of the Hus family. His wife is Francoise Hus and he was a member of the Hus family. Hus's siblings include Barthélemy Hus-Desforges and Auguste Hus I. Jean-Baptiste Hus is one of his children.,"[{""subject"": ""François Hus"", ""property"": ""sibling"", ""object"": ""Barthélemy Hus-Desforges""}, {""subject"": ""François Hus"", ""property"": ""child"", ""object"": ""Auguste Hus I""}, {""subject"": ""François Hus"", ""property"": ""spouse"", ""object"": ""Françoise Hus""}, {""subject"": ""François Hus"", ""property"": ""child"", ""object"": ""Jean-Baptiste Hus""}, {""subject"": ""François Hus"", ""property"": ""family"", ""object"": ""Hus family""}]",IGNORE
G0171,candidate_gold,Id15137,incorrect,[S] François Hus [P] child [O] Jean-Baptiste Hus,missing: [S] François Hus [P] sibling [O] Auguste Hus I || incorrect: [S] François Hus [P] child [O] Auguste Hus I,,Hus is a member of the Hus family. His wife is Francoise Hus and he was a member of the Hus family. Hus's siblings include Barthélemy Hus-Desforges and Auguste Hus I. Jean-Baptiste Hus is one of his children.,"[{""subject"": ""François Hus"", ""property"": ""sibling"", ""object"": ""Barthélemy Hus-Desforges""}, {""subject"": ""François Hus"", ""property"": ""child"", ""object"": ""Auguste Hus I""}, {""subject"": ""François Hus"", ""property"": ""spouse"", ""object"": ""Françoise Hus""}, {""subject"": ""François Hus"", ""property"": ""child"", ""object"": ""Jean-Baptiste Hus""}, {""subject"": ""François Hus"", ""property"": ""family"", ""object"": ""Hus family""}]",IGNORE
G0172,candidate_gold,Id15137,incorrect,[S] François Hus [P] family [O] Hus family,missing: [S] François Hus [P] sibling [O] Auguste Hus I || incorrect: [S] François Hus [P] child [O] Auguste Hus I,,Hus is a member of the Hus family. His wife is Francoise Hus and he was a member of the Hus family. Hus's siblings include Barthélemy Hus-Desforges and Auguste Hus I. Jean-Baptiste Hus is one of his children.,"[{""subject"": ""François Hus"", ""property"": ""sibling"", ""object"": ""Barthélemy Hus-Desforges""}, {""subject"": ""François Hus"", ""property"": ""child"", ""object"": ""Auguste Hus I""}, {""subject"": ""François Hus"", ""property"": ""spouse"", ""object"": ""Françoise Hus""}, {""subject"": ""François Hus"", ""property"": ""child"", ""object"": ""Jean-Baptiste Hus""}, {""subject"": ""François Hus"", ""property"": ""family"", ""object"": ""Hus family""}]",IGNORE
G0173,candidate_gold,Id15137,missing,[S] François Hus [P] child [O] Auguste Hus I,missing: [S] François Hus [P] sibling [O] Auguste Hus I || incorrect: [S] François Hus [P] child [O] Auguste Hus I,,Hus is a member of the Hus family. His wife is Francoise Hus and he was a member of the Hus family. Hus's siblings include Barthélemy Hus-Desforges and Auguste Hus I. Jean-Baptiste Hus is one of his children.,"[{""subject"": ""François Hus"", ""property"": ""sibling"", ""object"": ""Barthélemy Hus-Desforges""}, {""subject"": ""François Hus"", ""property"": ""child"", ""object"": ""Auguste Hus I""}, {""subject"": ""François Hus"", ""property"": ""spouse"", ""object"": ""Françoise Hus""}, {""subject"": ""François Hus"", ""property"": ""child"", ""object"": ""Jean-Baptiste Hus""}, {""subject"": ""François Hus"", ""property"": ""family"", ""object"": ""Hus family""}]",IGNORE
G0174,candidate_gold,Id15137,extra,he was a member of the Hus family,missing: [S] François Hus [P] sibling [O] Auguste Hus I || incorrect: [S] François Hus [P] child [O] Auguste Hus I,,Hus is a member of the Hus family. His wife is Francoise Hus and he was a member of the Hus family. Hus's siblings include Barthélemy Hus-Desforges and Auguste Hus I. Jean-Baptiste Hus is one of his children.,"[{""subject"": ""François Hus"", ""property"": ""sibling"", ""object"": ""Barthélemy Hus-Desforges""}, {""subject"": ""François Hus"", ""property"": ""child"", ""object"": ""Auguste Hus I""}, {""subject"": ""François Hus"", ""property"": ""spouse"", ""object"": ""Françoise Hus""}, {""subject"": ""François Hus"", ""property"": ""child"", ""object"": ""Jean-Baptiste Hus""}, {""subject"": ""François Hus"", ""property"": ""family"", ""object"": ""Hus family""}]",IGNORE
P0175,gpt_prediction,Id12489,incorrect,[S] Max Frisch [P] award received [O] Heinrich Heine Prize,,[S] Max Frisch [P] award received [O] Heinrich Heine Prize,"Max Frisch, who graduated from ETH Zurich, was nominated for the Neustadt International Prize for Literature. He was also nominated for the Heinrich Heine Prize. He was also awarded the Conrad Ferdinand Meyer Prize. He was also awarded the Honorary Doctor of the Technical University of Berlin.","[{""subject"": ""Max Frisch"", ""property"": ""educated at"", ""object"": ""ETH Zurich""}, {""subject"": ""Max Frisch"", ""property"": ""award received"", ""object"": ""Conrad Ferdinand Meyer Prize""}, {""subject"": ""Max Frisch"", ""property"": ""nominated for"", ""object"": ""Neustadt International Prize for Literature""}, {""subject"": ""Max Frisch"", ""property"": ""award received"", ""object"": ""Heinrich Heine Prize""}, {""subject"": ""Max Frisch"", ""property"": ""award received"", ""object"": ""Honorary doctor of the Technical University of Berlin""}]",TP
G0176,candidate_gold,Id12489,incorrect,[S] Max Frisch [P] award received [O] Heinrich Heine Prize,incorrect: [S] Max Frisch [P] award received [O] Heinrich Heine Prize,,"Max Frisch, who graduated from ETH Zurich, was nominated for the Neustadt International Prize for Literature. He was also nominated for the Heinrich Heine Prize. He was also awarded the Conrad Ferdinand Meyer Prize. He was also awarded the Honorary Doctor of the Technical University of Berlin.","[{""subject"": ""Max Frisch"", ""property"": ""educated at"", ""object"": ""ETH Zurich""}, {""subject"": ""Max Frisch"", ""property"": ""award received"", ""object"": ""Conrad Ferdinand Meyer Prize""}, {""subject"": ""Max Frisch"", ""property"": ""nominated for"", ""object"": ""Neustadt International Prize for Literature""}, {""subject"": ""Max Frisch"", ""property"": ""award received"", ""object"": ""Heinrich Heine Prize""}, {""subject"": ""Max Frisch"", ""property"": ""award received"", ""object"": ""Honorary doctor of the Technical University of Berlin""}]",IGNORE
G0177,candidate_gold,Id12489,missing,[S] Max Frisch [P] award received [O] Heinrich Heine Prize,incorrect: [S] Max Frisch [P] award received [O] Heinrich Heine Prize,,"Max Frisch, who graduated from ETH Zurich, was nominated for the Neustadt International Prize for Literature. He was also nominated for the Heinrich Heine Prize. He was also awarded the Conrad Ferdinand Meyer Prize. He was also awarded the Honorary Doctor of the Technical University of Berlin.","[{""subject"": ""Max Frisch"", ""property"": ""educated at"", ""object"": ""ETH Zurich""}, {""subject"": ""Max Frisch"", ""property"": ""award received"", ""object"": ""Conrad Ferdinand Meyer Prize""}, {""subject"": ""Max Frisch"", ""property"": ""nominated for"", ""object"": ""Neustadt International Prize for Literature""}, {""subject"": ""Max Frisch"", ""property"": ""award received"", ""object"": ""Heinrich Heine Prize""}, {""subject"": ""Max Frisch"", ""property"": ""award received"", ""object"": ""Honorary doctor of the Technical University of Berlin""}]",IGNORE
P0178,gpt_prediction,Id15267,missing,[S] Otto Schuhart [P] student at [O] Mürwik Naval School,,,"Otto Schuhart, a German speaker, was the commander of the German submarine U-8 in 1935. He was a captain at sea and Fregattenkapitän. He was a former student at the Mürwik Naval School.","[{""subject"": ""Otto Schuhart"", ""property"": ""commander of"", ""object"": ""Mürwik Naval School""}, {""subject"": ""Otto Schuhart"", ""property"": ""military rank"", ""object"": ""Fregattenkapitän""}, {""subject"": ""Otto Schuhart"", ""property"": ""commander of"", ""object"": ""German submarine U-8 ( 1935 )""}, {""subject"": ""Otto Schuhart"", ""property"": ""military rank"", ""object"": ""Captain at sea""}, {""subject"": ""Otto Schuhart"", ""property"": ""languages spoken, written or signed"", ""object"": ""German language""}]",FP
P0179,gpt_prediction,Id15267,incorrect,[S] Otto Schuhart [P] commander of [O] Mürwik Naval School,,[S] Otto Schuhart [P] commander of [O] Mürwik Naval School,"Otto Schuhart, a German speaker, was the commander of the German submarine U-8 in 1935. He was a captain at sea and Fregattenkapitän. He was a former student at the Mürwik Naval School.","[{""subject"": ""Otto Schuhart"", ""property"": ""commander of"", ""object"": ""Mürwik Naval School""}, {""subject"": ""Otto Schuhart"", ""property"": ""military rank"", ""object"": ""Fregattenkapitän""}, {""subject"": ""Otto Schuhart"", ""property"": ""commander of"", ""object"": ""German submarine U-8 ( 1935 )""}, {""subject"": ""Otto Schuhart"", ""property"": ""military rank"", ""object"": ""Captain at sea""}, {""subject"": ""Otto Schuhart"", ""property"": ""languages spoken, written or signed"", ""object"": ""German language""}]",TP
G0180,candidate_gold,Id15267,incorrect,[S] Otto Schuhart [P] commander of [O] Mürwik Naval School,missing: [S] Otto Schuhart [P] student at [O] Mürwik Naval School || incorrect: [S] Otto Schuhart [P] commander of [O] Mürwik Naval School,,"Otto Schuhart, a German speaker, was the commander of the German submarine U-8 in 1935. He was a captain at sea and Fregattenkapitän. He was a former student at the Mürwik Naval School.","[{""subject"": ""Otto Schuhart"", ""property"": ""commander of"", ""object"": ""Mürwik Naval School""}, {""subject"": ""Otto Schuhart"", ""property"": ""military rank"", ""object"": ""Fregattenkapitän""}, {""subject"": ""Otto Schuhart"", ""property"": ""commander of"", ""object"": ""German submarine U-8 ( 1935 )""}, {""subject"": ""Otto Schuhart"", ""property"": ""military rank"", ""object"": ""Captain at sea""}, {""subject"": ""Otto Schuhart"", ""property"": ""languages spoken, written or signed"", ""object"": ""German language""}]",IGNORE
G0181,candidate_gold,Id15698,incorrect,[S] AKR1 [P] ortholog [O] zdhhc17,,,The AKR1 protein is found in Saccharomyces cerevisiae S288c. Its ortholog is Zdhhc17 and its strand orientation is reverse. The DHHC-14 ortholog is also found in this yeast.,"[{""subject"": ""AKR1"", ""property"": ""ortholog"", ""object"": ""Zdhhc17""}, {""subject"": ""AKR1"", ""property"": ""found in taxon"", ""object"": ""Saccharomyces cerevisiae S288c""}, {""subject"": ""AKR1"", ""property"": ""ortholog"", ""object"": ""dhhc-14""}, {""subject"": ""AKR1"", ""property"": ""strand orientation"", ""object"": ""reverse strand""}, {""subject"": ""AKR1"", ""property"": ""ortholog"", ""object"": ""zdhhc17""}]",IGNORE
G0182,candidate_gold,Id15698,missing,[S] AKR1 [P] ortholog [O] Zdhhc17,,,The AKR1 protein is found in Saccharomyces cerevisiae S288c. Its ortholog is Zdhhc17 and its strand orientation is reverse. The DHHC-14 ortholog is also found in this yeast.,"[{""subject"": ""AKR1"", ""property"": ""ortholog"", ""object"": ""Zdhhc17""}, {""subject"": ""AKR1"", ""property"": ""found in taxon"", ""object"": ""Saccharomyces cerevisiae S288c""}, {""subject"": ""AKR1"", ""property"": ""ortholog"", ""object"": ""dhhc-14""}, {""subject"": ""AKR1"", ""property"": ""strand orientation"", ""object"": ""reverse strand""}, {""subject"": ""AKR1"", ""property"": ""ortholog"", ""object"": ""zdhhc17""}]",IGNORE
G0183,candidate_gold,Id15698,extra,in this yeast,,,The AKR1 protein is found in Saccharomyces cerevisiae S288c. Its ortholog is Zdhhc17 and its strand orientation is reverse. The DHHC-14 ortholog is also found in this yeast.,"[{""subject"": ""AKR1"", ""property"": ""ortholog"", ""object"": ""Zdhhc17""}, {""subject"": ""AKR1"", ""property"": ""found in taxon"", ""object"": ""Saccharomyces cerevisiae S288c""}, {""subject"": ""AKR1"", ""property"": ""ortholog"", ""object"": ""dhhc-14""}, {""subject"": ""AKR1"", ""property"": ""strand orientation"", ""object"": ""reverse strand""}, {""subject"": ""AKR1"", ""property"": ""ortholog"", ""object"": ""zdhhc17""}]",IGNORE
P0184,gpt_prediction,Id11960,missing,[S] Andreas Güntner [P] member of sports team [O] SSV Jahn Regensburg,,[S] Andreas Güntner [P] member of sports team [O] SSV Jahn Regensburg,Andreas Güntner is a defender who plays for SSV Jahn Regensburg II in the 3 . Liga league. Güntner is a German citizen.,"[{""subject"": ""Andreas Güntner"", ""property"": ""country for sport"", ""object"": ""Germany""}, {""subject"": ""Andreas Güntner"", ""property"": ""member of sports team"", ""object"": ""SSV Jahn Regensburg""}, {""subject"": ""Andreas Güntner"", ""property"": ""position played on team / speciality"", ""object"": ""Defender ( association football )""}, {""subject"": ""Andreas Güntner"", ""property"": ""league"", ""object"": ""3 . Liga""}, {""subject"": ""Andreas Güntner"", ""property"": ""member of sports team"", ""object"": ""SSV Jahn Regensburg II""}]",TP
G0185,candidate_gold,Id11960,incorrect,[S] Andreas Güntner [P] country for sport [O] Germany,missing: [S] Andreas Güntner [P] member of sports team [O] SSV Jahn Regensburg,,Andreas Güntner is a defender who plays for SSV Jahn Regensburg II in the 3 . Liga league. Güntner is a German citizen.,"[{""subject"": ""Andreas Güntner"", ""property"": ""country for sport"", ""object"": ""Germany""}, {""subject"": ""Andreas Güntner"", ""property"": ""member of sports team"", ""object"": ""SSV Jahn Regensburg""}, {""subject"": ""Andreas Güntner"", ""property"": ""position played on team / speciality"", ""object"": ""Defender ( association football )""}, {""subject"": ""Andreas Güntner"", ""property"": ""league"", ""object"": ""3 . Liga""}, {""subject"": ""Andreas Güntner"", ""property"": ""member of sports team"", ""object"": ""SSV Jahn Regensburg II""}]",IGNORE
G0186,candidate_gold,Id11960,incorrect,[S] Andreas Güntner [P] member of sports team [O] SSV Jahn Regensburg,missing: [S] Andreas Güntner [P] member of sports team [O] SSV Jahn Regensburg,,Andreas Güntner is a defender who plays for SSV Jahn Regensburg II in the 3 . Liga league. Güntner is a German citizen.,"[{""subject"": ""Andreas Güntner"", ""property"": ""country for sport"", ""object"": ""Germany""}, {""subject"": ""Andreas Güntner"", ""property"": ""member of sports team"", ""object"": ""SSV Jahn Regensburg""}, {""subject"": ""Andreas Güntner"", ""property"": ""position played on team / speciality"", ""object"": ""Defender ( association football )""}, {""subject"": ""Andreas Güntner"", ""property"": ""league"", ""object"": ""3 . Liga""}, {""subject"": ""Andreas Güntner"", ""property"": ""member of sports team"", ""object"": ""SSV Jahn Regensburg II""}]",IGNORE
G0187,candidate_gold,Id11960,missing,[S] Andreas Güntner [P] member of sports team [O] SSV Jahn Regensburg,missing: [S] Andreas Güntner [P] member of sports team [O] SSV Jahn Regensburg,,Andreas Güntner is a defender who plays for SSV Jahn Regensburg II in the 3 . Liga league. Güntner is a German citizen.,"[{""subject"": ""Andreas Güntner"", ""property"": ""country for sport"", ""object"": ""Germany""}, {""subject"": ""Andreas Güntner"", ""property"": ""member of sports team"", ""object"": ""SSV Jahn Regensburg""}, {""subject"": ""Andreas Güntner"", ""property"": ""position played on team / speciality"", ""object"": ""Defender ( association football )""}, {""subject"": ""Andreas Güntner"", ""property"": ""league"", ""object"": ""3 . Liga""}, {""subject"": ""Andreas Güntner"", ""property"": ""member of sports team"", ""object"": ""SSV Jahn Regensburg II""}]",IGNORE
P0188,gpt_prediction,Id8498,missing,[S] Magnus Carlsen [P] country for sport [O] Norway,,[S] Magnus Carlsen [P] residence [O] Madrid,"Magnus Carlsen lives in Madrid, Norway. He played at the World Chess Championship 2016 and the Tata Steel Chess Tournament. He won the Chess Oscar.","[{""subject"": ""Magnus Carlsen"", ""property"": ""residence"", ""object"": ""Madrid""}, {""subject"": ""Magnus Carlsen"", ""property"": ""country for sport"", ""object"": ""Norway""}, {""subject"": ""Magnus Carlsen"", ""property"": ""participant of"", ""object"": ""World Chess Championship 2016""}, {""subject"": ""Magnus Carlsen"", ""property"": ""award received"", ""object"": ""Chess Oscar""}, {""subject"": ""Magnus Carlsen"", ""property"": ""participant of"", ""object"": ""Tata Steel Chess Tournament""}]",TP
P0189,gpt_prediction,Id8498,extra,[S] Magnus Carlsen [P] residence [O] Norway,,,"Magnus Carlsen lives in Madrid, Norway. He played at the World Chess Championship 2016 and the Tata Steel Chess Tournament. He won the Chess Oscar.","[{""subject"": ""Magnus Carlsen"", ""property"": ""residence"", ""object"": ""Madrid""}, {""subject"": ""Magnus Carlsen"", ""property"": ""country for sport"", ""object"": ""Norway""}, {""subject"": ""Magnus Carlsen"", ""property"": ""participant of"", ""object"": ""World Chess Championship 2016""}, {""subject"": ""Magnus Carlsen"", ""property"": ""award received"", ""object"": ""Chess Oscar""}, {""subject"": ""Magnus Carlsen"", ""property"": ""participant of"", ""object"": ""Tata Steel Chess Tournament""}]",TP
G0190,candidate_gold,Id8498,incorrect,[S] Magnus Carlsen [P] country for sport [O] Norway,missing: [S] Magnus Carlsen [P] country for sport [O] Norway || extra: [S] Magnus Carlsen [P] residence [O] Norway,,"Magnus Carlsen lives in Madrid, Norway. He played at the World Chess Championship 2016 and the Tata Steel Chess Tournament. He won the Chess Oscar.","[{""subject"": ""Magnus Carlsen"", ""property"": ""residence"", ""object"": ""Madrid""}, {""subject"": ""Magnus Carlsen"", ""property"": ""country for sport"", ""object"": ""Norway""}, {""subject"": ""Magnus Carlsen"", ""property"": ""participant of"", ""object"": ""World Chess Championship 2016""}, {""subject"": ""Magnus Carlsen"", ""property"": ""award received"", ""object"": ""Chess Oscar""}, {""subject"": ""Magnus Carlsen"", ""property"": ""participant of"", ""object"": ""Tata Steel Chess Tournament""}]",IGNORE
G0191,candidate_gold,Id8498,incorrect,[S] Magnus Carlsen [P] residence [O] Madrid,missing: [S] Magnus Carlsen [P] country for sport [O] Norway || extra: [S] Magnus Carlsen [P] residence [O] Norway,,"Magnus Carlsen lives in Madrid, Norway. He played at the World Chess Championship 2016 and the Tata Steel Chess Tournament. He won the Chess Oscar.","[{""subject"": ""Magnus Carlsen"", ""property"": ""residence"", ""object"": ""Madrid""}, {""subject"": ""Magnus Carlsen"", ""property"": ""country for sport"", ""object"": ""Norway""}, {""subject"": ""Magnus Carlsen"", ""property"": ""participant of"", ""object"": ""World Chess Championship 2016""}, {""subject"": ""Magnus Carlsen"", ""property"": ""award received"", ""object"": ""Chess Oscar""}, {""subject"": ""Magnus Carlsen"", ""property"": ""participant of"", ""object"": ""Tata Steel Chess Tournament""}]",IGNORE
G0192,candidate_gold,Id8498,missing,[S] Magnus Carlsen [P] residence [O] Madrid,missing: [S] Magnus Carlsen [P] country for sport [O] Norway || extra: [S] Magnus Carlsen [P] residence [O] Norway,,"Magnus Carlsen lives in Madrid, Norway. He played at the World Chess Championship 2016 and the Tata Steel Chess Tournament. He won the Chess Oscar.","[{""subject"": ""Magnus Carlsen"", ""property"": ""residence"", ""object"": ""Madrid""}, {""subject"": ""Magnus Carlsen"", ""property"": ""country for sport"", ""object"": ""Norway""}, {""subject"": ""Magnus Carlsen"", ""property"": ""participant of"", ""object"": ""World Chess Championship 2016""}, {""subject"": ""Magnus Carlsen"", ""property"": ""award received"", ""object"": ""Chess Oscar""}, {""subject"": ""Magnus Carlsen"", ""property"": ""participant of"", ""object"": ""Tata Steel Chess Tournament""}]",IGNORE
P0193,gpt_prediction,Id8323,missing,[S] John Britton ( antiquary ) [P] sex or gender [O] male,,[S] John Britton ( antiquary ) [P] sex or gender [O] male,"John Britton was born in Kington St. Michael, Kingdom of Great Britain. He was a member of the Society of Antiquaries of London and was awarded the award of Fellow of the Society of Antiquaries. He was also a member of the United Kingdom of Great Britain and Ireland.","[{""subject"": ""John Britton ( antiquary )"", ""property"": ""sex or gender"", ""object"": ""male""}, {""subject"": ""John Britton ( antiquary )"", ""property"": ""country of citizenship"", ""object"": ""United Kingdom of Great Britain and Ireland""}, {""subject"": ""John Britton ( antiquary )"", ""property"": ""place of birth"", ""object"": ""Kington St Michael""}, {""subject"": ""John Britton ( antiquary )"", ""property"": ""country of citizenship"", ""object"": ""Kingdom of Great Britain""}, {""subject"": ""John Britton ( antiquary )"", ""property"": ""award received"", ""object"": ""Fellow of the Society of Antiquaries""}, {""subject"": ""John Britton ( antiquary )"", ""property"": ""member of"", ""object"": ""Society of Antiquaries of London""}]",FP
P0194,gpt_prediction,Id8323,missing,[S] John Britton ( antiquary ) [P] country of citizenship [O] United Kingdom of Great Britain and Ireland,,[S] John Britton ( antiquary ) [P] sex or gender [O] male,"John Britton was born in Kington St. Michael, Kingdom of Great Britain. He was a member of the Society of Antiquaries of London and was awarded the award of Fellow of the Society of Antiquaries. He was also a member of the United Kingdom of Great Britain and Ireland.","[{""subject"": ""John Britton ( antiquary )"", ""property"": ""sex or gender"", ""object"": ""male""}, {""subject"": ""John Britton ( antiquary )"", ""property"": ""country of citizenship"", ""object"": ""United Kingdom of Great Britain and Ireland""}, {""subject"": ""John Britton ( antiquary )"", ""property"": ""place of birth"", ""object"": ""Kington St Michael""}, {""subject"": ""John Britton ( antiquary )"", ""property"": ""country of citizenship"", ""object"": ""Kingdom of Great Britain""}, {""subject"": ""John Britton ( antiquary )"", ""property"": ""award received"", ""object"": ""Fellow of the Society of Antiquaries""}, {""subject"": ""John Britton ( antiquary )"", ""property"": ""member of"", ""object"": ""Society of Antiquaries of London""}]",FP
P0195,gpt_prediction,Id8323,missing,[S] John Britton ( antiquary ) [P] country of citizenship [O] Kingdom of Great Britain,,[S] John Britton ( antiquary ) [P] sex or gender [O] male,"John Britton was born in Kington St. Michael, Kingdom of Great Britain. He was a member of the Society of Antiquaries of London and was awarded the award of Fellow of the Society of Antiquaries. He was also a member of the United Kingdom of Great Britain and Ireland.","[{""subject"": ""John Britton ( antiquary )"", ""property"": ""sex or gender"", ""object"": ""male""}, {""subject"": ""John Britton ( antiquary )"", ""property"": ""country of citizenship"", ""object"": ""United Kingdom of Great Britain and Ireland""}, {""subject"": ""John Britton ( antiquary )"", ""property"": ""place of birth"", ""object"": ""Kington St Michael""}, {""subject"": ""John Britton ( antiquary )"", ""property"": ""country of citizenship"", ""object"": ""Kingdom of Great Britain""}, {""subject"": ""John Britton ( antiquary )"", ""property"": ""award received"", ""object"": ""Fellow of the Society of Antiquaries""}, {""subject"": ""John Britton ( antiquary )"", ""property"": ""member of"", ""object"": ""Society of Antiquaries of London""}]",FP
P0196,gpt_prediction,Id8323,extra,He was also a member of the United Kingdom of Great Britain and Ireland,,,"John Britton was born in Kington St. Michael, Kingdom of Great Britain. He was a member of the Society of Antiquaries of London and was awarded the award of Fellow of the Society of Antiquaries. He was also a member of the United Kingdom of Great Britain and Ireland.","[{""subject"": ""John Britton ( antiquary )"", ""property"": ""sex or gender"", ""object"": ""male""}, {""subject"": ""John Britton ( antiquary )"", ""property"": ""country of citizenship"", ""object"": ""United Kingdom of Great Britain and Ireland""}, {""subject"": ""John Britton ( antiquary )"", ""property"": ""place of birth"", ""object"": ""Kington St Michael""}, {""subject"": ""John Britton ( antiquary )"", ""property"": ""country of citizenship"", ""object"": ""Kingdom of Great Britain""}, {""subject"": ""John Britton ( antiquary )"", ""property"": ""award received"", ""object"": ""Fellow of the Society of Antiquaries""}, {""subject"": ""John Britton ( antiquary )"", ""property"": ""member of"", ""object"": ""Society of Antiquaries of London""}]",FP
G0197,candidate_gold,Id8323,missing,[S] John Britton ( antiquary ) [P] sex or gender [O] male,missing: [S] John Britton ( antiquary ) [P] sex or gender [O] male || missing: [S] John Britton ( antiquary ) [P] country of citizenship [O] United Kingdom of Great Britain and Ireland || missing: [S] John Britton ( antiquary ) [P] country of citizenship [O] Kingdom of Great Britain || extra: He was also a member of the United Kingdom of Great Britain and Ireland,,"John Britton was born in Kington St. Michael, Kingdom of Great Britain. He was a member of the Society of Antiquaries of London and was awarded the award of Fellow of the Society of Antiquaries. He was also a member of the United Kingdom of Great Britain and Ireland.","[{""subject"": ""John Britton ( antiquary )"", ""property"": ""sex or gender"", ""object"": ""male""}, {""subject"": ""John Britton ( antiquary )"", ""property"": ""country of citizenship"", ""object"": ""United Kingdom of Great Britain and Ireland""}, {""subject"": ""John Britton ( antiquary )"", ""property"": ""place of birth"", ""object"": ""Kington St Michael""}, {""subject"": ""John Britton ( antiquary )"", ""property"": ""country of citizenship"", ""object"": ""Kingdom of Great Britain""}, {""subject"": ""John Britton ( antiquary )"", ""property"": ""award received"", ""object"": ""Fellow of the Society of Antiquaries""}, {""subject"": ""John Britton ( antiquary )"", ""property"": ""member of"", ""object"": ""Society of Antiquaries of London""}]",IGNORE
G0198,candidate_gold,Id8323,incorrect,[S] John Britton ( antiquary ) [P] country of citizenship [O] United Kingdom of Great Britain and Ireland,missing: [S] John Britton ( antiquary ) [P] sex or gender [O] male || missing: [S] John Britton ( antiquary ) [P] country of citizenship [O] United Kingdom of Great Britain and Ireland || missing: [S] John Britton ( antiquary ) [P] country of citizenship [O] Kingdom of Great Britain || extra: He was also a member of the United Kingdom of Great Britain and Ireland,,"John Britton was born in Kington St. Michael, Kingdom of Great Britain. He was a member of the Society of Antiquaries of London and was awarded the award of Fellow of the Society of Antiquaries. He was also a member of the United Kingdom of Great Britain and Ireland.","[{""subject"": ""John Britton ( antiquary )"", ""property"": ""sex or gender"", ""object"": ""male""}, {""subject"": ""John Britton ( antiquary )"", ""property"": ""country of citizenship"", ""object"": ""United Kingdom of Great Britain and Ireland""}, {""subject"": ""John Britton ( antiquary )"", ""property"": ""place of birth"", ""object"": ""Kington St Michael""}, {""subject"": ""John Britton ( antiquary )"", ""property"": ""country of citizenship"", ""object"": ""Kingdom of Great Britain""}, {""subject"": ""John Britton ( antiquary )"", ""property"": ""award received"", ""object"": ""Fellow of the Society of Antiquaries""}, {""subject"": ""John Britton ( antiquary )"", ""property"": ""member of"", ""object"": ""Society of Antiquaries of London""}]",IGNORE
G0199,candidate_gold,Id8323,incorrect,[S] John Britton ( antiquary ) [P] country of citizenship [O] Kingdom of Great Britain,missing: [S] John Britton ( antiquary ) [P] sex or gender [O] male || missing: [S] John Britton ( antiquary ) [P] country of citizenship [O] United Kingdom of Great Britain and Ireland || missing: [S] John Britton ( antiquary ) [P] country of citizenship [O] Kingdom of Great Britain || extra: He was also a member of the United Kingdom of Great Britain and Ireland,,"John Britton was born in Kington St. Michael, Kingdom of Great Britain. He was a member of the Society of Antiquaries of London and was awarded the award of Fellow of the Society of Antiquaries. He was also a member of the United Kingdom of Great Britain and Ireland.","[{""subject"": ""John Britton ( antiquary )"", ""property"": ""sex or gender"", ""object"": ""male""}, {""subject"": ""John Britton ( antiquary )"", ""property"": ""country of citizenship"", ""object"": ""United Kingdom of Great Britain and Ireland""}, {""subject"": ""John Britton ( antiquary )"", ""property"": ""place of birth"", ""object"": ""Kington St Michael""}, {""subject"": ""John Britton ( antiquary )"", ""property"": ""country of citizenship"", ""object"": ""Kingdom of Great Britain""}, {""subject"": ""John Britton ( antiquary )"", ""property"": ""award received"", ""object"": ""Fellow of the Society of Antiquaries""}, {""subject"": ""John Britton ( antiquary )"", ""property"": ""member of"", ""object"": ""Society of Antiquaries of London""}]",IGNORE
P0200,gpt_prediction,Id8891,extra,[S] Joyce Redman [P] statement is subject of [O] 36th Academy Awards,,in 1963 || at the 38th Academy Awards in 1963,Joyce Redman was nominated for the Academy Award for Best Supporting Actress at the 36th Academy Awards in 1963. She has also won the award at the 38th Academy Awards in 1963 for her work in the film Tom Jones. She also starred in the 1965 British film Othello.,"[{""subject"": ""Joyce Redman"", ""property"": ""nominated for"", ""object"": ""Academy Award for Best Supporting Actress""}, {""subject"": ""Joyce Redman"", ""property"": ""statement is subject of"", ""object"": ""36th Academy Awards""}, {""subject"": ""Joyce Redman"", ""property"": ""statement is subject of"", ""object"": ""38th Academy Awards""}, {""subject"": ""Joyce Redman"", ""property"": ""for work"", ""object"": ""Othello ( 1965 British film )""}, {""subject"": ""Joyce Redman"", ""property"": ""for work"", ""object"": ""Tom Jones ( 1963 film )""}, {""subject"": ""Joyce Redman"", ""property"": ""point in time"", ""object"": ""01 January 1963""}]",FP
P0201,gpt_prediction,Id8891,extra,[S] Joyce Redman [P] statement is subject of [O] 38th Academy Awards,,in 1963 || at the 38th Academy Awards in 1963,Joyce Redman was nominated for the Academy Award for Best Supporting Actress at the 36th Academy Awards in 1963. She has also won the award at the 38th Academy Awards in 1963 for her work in the film Tom Jones. She also starred in the 1965 British film Othello.,"[{""subject"": ""Joyce Redman"", ""property"": ""nominated for"", ""object"": ""Academy Award for Best Supporting Actress""}, {""subject"": ""Joyce Redman"", ""property"": ""statement is subject of"", ""object"": ""36th Academy Awards""}, {""subject"": ""Joyce Redman"", ""property"": ""statement is subject of"", ""object"": ""38th Academy Awards""}, {""subject"": ""Joyce Redman"", ""property"": ""for work"", ""object"": ""Othello ( 1965 British film )""}, {""subject"": ""Joyce Redman"", ""property"": ""for work"", ""object"": ""Tom Jones ( 1963 film )""}, {""subject"": ""Joyce Redman"", ""property"": ""point in time"", ""object"": ""01 January 1963""}]",FP
P0202,gpt_prediction,Id8891,extra,[S] Joyce Redman [P] point in time [O] 01 January 1963,,in 1963 || at the 38th Academy Awards in 1963,Joyce Redman was nominated for the Academy Award for Best Supporting Actress at the 36th Academy Awards in 1963. She has also won the award at the 38th Academy Awards in 1963 for her work in the film Tom Jones. She also starred in the 1965 British film Othello.,"[{""subject"": ""Joyce Redman"", ""property"": ""nominated for"", ""object"": ""Academy Award for Best Supporting Actress""}, {""subject"": ""Joyce Redman"", ""property"": ""statement is subject of"", ""object"": ""36th Academy Awards""}, {""subject"": ""Joyce Redman"", ""property"": ""statement is subject of"", ""object"": ""38th Academy Awards""}, {""subject"": ""Joyce Redman"", ""property"": ""for work"", ""object"": ""Othello ( 1965 British film )""}, {""subject"": ""Joyce Redman"", ""property"": ""for work"", ""object"": ""Tom Jones ( 1963 film )""}, {""subject"": ""Joyce Redman"", ""property"": ""point in time"", ""object"": ""01 January 1963""}]",FP
P0203,gpt_prediction,Id8891,incorrect,[S] Joyce Redman [P] for work [O] Othello ( 1965 British film ),,[S] Joyce Redman [P] point in time [O] 01 January 1963 || [S] Joyce Redman [P] for work [O] Othello ( 1965 British film ),Joyce Redman was nominated for the Academy Award for Best Supporting Actress at the 36th Academy Awards in 1963. She has also won the award at the 38th Academy Awards in 1963 for her work in the film Tom Jones. She also starred in the 1965 British film Othello.,"[{""subject"": ""Joyce Redman"", ""property"": ""nominated for"", ""object"": ""Academy Award for Best Supporting Actress""}, {""subject"": ""Joyce Redman"", ""property"": ""statement is subject of"", ""object"": ""36th Academy Awards""}, {""subject"": ""Joyce Redman"", ""property"": ""statement is subject of"", ""object"": ""38th Academy Awards""}, {""subject"": ""Joyce Redman"", ""property"": ""for work"", ""object"": ""Othello ( 1965 British film )""}, {""subject"": ""Joyce Redman"", ""property"": ""for work"", ""object"": ""Tom Jones ( 1963 film )""}, {""subject"": ""Joyce Redman"", ""property"": ""point in time"", ""object"": ""01 January 1963""}]",FP
G0204,candidate_gold,Id8891,incorrect,[S] Joyce Redman [P] point in time [O] 01 January 1963,extra: [S] Joyce Redman [P] statement is subject of [O] 36th Academy Awards || extra: [S] Joyce Redman [P] statement is subject of [O] 38th Academy Awards || extra: [S] Joyce Redman [P] point in time [O] 01 January 1963 || incorrect: [S] Joyce Redman [P] for work [O] Othello ( 1965 British film ),,Joyce Redman was nominated for the Academy Award for Best Supporting Actress at the 36th Academy Awards in 1963. She has also won the award at the 38th Academy Awards in 1963 for her work in the film Tom Jones. She also starred in the 1965 British film Othello.,"[{""subject"": ""Joyce Redman"", ""property"": ""nominated for"", ""object"": ""Academy Award for Best Supporting Actress""}, {""subject"": ""Joyce Redman"", ""property"": ""statement is subject of"", ""object"": ""36th Academy Awards""}, {""subject"": ""Joyce Redman"", ""property"": ""statement is subject of"", ""object"": ""38th Academy Awards""}, {""subject"": ""Joyce Redman"", ""property"": ""for work"", ""object"": ""Othello ( 1965 British film )""}, {""subject"": ""Joyce Redman"", ""property"": ""for work"", ""object"": ""Tom Jones ( 1963 film )""}, {""subject"": ""Joyce Redman"", ""property"": ""point in time"", ""object"": ""01 January 1963""}]",IGNORE
G0205,candidate_gold,Id8891,missing,[S] Joyce Redman [P] point in time [O] 01 January 1963,extra: [S] Joyce Redman [P] statement is subject of [O] 36th Academy Awards || extra: [S] Joyce Redman [P] statement is subject of [O] 38th Academy Awards || extra: [S] Joyce Redman [P] point in time [O] 01 January 1963 || incorrect: [S] Joyce Redman [P] for work [O] Othello ( 1965 British film ),,Joyce Redman was nominated for the Academy Award for Best Supporting Actress at the 36th Academy Awards in 1963. She has also won the award at the 38th Academy Awards in 1963 for her work in the film Tom Jones. She also starred in the 1965 British film Othello.,"[{""subject"": ""Joyce Redman"", ""property"": ""nominated for"", ""object"": ""Academy Award for Best Supporting Actress""}, {""subject"": ""Joyce Redman"", ""property"": ""statement is subject of"", ""object"": ""36th Academy Awards""}, {""subject"": ""Joyce Redman"", ""property"": ""statement is subject of"", ""object"": ""38th Academy Awards""}, {""subject"": ""Joyce Redman"", ""property"": ""for work"", ""object"": ""Othello ( 1965 British film )""}, {""subject"": ""Joyce Redman"", ""property"": ""for work"", ""object"": ""Tom Jones ( 1963 film )""}, {""subject"": ""Joyce Redman"", ""property"": ""point in time"", ""object"": ""01 January 1963""}]",IGNORE
G0206,candidate_gold,Id8891,incorrect,[S] Joyce Redman [P] for work [O] Othello ( 1965 British film ),extra: [S] Joyce Redman [P] statement is subject of [O] 36th Academy Awards || extra: [S] Joyce Redman [P] statement is subject of [O] 38th Academy Awards || extra: [S] Joyce Redman [P] point in time [O] 01 January 1963 || incorrect: [S] Joyce Redman [P] for work [O] Othello ( 1965 British film ),,Joyce Redman was nominated for the Academy Award for Best Supporting Actress at the 36th Academy Awards in 1963. She has also won the award at the 38th Academy Awards in 1963 for her work in the film Tom Jones. She also starred in the 1965 British film Othello.,"[{""subject"": ""Joyce Redman"", ""property"": ""nominated for"", ""object"": ""Academy Award for Best Supporting Actress""}, {""subject"": ""Joyce Redman"", ""property"": ""statement is subject of"", ""object"": ""36th Academy Awards""}, {""subject"": ""Joyce Redman"", ""property"": ""statement is subject of"", ""object"": ""38th Academy Awards""}, {""subject"": ""Joyce Redman"", ""property"": ""for work"", ""object"": ""Othello ( 1965 British film )""}, {""subject"": ""Joyce Redman"", ""property"": ""for work"", ""object"": ""Tom Jones ( 1963 film )""}, {""subject"": ""Joyce Redman"", ""property"": ""point in time"", ""object"": ""01 January 1963""}]",IGNORE
G0207,candidate_gold,Id8891,extra,in 1963,extra: [S] Joyce Redman [P] statement is subject of [O] 36th Academy Awards || extra: [S] Joyce Redman [P] statement is subject of [O] 38th Academy Awards || extra: [S] Joyce Redman [P] point in time [O] 01 January 1963 || incorrect: [S] Joyce Redman [P] for work [O] Othello ( 1965 British film ),,Joyce Redman was nominated for the Academy Award for Best Supporting Actress at the 36th Academy Awards in 1963. She has also won the award at the 38th Academy Awards in 1963 for her work in the film Tom Jones. She also starred in the 1965 British film Othello.,"[{""subject"": ""Joyce Redman"", ""property"": ""nominated for"", ""object"": ""Academy Award for Best Supporting Actress""}, {""subject"": ""Joyce Redman"", ""property"": ""statement is subject of"", ""object"": ""36th Academy Awards""}, {""subject"": ""Joyce Redman"", ""property"": ""statement is subject of"", ""object"": ""38th Academy Awards""}, {""subject"": ""Joyce Redman"", ""property"": ""for work"", ""object"": ""Othello ( 1965 British film )""}, {""subject"": ""Joyce Redman"", ""property"": ""for work"", ""object"": ""Tom Jones ( 1963 film )""}, {""subject"": ""Joyce Redman"", ""property"": ""point in time"", ""object"": ""01 January 1963""}]",IGNORE
G0208,candidate_gold,Id8891,extra,at the 38th Academy Awards in 1963,extra: [S] Joyce Redman [P] statement is subject of [O] 36th Academy Awards || extra: [S] Joyce Redman [P] statement is subject of [O] 38th Academy Awards || extra: [S] Joyce Redman [P] point in time [O] 01 January 1963 || incorrect: [S] Joyce Redman [P] for work [O] Othello ( 1965 British film ),,Joyce Redman was nominated for the Academy Award for Best Supporting Actress at the 36th Academy Awards in 1963. She has also won the award at the 38th Academy Awards in 1963 for her work in the film Tom Jones. She also starred in the 1965 British film Othello.,"[{""subject"": ""Joyce Redman"", ""property"": ""nominated for"", ""object"": ""Academy Award for Best Supporting Actress""}, {""subject"": ""Joyce Redman"", ""property"": ""statement is subject of"", ""object"": ""36th Academy Awards""}, {""subject"": ""Joyce Redman"", ""property"": ""statement is subject of"", ""object"": ""38th Academy Awards""}, {""subject"": ""Joyce Redman"", ""property"": ""for work"", ""object"": ""Othello ( 1965 British film )""}, {""subject"": ""Joyce Redman"", ""property"": ""for work"", ""object"": ""Tom Jones ( 1963 film )""}, {""subject"": ""Joyce Redman"", ""property"": ""point in time"", ""object"": ""01 January 1963""}]",IGNORE
P0209,gpt_prediction,Id13043,missing,[S] Propylaea ( Munich ) [P] heritage designation [O] architectural heritage monument in Bavaria,,[S] Propylaea ( Munich ) [P] significant event [O] start of manufacturing or construction || [S] Propylaea ( Munich ) [P] heritage designation [O] architectural heritage monument in Bavaria,The architect of the Propylaea in Munich is Leo von Klenze. The building is located on the street of the same name in Munich. The building was commissioned by Ludwig I of Bavaria and is a Greek Revival architectural monument.,"[{""subject"": ""Propylaea ( Munich )"", ""property"": ""architect"", ""object"": ""Leo von Klenze""}, {""subject"": ""Propylaea ( Munich )"", ""property"": ""architectural style"", ""object"": ""Greek Revival architecture""}, {""subject"": ""Propylaea ( Munich )"", ""property"": ""heritage designation"", ""object"": ""architectural heritage monument in Bavaria""}, {""subject"": ""Propylaea ( Munich )"", ""property"": ""located on street"", ""object"": ""Königsplatz , Munich""}, {""subject"": ""Propylaea ( Munich )"", ""property"": ""commissioned by"", ""object"": ""Ludwig I of Bavaria""}, {""subject"": ""Propylaea ( Munich )"", ""property"": ""significant event"", ""object"": ""start of manufacturing or construction""}]",TP
P0210,gpt_prediction,Id13043,missing,[S] Propylaea ( Munich ) [P] significant event [O] start of manufacturing or construction,,[S] Propylaea ( Munich ) [P] significant event [O] start of manufacturing or construction || [S] Propylaea ( Munich ) [P] heritage designation [O] architectural heritage monument in Bavaria,The architect of the Propylaea in Munich is Leo von Klenze. The building is located on the street of the same name in Munich. The building was commissioned by Ludwig I of Bavaria and is a Greek Revival architectural monument.,"[{""subject"": ""Propylaea ( Munich )"", ""property"": ""architect"", ""object"": ""Leo von Klenze""}, {""subject"": ""Propylaea ( Munich )"", ""property"": ""architectural style"", ""object"": ""Greek Revival architecture""}, {""subject"": ""Propylaea ( Munich )"", ""property"": ""heritage designation"", ""object"": ""architectural heritage monument in Bavaria""}, {""subject"": ""Propylaea ( Munich )"", ""property"": ""located on street"", ""object"": ""Königsplatz , Munich""}, {""subject"": ""Propylaea ( Munich )"", ""property"": ""commissioned by"", ""object"": ""Ludwig I of Bavaria""}, {""subject"": ""Propylaea ( Munich )"", ""property"": ""significant event"", ""object"": ""start of manufacturing or construction""}]",TP
P0211,gpt_prediction,Id13043,incorrect,"[S] Propylaea ( Munich ) [P] located on street [O] Königsplatz , Munich",,"[S] Propylaea ( Munich ) [P] located on street [O] Königsplatz , Munich",The architect of the Propylaea in Munich is Leo von Klenze. The building is located on the street of the same name in Munich. The building was commissioned by Ludwig I of Bavaria and is a Greek Revival architectural monument.,"[{""subject"": ""Propylaea ( Munich )"", ""property"": ""architect"", ""object"": ""Leo von Klenze""}, {""subject"": ""Propylaea ( Munich )"", ""property"": ""architectural style"", ""object"": ""Greek Revival architecture""}, {""subject"": ""Propylaea ( Munich )"", ""property"": ""heritage designation"", ""object"": ""architectural heritage monument in Bavaria""}, {""subject"": ""Propylaea ( Munich )"", ""property"": ""located on street"", ""object"": ""Königsplatz , Munich""}, {""subject"": ""Propylaea ( Munich )"", ""property"": ""commissioned by"", ""object"": ""Ludwig I of Bavaria""}, {""subject"": ""Propylaea ( Munich )"", ""property"": ""significant event"", ""object"": ""start of manufacturing or construction""}]",TP
G0212,candidate_gold,Id13043,missing,[S] Propylaea ( Munich ) [P] significant event [O] start of manufacturing or construction,"missing: [S] Propylaea ( Munich ) [P] heritage designation [O] architectural heritage monument in Bavaria || missing: [S] Propylaea ( Munich ) [P] significant event [O] start of manufacturing or construction || incorrect: [S] Propylaea ( Munich ) [P] located on street [O] Königsplatz , Munich",,The architect of the Propylaea in Munich is Leo von Klenze. The building is located on the street of the same name in Munich. The building was commissioned by Ludwig I of Bavaria and is a Greek Revival architectural monument.,"[{""subject"": ""Propylaea ( Munich )"", ""property"": ""architect"", ""object"": ""Leo von Klenze""}, {""subject"": ""Propylaea ( Munich )"", ""property"": ""architectural style"", ""object"": ""Greek Revival architecture""}, {""subject"": ""Propylaea ( Munich )"", ""property"": ""heritage designation"", ""object"": ""architectural heritage monument in Bavaria""}, {""subject"": ""Propylaea ( Munich )"", ""property"": ""located on street"", ""object"": ""Königsplatz , Munich""}, {""subject"": ""Propylaea ( Munich )"", ""property"": ""commissioned by"", ""object"": ""Ludwig I of Bavaria""}, {""subject"": ""Propylaea ( Munich )"", ""property"": ""significant event"", ""object"": ""start of manufacturing or construction""}]",IGNORE
G0213,candidate_gold,Id13043,incorrect,"[S] Propylaea ( Munich ) [P] located on street [O] Königsplatz , Munich","missing: [S] Propylaea ( Munich ) [P] heritage designation [O] architectural heritage monument in Bavaria || missing: [S] Propylaea ( Munich ) [P] significant event [O] start of manufacturing or construction || incorrect: [S] Propylaea ( Munich ) [P] located on street [O] Königsplatz , Munich",,The architect of the Propylaea in Munich is Leo von Klenze. The building is located on the street of the same name in Munich. The building was commissioned by Ludwig I of Bavaria and is a Greek Revival architectural monument.,"[{""subject"": ""Propylaea ( Munich )"", ""property"": ""architect"", ""object"": ""Leo von Klenze""}, {""subject"": ""Propylaea ( Munich )"", ""property"": ""architectural style"", ""object"": ""Greek Revival architecture""}, {""subject"": ""Propylaea ( Munich )"", ""property"": ""heritage designation"", ""object"": ""architectural heritage monument in Bavaria""}, {""subject"": ""Propylaea ( Munich )"", ""property"": ""located on street"", ""object"": ""Königsplatz , Munich""}, {""subject"": ""Propylaea ( Munich )"", ""property"": ""commissioned by"", ""object"": ""Ludwig I of Bavaria""}, {""subject"": ""Propylaea ( Munich )"", ""property"": ""significant event"", ""object"": ""start of manufacturing or construction""}]",IGNORE
G0214,candidate_gold,Id13043,missing,[S] Propylaea ( Munich ) [P] heritage designation [O] architectural heritage monument in Bavaria,"missing: [S] Propylaea ( Munich ) [P] heritage designation [O] architectural heritage monument in Bavaria || missing: [S] Propylaea ( Munich ) [P] significant event [O] start of manufacturing or construction || incorrect: [S] Propylaea ( Munich ) [P] located on street [O] Königsplatz , Munich",,The architect of the Propylaea in Munich is Leo von Klenze. The building is located on the street of the same name in Munich. The building was commissioned by Ludwig I of Bavaria and is a Greek Revival architectural monument.,"[{""subject"": ""Propylaea ( Munich )"", ""property"": ""architect"", ""object"": ""Leo von Klenze""}, {""subject"": ""Propylaea ( Munich )"", ""property"": ""architectural style"", ""object"": ""Greek Revival architecture""}, {""subject"": ""Propylaea ( Munich )"", ""property"": ""heritage designation"", ""object"": ""architectural heritage monument in Bavaria""}, {""subject"": ""Propylaea ( Munich )"", ""property"": ""located on street"", ""object"": ""Königsplatz , Munich""}, {""subject"": ""Propylaea ( Munich )"", ""property"": ""commissioned by"", ""object"": ""Ludwig I of Bavaria""}, {""subject"": ""Propylaea ( Munich )"", ""property"": ""significant event"", ""object"": ""start of manufacturing or construction""}]",IGNORE
P0215,gpt_prediction,Id12611,missing,[S] Kelsey Weems [P] sex or gender [O] male,,[S] Kelsey Weems [P] sex or gender [O] male,"Standing at a height of 6'4"" and weighing 220 pounds, Kelsey Weems is a point guard. He played for the NC State Wolfpack men's basketball team. He was drafted by Rockford Lightning and he competed in the 1993 Tournament of the Americas.","[{""subject"": ""Kelsey Weems"", ""property"": ""sex or gender"", ""object"": ""male""}, {""subject"": ""Kelsey Weems"", ""property"": ""participant of"", ""object"": ""1993 Tournament of the Americas""}, {""subject"": ""Kelsey Weems"", ""property"": ""sport"", ""object"": ""Basketball""}, {""subject"": ""Kelsey Weems"", ""property"": ""member of sports team"", ""object"": ""NC State Wolfpack men 's basketball""}, {""subject"": ""Kelsey Weems"", ""property"": ""position played on team / speciality"", ""object"": ""Point guard""}, {""subject"": ""Kelsey Weems"", ""property"": ""drafted by"", ""object"": ""Rockford Lightning""}]",FP
P0216,gpt_prediction,Id12611,missing,[S] Kelsey Weems [P] sport [O] Basketball,,[S] Kelsey Weems [P] sex or gender [O] male,"Standing at a height of 6'4"" and weighing 220 pounds, Kelsey Weems is a point guard. He played for the NC State Wolfpack men's basketball team. He was drafted by Rockford Lightning and he competed in the 1993 Tournament of the Americas.","[{""subject"": ""Kelsey Weems"", ""property"": ""sex or gender"", ""object"": ""male""}, {""subject"": ""Kelsey Weems"", ""property"": ""participant of"", ""object"": ""1993 Tournament of the Americas""}, {""subject"": ""Kelsey Weems"", ""property"": ""sport"", ""object"": ""Basketball""}, {""subject"": ""Kelsey Weems"", ""property"": ""member of sports team"", ""object"": ""NC State Wolfpack men 's basketball""}, {""subject"": ""Kelsey Weems"", ""property"": ""position played on team / speciality"", ""object"": ""Point guard""}, {""subject"": ""Kelsey Weems"", ""property"": ""drafted by"", ""object"": ""Rockford Lightning""}]",FP
P0217,gpt_prediction,Id12611,extra,"[S] Kelsey Weems [P] height [O] 6'4""",,[S] Kelsey Weems [P] height [O] 6 foot 4 inches || [S] Kelsey Weems [P] weight [O] 220.0 (pound) || [S] Kelsey Weems [P] height [O] 6 ft 4 in (193.0 mm) || [S] Kelsey Weems [P] weight [O] 220 (pounds) || [S] Kelsey Weems [P] height [O] 63 (inches),"Standing at a height of 6'4"" and weighing 220 pounds, Kelsey Weems is a point guard. He played for the NC State Wolfpack men's basketball team. He was drafted by Rockford Lightning and he competed in the 1993 Tournament of the Americas.","[{""subject"": ""Kelsey Weems"", ""property"": ""sex or gender"", ""object"": ""male""}, {""subject"": ""Kelsey Weems"", ""property"": ""participant of"", ""object"": ""1993 Tournament of the Americas""}, {""subject"": ""Kelsey Weems"", ""property"": ""sport"", ""object"": ""Basketball""}, {""subject"": ""Kelsey Weems"", ""property"": ""member of sports team"", ""object"": ""NC State Wolfpack men 's basketball""}, {""subject"": ""Kelsey Weems"", ""property"": ""position played on team / speciality"", ""object"": ""Point guard""}, {""subject"": ""Kelsey Weems"", ""property"": ""drafted by"", ""object"": ""Rockford Lightning""}]",TP
P0218,gpt_prediction,Id12611,extra,[S] Kelsey Weems [P] weight [O] 220 pounds,,[S] Kelsey Weems [P] height [O] 6 foot 4 inches || [S] Kelsey Weems [P] weight [O] 220.0 (pound) || [S] Kelsey Weems [P] height [O] 6 ft 4 in (193.0 mm) || [S] Kelsey Weems [P] weight [O] 220 (pounds) || [S] Kelsey Weems [P] height [O] 63 (inches),"Standing at a height of 6'4"" and weighing 220 pounds, Kelsey Weems is a point guard. He played for the NC State Wolfpack men's basketball team. He was drafted by Rockford Lightning and he competed in the 1993 Tournament of the Americas.","[{""subject"": ""Kelsey Weems"", ""property"": ""sex or gender"", ""object"": ""male""}, {""subject"": ""Kelsey Weems"", ""property"": ""participant of"", ""object"": ""1993 Tournament of the Americas""}, {""subject"": ""Kelsey Weems"", ""property"": ""sport"", ""object"": ""Basketball""}, {""subject"": ""Kelsey Weems"", ""property"": ""member of sports team"", ""object"": ""NC State Wolfpack men 's basketball""}, {""subject"": ""Kelsey Weems"", ""property"": ""position played on team / speciality"", ""object"": ""Point guard""}, {""subject"": ""Kelsey Weems"", ""property"": ""drafted by"", ""object"": ""Rockford Lightning""}]",TP
G0219,candidate_gold,Id12611,missing,[S] Kelsey Weems [P] sex or gender [O] male,"missing: [S] Kelsey Weems [P] sex or gender [O] male || missing: [S] Kelsey Weems [P] sport [O] Basketball || extra: [S] Kelsey Weems [P] height [O] 6'4"" || extra: [S] Kelsey Weems [P] weight [O] 220 pounds",,"Standing at a height of 6'4"" and weighing 220 pounds, Kelsey Weems is a point guard. He played for the NC State Wolfpack men's basketball team. He was drafted by Rockford Lightning and he competed in the 1993 Tournament of the Americas.","[{""subject"": ""Kelsey Weems"", ""property"": ""sex or gender"", ""object"": ""male""}, {""subject"": ""Kelsey Weems"", ""property"": ""participant of"", ""object"": ""1993 Tournament of the Americas""}, {""subject"": ""Kelsey Weems"", ""property"": ""sport"", ""object"": ""Basketball""}, {""subject"": ""Kelsey Weems"", ""property"": ""member of sports team"", ""object"": ""NC State Wolfpack men 's basketball""}, {""subject"": ""Kelsey Weems"", ""property"": ""position played on team / speciality"", ""object"": ""Point guard""}, {""subject"": ""Kelsey Weems"", ""property"": ""drafted by"", ""object"": ""Rockford Lightning""}]",IGNORE
G0220,candidate_gold,Id12611,extra,[S] Kelsey Weems [P] height [O] 6 foot 4 inches,"missing: [S] Kelsey Weems [P] sex or gender [O] male || missing: [S] Kelsey Weems [P] sport [O] Basketball || extra: [S] Kelsey Weems [P] height [O] 6'4"" || extra: [S] Kelsey Weems [P] weight [O] 220 pounds",,"Standing at a height of 6'4"" and weighing 220 pounds, Kelsey Weems is a point guard. He played for the NC State Wolfpack men's basketball team. He was drafted by Rockford Lightning and he competed in the 1993 Tournament of the Americas.","[{""subject"": ""Kelsey Weems"", ""property"": ""sex or gender"", ""object"": ""male""}, {""subject"": ""Kelsey Weems"", ""property"": ""participant of"", ""object"": ""1993 Tournament of the Americas""}, {""subject"": ""Kelsey Weems"", ""property"": ""sport"", ""object"": ""Basketball""}, {""subject"": ""Kelsey Weems"", ""property"": ""member of sports team"", ""object"": ""NC State Wolfpack men 's basketball""}, {""subject"": ""Kelsey Weems"", ""property"": ""position played on team / speciality"", ""object"": ""Point guard""}, {""subject"": ""Kelsey Weems"", ""property"": ""drafted by"", ""object"": ""Rockford Lightning""}]",IGNORE
G0221,candidate_gold,Id12611,extra,[S] Kelsey Weems [P] weight [O] 220.0 (pound),"missing: [S] Kelsey Weems [P] sex or gender [O] male || missing: [S] Kelsey Weems [P] sport [O] Basketball || extra: [S] Kelsey Weems [P] height [O] 6'4"" || extra: [S] Kelsey Weems [P] weight [O] 220 pounds",,"Standing at a height of 6'4"" and weighing 220 pounds, Kelsey Weems is a point guard. He played for the NC State Wolfpack men's basketball team. He was drafted by Rockford Lightning and he competed in the 1993 Tournament of the Americas.","[{""subject"": ""Kelsey Weems"", ""property"": ""sex or gender"", ""object"": ""male""}, {""subject"": ""Kelsey Weems"", ""property"": ""participant of"", ""object"": ""1993 Tournament of the Americas""}, {""subject"": ""Kelsey Weems"", ""property"": ""sport"", ""object"": ""Basketball""}, {""subject"": ""Kelsey Weems"", ""property"": ""member of sports team"", ""object"": ""NC State Wolfpack men 's basketball""}, {""subject"": ""Kelsey Weems"", ""property"": ""position played on team / speciality"", ""object"": ""Point guard""}, {""subject"": ""Kelsey Weems"", ""property"": ""drafted by"", ""object"": ""Rockford Lightning""}]",IGNORE
G0222,candidate_gold,Id12611,extra,[S] Kelsey Weems [P] height [O] 6 ft 4 in (193.0 mm),"missing: [S] Kelsey Weems [P] sex or gender [O] male || missing: [S] Kelsey Weems [P] sport [O] Basketball || extra: [S] Kelsey Weems [P] height [O] 6'4"" || extra: [S] Kelsey Weems [P] weight [O] 220 pounds",,"Standing at a height of 6'4"" and weighing 220 pounds, Kelsey Weems is a point guard. He played for the NC State Wolfpack men's basketball team. He was drafted by Rockford Lightning and he competed in the 1993 Tournament of the Americas.","[{""subject"": ""Kelsey Weems"", ""property"": ""sex or gender"", ""object"": ""male""}, {""subject"": ""Kelsey Weems"", ""property"": ""participant of"", ""object"": ""1993 Tournament of the Americas""}, {""subject"": ""Kelsey Weems"", ""property"": ""sport"", ""object"": ""Basketball""}, {""subject"": ""Kelsey Weems"", ""property"": ""member of sports team"", ""object"": ""NC State Wolfpack men 's basketball""}, {""subject"": ""Kelsey Weems"", ""property"": ""position played on team / speciality"", ""object"": ""Point guard""}, {""subject"": ""Kelsey Weems"", ""property"": ""drafted by"", ""object"": ""Rockford Lightning""}]",IGNORE
G0223,candidate_gold,Id12611,extra,[S] Kelsey Weems [P] weight [O] 220 (pounds),"missing: [S] Kelsey Weems [P] sex or gender [O] male || missing: [S] Kelsey Weems [P] sport [O] Basketball || extra: [S] Kelsey Weems [P] height [O] 6'4"" || extra: [S] Kelsey Weems [P] weight [O] 220 pounds",,"Standing at a height of 6'4"" and weighing 220 pounds, Kelsey Weems is a point guard. He played for the NC State Wolfpack men's basketball team. He was drafted by Rockford Lightning and he competed in the 1993 Tournament of the Americas.","[{""subject"": ""Kelsey Weems"", ""property"": ""sex or gender"", ""object"": ""male""}, {""subject"": ""Kelsey Weems"", ""property"": ""participant of"", ""object"": ""1993 Tournament of the Americas""}, {""subject"": ""Kelsey Weems"", ""property"": ""sport"", ""object"": ""Basketball""}, {""subject"": ""Kelsey Weems"", ""property"": ""member of sports team"", ""object"": ""NC State Wolfpack men 's basketball""}, {""subject"": ""Kelsey Weems"", ""property"": ""position played on team / speciality"", ""object"": ""Point guard""}, {""subject"": ""Kelsey Weems"", ""property"": ""drafted by"", ""object"": ""Rockford Lightning""}]",IGNORE
G0224,candidate_gold,Id12611,extra,[S] Kelsey Weems [P] height [O] 63 (inches),"missing: [S] Kelsey Weems [P] sex or gender [O] male || missing: [S] Kelsey Weems [P] sport [O] Basketball || extra: [S] Kelsey Weems [P] height [O] 6'4"" || extra: [S] Kelsey Weems [P] weight [O] 220 pounds",,"Standing at a height of 6'4"" and weighing 220 pounds, Kelsey Weems is a point guard. He played for the NC State Wolfpack men's basketball team. He was drafted by Rockford Lightning and he competed in the 1993 Tournament of the Americas.","[{""subject"": ""Kelsey Weems"", ""property"": ""sex or gender"", ""object"": ""male""}, {""subject"": ""Kelsey Weems"", ""property"": ""participant of"", ""object"": ""1993 Tournament of the Americas""}, {""subject"": ""Kelsey Weems"", ""property"": ""sport"", ""object"": ""Basketball""}, {""subject"": ""Kelsey Weems"", ""property"": ""member of sports team"", ""object"": ""NC State Wolfpack men 's basketball""}, {""subject"": ""Kelsey Weems"", ""property"": ""position played on team / speciality"", ""object"": ""Point guard""}, {""subject"": ""Kelsey Weems"", ""property"": ""drafted by"", ""object"": ""Rockford Lightning""}]",IGNORE
P0225,gpt_prediction,Id12076,incorrect,[S] German submarine U-844 [P] significant event [O] sinking,,[S] German submarine U-844 [P] use [O] deployment,The German submarine U-844 is made by the AG Weser and has a home port in Lorient. Its main use is for education and it has been sinking and deployed. Its launching ceremony is a significant event.,"[{""subject"": ""German submarine U-844"", ""property"": ""home port"", ""object"": ""Lorient""}, {""subject"": ""German submarine U-844"", ""property"": ""manufacturer"", ""object"": ""AG Weser""}, {""subject"": ""German submarine U-844"", ""property"": ""use"", ""object"": ""Education""}, {""subject"": ""German submarine U-844"", ""property"": ""significant event"", ""object"": ""sinking""}, {""subject"": ""German submarine U-844"", ""property"": ""use"", ""object"": ""deployment""}, {""subject"": ""German submarine U-844"", ""property"": ""significant event"", ""object"": ""Ceremonial ship launching""}]",FP
P0226,gpt_prediction,Id12076,incorrect,[S] German submarine U-844 [P] use [O] deployment,,[S] German submarine U-844 [P] use [O] deployment,The German submarine U-844 is made by the AG Weser and has a home port in Lorient. Its main use is for education and it has been sinking and deployed. Its launching ceremony is a significant event.,"[{""subject"": ""German submarine U-844"", ""property"": ""home port"", ""object"": ""Lorient""}, {""subject"": ""German submarine U-844"", ""property"": ""manufacturer"", ""object"": ""AG Weser""}, {""subject"": ""German submarine U-844"", ""property"": ""use"", ""object"": ""Education""}, {""subject"": ""German submarine U-844"", ""property"": ""significant event"", ""object"": ""sinking""}, {""subject"": ""German submarine U-844"", ""property"": ""use"", ""object"": ""deployment""}, {""subject"": ""German submarine U-844"", ""property"": ""significant event"", ""object"": ""Ceremonial ship launching""}]",TP
G0227,candidate_gold,Id12076,incorrect,[S] German submarine U-844 [P] use [O] deployment,incorrect: [S] German submarine U-844 [P] significant event [O] sinking || incorrect: [S] German submarine U-844 [P] use [O] deployment,,The German submarine U-844 is made by the AG Weser and has a home port in Lorient. Its main use is for education and it has been sinking and deployed. Its launching ceremony is a significant event.,"[{""subject"": ""German submarine U-844"", ""property"": ""home port"", ""object"": ""Lorient""}, {""subject"": ""German submarine U-844"", ""property"": ""manufacturer"", ""object"": ""AG Weser""}, {""subject"": ""German submarine U-844"", ""property"": ""use"", ""object"": ""Education""}, {""subject"": ""German submarine U-844"", ""property"": ""significant event"", ""object"": ""sinking""}, {""subject"": ""German submarine U-844"", ""property"": ""use"", ""object"": ""deployment""}, {""subject"": ""German submarine U-844"", ""property"": ""significant event"", ""object"": ""Ceremonial ship launching""}]",IGNORE
P0228,gpt_prediction,Id11752,missing,[S] Peter Sternad [P] sex or gender [O] male,,[S] Peter Sternad [P] sex or gender [O] male,Peter Sternad was born in Villach in 1946. He is an Austrian track and field athlete who competed in the 1976 Summer Olympics in the men's 100 metres.,"[{""subject"": ""Peter Sternad"", ""property"": ""occupation"", ""object"": ""athletics competitor""}, {""subject"": ""Peter Sternad"", ""property"": ""date of birth"", ""object"": ""01 January 1946""}, {""subject"": ""Peter Sternad"", ""property"": ""place of birth"", ""object"": ""Villach""}, {""subject"": ""Peter Sternad"", ""property"": ""country of citizenship"", ""object"": ""Austria""}, {""subject"": ""Peter Sternad"", ""property"": ""sex or gender"", ""object"": ""male""}, {""subject"": ""Peter Sternad"", ""property"": ""participant of"", ""object"": ""1976 Summer Olympics""}]",FP
P0229,gpt_prediction,Id11752,extra,[S] Peter Sternad [P] competed in event [O] men's 100 metres,,[S] Peter Sternad [P] event [O] 100 metres || men's 100 metres || in the men's 100 metres,Peter Sternad was born in Villach in 1946. He is an Austrian track and field athlete who competed in the 1976 Summer Olympics in the men's 100 metres.,"[{""subject"": ""Peter Sternad"", ""property"": ""occupation"", ""object"": ""athletics competitor""}, {""subject"": ""Peter Sternad"", ""property"": ""date of birth"", ""object"": ""01 January 1946""}, {""subject"": ""Peter Sternad"", ""property"": ""place of birth"", ""object"": ""Villach""}, {""subject"": ""Peter Sternad"", ""property"": ""country of citizenship"", ""object"": ""Austria""}, {""subject"": ""Peter Sternad"", ""property"": ""sex or gender"", ""object"": ""male""}, {""subject"": ""Peter Sternad"", ""property"": ""participant of"", ""object"": ""1976 Summer Olympics""}]",TP
G0230,candidate_gold,Id11752,missing,[S] Peter Sternad [P] sex or gender [O] male,missing: [S] Peter Sternad [P] sex or gender [O] male || extra: [S] Peter Sternad [P] competed in event [O] men's 100 metres,,Peter Sternad was born in Villach in 1946. He is an Austrian track and field athlete who competed in the 1976 Summer Olympics in the men's 100 metres.,"[{""subject"": ""Peter Sternad"", ""property"": ""occupation"", ""object"": ""athletics competitor""}, {""subject"": ""Peter Sternad"", ""property"": ""date of birth"", ""object"": ""01 January 1946""}, {""subject"": ""Peter Sternad"", ""property"": ""place of birth"", ""object"": ""Villach""}, {""subject"": ""Peter Sternad"", ""property"": ""country of citizenship"", ""object"": ""Austria""}, {""subject"": ""Peter Sternad"", ""property"": ""sex or gender"", ""object"": ""male""}, {""subject"": ""Peter Sternad"", ""property"": ""participant of"", ""object"": ""1976 Summer Olympics""}]",IGNORE
G0231,candidate_gold,Id11752,incorrect,[S] Peter Sternad [P] date of birth [O] 01 January 1946,missing: [S] Peter Sternad [P] sex or gender [O] male || extra: [S] Peter Sternad [P] competed in event [O] men's 100 metres,,Peter Sternad was born in Villach in 1946. He is an Austrian track and field athlete who competed in the 1976 Summer Olympics in the men's 100 metres.,"[{""subject"": ""Peter Sternad"", ""property"": ""occupation"", ""object"": ""athletics competitor""}, {""subject"": ""Peter Sternad"", ""property"": ""date of birth"", ""object"": ""01 January 1946""}, {""subject"": ""Peter Sternad"", ""property"": ""place of birth"", ""object"": ""Villach""}, {""subject"": ""Peter Sternad"", ""property"": ""country of citizenship"", ""object"": ""Austria""}, {""subject"": ""Peter Sternad"", ""property"": ""sex or gender"", ""object"": ""male""}, {""subject"": ""Peter Sternad"", ""property"": ""participant of"", ""object"": ""1976 Summer Olympics""}]",IGNORE
G0232,candidate_gold,Id11752,extra,[S] Peter Sternad [P] event [O] 100 metres,missing: [S] Peter Sternad [P] sex or gender [O] male || extra: [S] Peter Sternad [P] competed in event [O] men's 100 metres,,Peter Sternad was born in Villach in 1946. He is an Austrian track and field athlete who competed in the 1976 Summer Olympics in the men's 100 metres.,"[{""subject"": ""Peter Sternad"", ""property"": ""occupation"", ""object"": ""athletics competitor""}, {""subject"": ""Peter Sternad"", ""property"": ""date of birth"", ""object"": ""01 January 1946""}, {""subject"": ""Peter Sternad"", ""property"": ""place of birth"", ""object"": ""Villach""}, {""subject"": ""Peter Sternad"", ""property"": ""country of citizenship"", ""object"": ""Austria""}, {""subject"": ""Peter Sternad"", ""property"": ""sex or gender"", ""object"": ""male""}, {""subject"": ""Peter Sternad"", ""property"": ""participant of"", ""object"": ""1976 Summer Olympics""}]",IGNORE
G0233,candidate_gold,Id11752,incorrect,[S] Peter Sternad [P] birth year [O] 1946,missing: [S] Peter Sternad [P] sex or gender [O] male || extra: [S] Peter Sternad [P] competed in event [O] men's 100 metres,,Peter Sternad was born in Villach in 1946. He is an Austrian track and field athlete who competed in the 1976 Summer Olympics in the men's 100 metres.,"[{""subject"": ""Peter Sternad"", ""property"": ""occupation"", ""object"": ""athletics competitor""}, {""subject"": ""Peter Sternad"", ""property"": ""date of birth"", ""object"": ""01 January 1946""}, {""subject"": ""Peter Sternad"", ""property"": ""place of birth"", ""object"": ""Villach""}, {""subject"": ""Peter Sternad"", ""property"": ""country of citizenship"", ""object"": ""Austria""}, {""subject"": ""Peter Sternad"", ""property"": ""sex or gender"", ""object"": ""male""}, {""subject"": ""Peter Sternad"", ""property"": ""participant of"", ""object"": ""1976 Summer Olympics""}]",IGNORE
G0234,candidate_gold,Id11752,incorrect,[S] Peter Sternad [P] participant of [O] 1976 Summer Olympics,missing: [S] Peter Sternad [P] sex or gender [O] male || extra: [S] Peter Sternad [P] competed in event [O] men's 100 metres,,Peter Sternad was born in Villach in 1946. He is an Austrian track and field athlete who competed in the 1976 Summer Olympics in the men's 100 metres.,"[{""subject"": ""Peter Sternad"", ""property"": ""occupation"", ""object"": ""athletics competitor""}, {""subject"": ""Peter Sternad"", ""property"": ""date of birth"", ""object"": ""01 January 1946""}, {""subject"": ""Peter Sternad"", ""property"": ""place of birth"", ""object"": ""Villach""}, {""subject"": ""Peter Sternad"", ""property"": ""country of citizenship"", ""object"": ""Austria""}, {""subject"": ""Peter Sternad"", ""property"": ""sex or gender"", ""object"": ""male""}, {""subject"": ""Peter Sternad"", ""property"": ""participant of"", ""object"": ""1976 Summer Olympics""}]",IGNORE
G0235,candidate_gold,Id11752,incorrect,[S] Peter Sternad [P] occupation [O] athletics competitor,missing: [S] Peter Sternad [P] sex or gender [O] male || extra: [S] Peter Sternad [P] competed in event [O] men's 100 metres,,Peter Sternad was born in Villach in 1946. He is an Austrian track and field athlete who competed in the 1976 Summer Olympics in the men's 100 metres.,"[{""subject"": ""Peter Sternad"", ""property"": ""occupation"", ""object"": ""athletics competitor""}, {""subject"": ""Peter Sternad"", ""property"": ""date of birth"", ""object"": ""01 January 1946""}, {""subject"": ""Peter Sternad"", ""property"": ""place of birth"", ""object"": ""Villach""}, {""subject"": ""Peter Sternad"", ""property"": ""country of citizenship"", ""object"": ""Austria""}, {""subject"": ""Peter Sternad"", ""property"": ""sex or gender"", ""object"": ""male""}, {""subject"": ""Peter Sternad"", ""property"": ""participant of"", ""object"": ""1976 Summer Olympics""}]",IGNORE
G0236,candidate_gold,Id11752,extra,men's 100 metres,missing: [S] Peter Sternad [P] sex or gender [O] male || extra: [S] Peter Sternad [P] competed in event [O] men's 100 metres,,Peter Sternad was born in Villach in 1946. He is an Austrian track and field athlete who competed in the 1976 Summer Olympics in the men's 100 metres.,"[{""subject"": ""Peter Sternad"", ""property"": ""occupation"", ""object"": ""athletics competitor""}, {""subject"": ""Peter Sternad"", ""property"": ""date of birth"", ""object"": ""01 January 1946""}, {""subject"": ""Peter Sternad"", ""property"": ""place of birth"", ""object"": ""Villach""}, {""subject"": ""Peter Sternad"", ""property"": ""country of citizenship"", ""object"": ""Austria""}, {""subject"": ""Peter Sternad"", ""property"": ""sex or gender"", ""object"": ""male""}, {""subject"": ""Peter Sternad"", ""property"": ""participant of"", ""object"": ""1976 Summer Olympics""}]",IGNORE
G0237,candidate_gold,Id11752,extra,in the men's 100 metres,missing: [S] Peter Sternad [P] sex or gender [O] male || extra: [S] Peter Sternad [P] competed in event [O] men's 100 metres,,Peter Sternad was born in Villach in 1946. He is an Austrian track and field athlete who competed in the 1976 Summer Olympics in the men's 100 metres.,"[{""subject"": ""Peter Sternad"", ""property"": ""occupation"", ""object"": ""athletics competitor""}, {""subject"": ""Peter Sternad"", ""property"": ""date of birth"", ""object"": ""01 January 1946""}, {""subject"": ""Peter Sternad"", ""property"": ""place of birth"", ""object"": ""Villach""}, {""subject"": ""Peter Sternad"", ""property"": ""country of citizenship"", ""object"": ""Austria""}, {""subject"": ""Peter Sternad"", ""property"": ""sex or gender"", ""object"": ""male""}, {""subject"": ""Peter Sternad"", ""property"": ""participant of"", ""object"": ""1976 Summer Olympics""}]",IGNORE
P0238,gpt_prediction,Id9088,missing,[S] Clifton Ko [P] given name [O] Clifton ( given name ),,[S] Clifton Ko [P] family name [O] Gao ( surname ) || [S] Clifton Ko [P] given name [O] Clifton ( given name ),"Clifton Ko, a male actor, was educated at Kwun Tong Maryknoll College. He was awarded the Medal of Honour in Hong Kong. His surname is Clifton Ko.","[{""subject"": ""Clifton Ko"", ""property"": ""family name"", ""object"": ""Gao ( surname )""}, {""subject"": ""Clifton Ko"", ""property"": ""occupation"", ""object"": ""Actor""}, {""subject"": ""Clifton Ko"", ""property"": ""sex or gender"", ""object"": ""male""}, {""subject"": ""Clifton Ko"", ""property"": ""educated at"", ""object"": ""Kwun Tong Maryknoll College""}, {""subject"": ""Clifton Ko"", ""property"": ""award received"", ""object"": ""Medal of Honour ( Hong Kong )""}, {""subject"": ""Clifton Ko"", ""property"": ""given name"", ""object"": ""Clifton ( given name )""}]",FP
P0239,gpt_prediction,Id9088,incorrect,[S] Clifton Ko [P] family name [O] Gao ( surname ),,[S] Clifton Ko [P] family name [O] Gao ( surname ) || [S] Clifton Ko [P] given name [O] Clifton ( given name ),"Clifton Ko, a male actor, was educated at Kwun Tong Maryknoll College. He was awarded the Medal of Honour in Hong Kong. His surname is Clifton Ko.","[{""subject"": ""Clifton Ko"", ""property"": ""family name"", ""object"": ""Gao ( surname )""}, {""subject"": ""Clifton Ko"", ""property"": ""occupation"", ""object"": ""Actor""}, {""subject"": ""Clifton Ko"", ""property"": ""sex or gender"", ""object"": ""male""}, {""subject"": ""Clifton Ko"", ""property"": ""educated at"", ""object"": ""Kwun Tong Maryknoll College""}, {""subject"": ""Clifton Ko"", ""property"": ""award received"", ""object"": ""Medal of Honour ( Hong Kong )""}, {""subject"": ""Clifton Ko"", ""property"": ""given name"", ""object"": ""Clifton ( given name )""}]",TP
G0240,candidate_gold,Id9088,incorrect,[S] Clifton Ko [P] family name [O] Gao ( surname ),missing: [S] Clifton Ko [P] given name [O] Clifton ( given name ) || incorrect: [S] Clifton Ko [P] family name [O] Gao ( surname ),,"Clifton Ko, a male actor, was educated at Kwun Tong Maryknoll College. He was awarded the Medal of Honour in Hong Kong. His surname is Clifton Ko.","[{""subject"": ""Clifton Ko"", ""property"": ""family name"", ""object"": ""Gao ( surname )""}, {""subject"": ""Clifton Ko"", ""property"": ""occupation"", ""object"": ""Actor""}, {""subject"": ""Clifton Ko"", ""property"": ""sex or gender"", ""object"": ""male""}, {""subject"": ""Clifton Ko"", ""property"": ""educated at"", ""object"": ""Kwun Tong Maryknoll College""}, {""subject"": ""Clifton Ko"", ""property"": ""award received"", ""object"": ""Medal of Honour ( Hong Kong )""}, {""subject"": ""Clifton Ko"", ""property"": ""given name"", ""object"": ""Clifton ( given name )""}]",IGNORE
G0241,candidate_gold,Id9088,missing,[S] Clifton Ko [P] family name [O] Gao ( surname ),missing: [S] Clifton Ko [P] given name [O] Clifton ( given name ) || incorrect: [S] Clifton Ko [P] family name [O] Gao ( surname ),,"Clifton Ko, a male actor, was educated at Kwun Tong Maryknoll College. He was awarded the Medal of Honour in Hong Kong. His surname is Clifton Ko.","[{""subject"": ""Clifton Ko"", ""property"": ""family name"", ""object"": ""Gao ( surname )""}, {""subject"": ""Clifton Ko"", ""property"": ""occupation"", ""object"": ""Actor""}, {""subject"": ""Clifton Ko"", ""property"": ""sex or gender"", ""object"": ""male""}, {""subject"": ""Clifton Ko"", ""property"": ""educated at"", ""object"": ""Kwun Tong Maryknoll College""}, {""subject"": ""Clifton Ko"", ""property"": ""award received"", ""object"": ""Medal of Honour ( Hong Kong )""}, {""subject"": ""Clifton Ko"", ""property"": ""given name"", ""object"": ""Clifton ( given name )""}]",IGNORE
G0242,candidate_gold,Id9088,missing,[S] Clifton Ko [P] given name [O] Clifton ( given name ),missing: [S] Clifton Ko [P] given name [O] Clifton ( given name ) || incorrect: [S] Clifton Ko [P] family name [O] Gao ( surname ),,"Clifton Ko, a male actor, was educated at Kwun Tong Maryknoll College. He was awarded the Medal of Honour in Hong Kong. His surname is Clifton Ko.","[{""subject"": ""Clifton Ko"", ""property"": ""family name"", ""object"": ""Gao ( surname )""}, {""subject"": ""Clifton Ko"", ""property"": ""occupation"", ""object"": ""Actor""}, {""subject"": ""Clifton Ko"", ""property"": ""sex or gender"", ""object"": ""male""}, {""subject"": ""Clifton Ko"", ""property"": ""educated at"", ""object"": ""Kwun Tong Maryknoll College""}, {""subject"": ""Clifton Ko"", ""property"": ""award received"", ""object"": ""Medal of Honour ( Hong Kong )""}, {""subject"": ""Clifton Ko"", ""property"": ""given name"", ""object"": ""Clifton ( given name )""}]",IGNORE
G0243,candidate_gold,Id9088,incorrect,[S] Clifton Ko [P] given name [O] Clifton ( given name ),missing: [S] Clifton Ko [P] given name [O] Clifton ( given name ) || incorrect: [S] Clifton Ko [P] family name [O] Gao ( surname ),,"Clifton Ko, a male actor, was educated at Kwun Tong Maryknoll College. He was awarded the Medal of Honour in Hong Kong. His surname is Clifton Ko.","[{""subject"": ""Clifton Ko"", ""property"": ""family name"", ""object"": ""Gao ( surname )""}, {""subject"": ""Clifton Ko"", ""property"": ""occupation"", ""object"": ""Actor""}, {""subject"": ""Clifton Ko"", ""property"": ""sex or gender"", ""object"": ""male""}, {""subject"": ""Clifton Ko"", ""property"": ""educated at"", ""object"": ""Kwun Tong Maryknoll College""}, {""subject"": ""Clifton Ko"", ""property"": ""award received"", ""object"": ""Medal of Honour ( Hong Kong )""}, {""subject"": ""Clifton Ko"", ""property"": ""given name"", ""object"": ""Clifton ( given name )""}]",IGNORE
P0244,gpt_prediction,Id12041,missing,[S] Tank Carder [P] sex or gender [O] male,,[S] Tank Carder [P] sex or gender [O] male,"American football player Tank Carder was born on January 18, 1989 in Sweeny, Texas. He is a US citizen and played for the men's national football team.","[{""subject"": ""Tank Carder"", ""property"": ""occupation"", ""object"": ""American football player""}, {""subject"": ""Tank Carder"", ""property"": ""date of birth"", ""object"": ""18 January 1989""}, {""subject"": ""Tank Carder"", ""property"": ""place of birth"", ""object"": ""Sweeny , Texas""}, {""subject"": ""Tank Carder"", ""property"": ""country of citizenship"", ""object"": ""United States""}, {""subject"": ""Tank Carder"", ""property"": ""sex or gender"", ""object"": ""male""}, {""subject"": ""Tank Carder"", ""property"": ""sport"", ""object"": ""American football""}]",FP
P0245,gpt_prediction,Id12041,extra,[S] Tank Carder [P] member of [O] men's national football team,,played for the men's national football team || [S] Tank Carder [P] club [O] Men's national football team,"American football player Tank Carder was born on January 18, 1989 in Sweeny, Texas. He is a US citizen and played for the men's national football team.","[{""subject"": ""Tank Carder"", ""property"": ""occupation"", ""object"": ""American football player""}, {""subject"": ""Tank Carder"", ""property"": ""date of birth"", ""object"": ""18 January 1989""}, {""subject"": ""Tank Carder"", ""property"": ""place of birth"", ""object"": ""Sweeny , Texas""}, {""subject"": ""Tank Carder"", ""property"": ""country of citizenship"", ""object"": ""United States""}, {""subject"": ""Tank Carder"", ""property"": ""sex or gender"", ""object"": ""male""}, {""subject"": ""Tank Carder"", ""property"": ""sport"", ""object"": ""American football""}]",TP
G0246,candidate_gold,Id12041,missing,[S] Tank Carder [P] sex or gender [O] male,missing: [S] Tank Carder [P] sex or gender [O] male || extra: [S] Tank Carder [P] member of [O] men's national football team,,"American football player Tank Carder was born on January 18, 1989 in Sweeny, Texas. He is a US citizen and played for the men's national football team.","[{""subject"": ""Tank Carder"", ""property"": ""occupation"", ""object"": ""American football player""}, {""subject"": ""Tank Carder"", ""property"": ""date of birth"", ""object"": ""18 January 1989""}, {""subject"": ""Tank Carder"", ""property"": ""place of birth"", ""object"": ""Sweeny , Texas""}, {""subject"": ""Tank Carder"", ""property"": ""country of citizenship"", ""object"": ""United States""}, {""subject"": ""Tank Carder"", ""property"": ""sex or gender"", ""object"": ""male""}, {""subject"": ""Tank Carder"", ""property"": ""sport"", ""object"": ""American football""}]",IGNORE
G0247,candidate_gold,Id12041,extra,played for the men's national football team,missing: [S] Tank Carder [P] sex or gender [O] male || extra: [S] Tank Carder [P] member of [O] men's national football team,,"American football player Tank Carder was born on January 18, 1989 in Sweeny, Texas. He is a US citizen and played for the men's national football team.","[{""subject"": ""Tank Carder"", ""property"": ""occupation"", ""object"": ""American football player""}, {""subject"": ""Tank Carder"", ""property"": ""date of birth"", ""object"": ""18 January 1989""}, {""subject"": ""Tank Carder"", ""property"": ""place of birth"", ""object"": ""Sweeny , Texas""}, {""subject"": ""Tank Carder"", ""property"": ""country of citizenship"", ""object"": ""United States""}, {""subject"": ""Tank Carder"", ""property"": ""sex or gender"", ""object"": ""male""}, {""subject"": ""Tank Carder"", ""property"": ""sport"", ""object"": ""American football""}]",IGNORE
G0248,candidate_gold,Id12041,extra,[S] Tank Carder [P] club [O] Men's national football team,missing: [S] Tank Carder [P] sex or gender [O] male || extra: [S] Tank Carder [P] member of [O] men's national football team,,"American football player Tank Carder was born on January 18, 1989 in Sweeny, Texas. He is a US citizen and played for the men's national football team.","[{""subject"": ""Tank Carder"", ""property"": ""occupation"", ""object"": ""American football player""}, {""subject"": ""Tank Carder"", ""property"": ""date of birth"", ""object"": ""18 January 1989""}, {""subject"": ""Tank Carder"", ""property"": ""place of birth"", ""object"": ""Sweeny , Texas""}, {""subject"": ""Tank Carder"", ""property"": ""country of citizenship"", ""object"": ""United States""}, {""subject"": ""Tank Carder"", ""property"": ""sex or gender"", ""object"": ""male""}, {""subject"": ""Tank Carder"", ""property"": ""sport"", ""object"": ""American football""}]",IGNORE
P0249,gpt_prediction,Id8758,incorrect,[S] LMS Royal Scot Class 6100 Royal Scot [P] service retirement [O] 00 October 1962,,[S] LMS Royal Scot Class 6100 Royal Scot [P] named after [O] Royal Scots || [S] LMS Royal Scot Class 6100 Royal Scot [P] service retirement [O] 00 October 1962,The LMS Royal Scot Class 6100 Royal Scot is a train from the United Kingdom. It is named after the 1st King's Dragoon Guards. The name is different from the Royal Scot (train) and it retired in 1962. The train is located at the Crewe Heritage Centre.,"[{""subject"": ""LMS Royal Scot Class 6100 Royal Scot"", ""property"": ""service retirement"", ""object"": ""00 October 1962""}, {""subject"": ""LMS Royal Scot Class 6100 Royal Scot"", ""property"": ""country of origin"", ""object"": ""United Kingdom""}, {""subject"": ""LMS Royal Scot Class 6100 Royal Scot"", ""property"": ""location"", ""object"": ""Crewe Heritage Centre""}, {""subject"": ""LMS Royal Scot Class 6100 Royal Scot"", ""property"": ""named after"", ""object"": ""Royal Scots""}, {""subject"": ""LMS Royal Scot Class 6100 Royal Scot"", ""property"": ""different from"", ""object"": ""Royal Scot ( train )""}, {""subject"": ""LMS Royal Scot Class 6100 Royal Scot"", ""property"": ""named after"", ""object"": ""1st King 's Dragoon Guards""}]",FP
P0250,gpt_prediction,Id8758,incorrect,[S] LMS Royal Scot Class 6100 Royal Scot [P] named after [O] Royal Scots,,[S] LMS Royal Scot Class 6100 Royal Scot [P] named after [O] Royal Scots || [S] LMS Royal Scot Class 6100 Royal Scot [P] service retirement [O] 00 October 1962,The LMS Royal Scot Class 6100 Royal Scot is a train from the United Kingdom. It is named after the 1st King's Dragoon Guards. The name is different from the Royal Scot (train) and it retired in 1962. The train is located at the Crewe Heritage Centre.,"[{""subject"": ""LMS Royal Scot Class 6100 Royal Scot"", ""property"": ""service retirement"", ""object"": ""00 October 1962""}, {""subject"": ""LMS Royal Scot Class 6100 Royal Scot"", ""property"": ""country of origin"", ""object"": ""United Kingdom""}, {""subject"": ""LMS Royal Scot Class 6100 Royal Scot"", ""property"": ""location"", ""object"": ""Crewe Heritage Centre""}, {""subject"": ""LMS Royal Scot Class 6100 Royal Scot"", ""property"": ""named after"", ""object"": ""Royal Scots""}, {""subject"": ""LMS Royal Scot Class 6100 Royal Scot"", ""property"": ""different from"", ""object"": ""Royal Scot ( train )""}, {""subject"": ""LMS Royal Scot Class 6100 Royal Scot"", ""property"": ""named after"", ""object"": ""1st King 's Dragoon Guards""}]",TP
G0251,candidate_gold,Id8758,incorrect,[S] LMS Royal Scot Class 6100 Royal Scot [P] named after [O] Royal Scots,incorrect: [S] LMS Royal Scot Class 6100 Royal Scot [P] service retirement [O] 00 October 1962 || incorrect: [S] LMS Royal Scot Class 6100 Royal Scot [P] named after [O] Royal Scots,,The LMS Royal Scot Class 6100 Royal Scot is a train from the United Kingdom. It is named after the 1st King's Dragoon Guards. The name is different from the Royal Scot (train) and it retired in 1962. The train is located at the Crewe Heritage Centre.,"[{""subject"": ""LMS Royal Scot Class 6100 Royal Scot"", ""property"": ""service retirement"", ""object"": ""00 October 1962""}, {""subject"": ""LMS Royal Scot Class 6100 Royal Scot"", ""property"": ""country of origin"", ""object"": ""United Kingdom""}, {""subject"": ""LMS Royal Scot Class 6100 Royal Scot"", ""property"": ""location"", ""object"": ""Crewe Heritage Centre""}, {""subject"": ""LMS Royal Scot Class 6100 Royal Scot"", ""property"": ""named after"", ""object"": ""Royal Scots""}, {""subject"": ""LMS Royal Scot Class 6100 Royal Scot"", ""property"": ""different from"", ""object"": ""Royal Scot ( train )""}, {""subject"": ""LMS Royal Scot Class 6100 Royal Scot"", ""property"": ""named after"", ""object"": ""1st King 's Dragoon Guards""}]",IGNORE
G0252,candidate_gold,Id8758,missing,[S] LMS Royal Scot Class 6100 Royal Scot [P] named after [O] Royal Scots,incorrect: [S] LMS Royal Scot Class 6100 Royal Scot [P] service retirement [O] 00 October 1962 || incorrect: [S] LMS Royal Scot Class 6100 Royal Scot [P] named after [O] Royal Scots,,The LMS Royal Scot Class 6100 Royal Scot is a train from the United Kingdom. It is named after the 1st King's Dragoon Guards. The name is different from the Royal Scot (train) and it retired in 1962. The train is located at the Crewe Heritage Centre.,"[{""subject"": ""LMS Royal Scot Class 6100 Royal Scot"", ""property"": ""service retirement"", ""object"": ""00 October 1962""}, {""subject"": ""LMS Royal Scot Class 6100 Royal Scot"", ""property"": ""country of origin"", ""object"": ""United Kingdom""}, {""subject"": ""LMS Royal Scot Class 6100 Royal Scot"", ""property"": ""location"", ""object"": ""Crewe Heritage Centre""}, {""subject"": ""LMS Royal Scot Class 6100 Royal Scot"", ""property"": ""named after"", ""object"": ""Royal Scots""}, {""subject"": ""LMS Royal Scot Class 6100 Royal Scot"", ""property"": ""different from"", ""object"": ""Royal Scot ( train )""}, {""subject"": ""LMS Royal Scot Class 6100 Royal Scot"", ""property"": ""named after"", ""object"": ""1st King 's Dragoon Guards""}]",IGNORE
G0253,candidate_gold,Id8758,incorrect,[S] LMS Royal Scot Class 6100 Royal Scot [P] service retirement [O] 00 October 1962,incorrect: [S] LMS Royal Scot Class 6100 Royal Scot [P] service retirement [O] 00 October 1962 || incorrect: [S] LMS Royal Scot Class 6100 Royal Scot [P] named after [O] Royal Scots,,The LMS Royal Scot Class 6100 Royal Scot is a train from the United Kingdom. It is named after the 1st King's Dragoon Guards. The name is different from the Royal Scot (train) and it retired in 1962. The train is located at the Crewe Heritage Centre.,"[{""subject"": ""LMS Royal Scot Class 6100 Royal Scot"", ""property"": ""service retirement"", ""object"": ""00 October 1962""}, {""subject"": ""LMS Royal Scot Class 6100 Royal Scot"", ""property"": ""country of origin"", ""object"": ""United Kingdom""}, {""subject"": ""LMS Royal Scot Class 6100 Royal Scot"", ""property"": ""location"", ""object"": ""Crewe Heritage Centre""}, {""subject"": ""LMS Royal Scot Class 6100 Royal Scot"", ""property"": ""named after"", ""object"": ""Royal Scots""}, {""subject"": ""LMS Royal Scot Class 6100 Royal Scot"", ""property"": ""different from"", ""object"": ""Royal Scot ( train )""}, {""subject"": ""LMS Royal Scot Class 6100 Royal Scot"", ""property"": ""named after"", ""object"": ""1st King 's Dragoon Guards""}]",IGNORE
