review_id,sample_id,error_type,predicted_unit,decision_lenient,reason,reference_text,input_triples
P0001,Id52,missing,[S] Hurricane Debbie ( 1969 ) [P] maximum sustained winds [O] +105 knots,FP,over_prediction_or_duplicate,The maximum sustained winds of Hurricane Debbie ( 1969 ) are +105 knots.,"[{""subject"": ""Hurricane Debbie ( 1969 )"", ""property"": ""maximum sustained winds"", ""object"": ""+105 knot""}]"
P0003,Id4063,missing,[S] Sarah Roy [P] is the best sprinter [O] on the 2017 The Women's Tour,FP,over_prediction_or_duplicate,Sarah Roy is the best sprinter on the 2017 The Women's Tour.,"[{""subject"": ""2017 The Women 's Tour"", ""property"": ""best sprinter classification"", ""object"": ""Sarah Roy""}]"
P0004,Id4063,extra,[S] 2017 The Women 's Tour [P] best sprinter classification [O] Sarah Roy,FP,over_prediction_or_duplicate,Sarah Roy is the best sprinter on the 2017 The Women's Tour.,"[{""subject"": ""2017 The Women 's Tour"", ""property"": ""best sprinter classification"", ""object"": ""Sarah Roy""}]"
P0005,Id4063,incorrect,[S] Sarah Roy [P] best sprinter classification [O] 2017 The Women 's Tour,FP,over_prediction_or_duplicate,Sarah Roy is the best sprinter on the 2017 The Women's Tour.,"[{""subject"": ""2017 The Women 's Tour"", ""property"": ""best sprinter classification"", ""object"": ""Sarah Roy""}]"
P0006,Id5895,missing,[S] St Jude Thaddaeus [P] has [O] a beard,FN,wrong_error_type_or_unit,St Jude Thaddaeus ( painting by Master Theodoric ) depicts St Jude Thaddaeus with a beard.,"[{""subject"": ""St Jude Thaddaeus ( painting by Master Theodoric )"", ""property"": ""depicts"", ""object"": ""Beard""}]"
P0007,Id5895,extra,[S] St Jude Thaddaeus ( painting by Master Theodoric ) [P] depicts [O] St Jude Thaddaeus,TP,correct_error_type_and_unit,St Jude Thaddaeus ( painting by Master Theodoric ) depicts St Jude Thaddaeus with a beard.,"[{""subject"": ""St Jude Thaddaeus ( painting by Master Theodoric )"", ""property"": ""depicts"", ""object"": ""Beard""}]"
P0008,Id5895,incorrect,[S] St Jude Thaddaeus ( painting by Master Theodoric ) [P] depicts [O] Beard,TP,correct_error_type_and_unit,St Jude Thaddaeus ( painting by Master Theodoric ) depicts St Jude Thaddaeus with a beard.,"[{""subject"": ""St Jude Thaddaeus ( painting by Master Theodoric )"", ""property"": ""depicts"", ""object"": ""Beard""}]"
P0010,Id901,missing,[S] Gilhac-et-Bruzac [P] is located in [O] Saint-Laurent-du-Pape,FN,wrong_error_type_or_unit,Gilhac-et-Bruzac is located in the region of Saint-Laurent-du-Pape.,"[{""subject"": ""Gilhac-et-Bruzac"", ""property"": ""shares border with"", ""object"": ""Saint-Laurent-du-Pape""}]"
P0011,Id901,extra,[S] Gilhac-et-Bruzac [P] shares border with [O] Saint-Laurent-du-Pape,FN,wrong_error_type_or_unit,Gilhac-et-Bruzac is located in the region of Saint-Laurent-du-Pape.,"[{""subject"": ""Gilhac-et-Bruzac"", ""property"": ""shares border with"", ""object"": ""Saint-Laurent-du-Pape""}]"
P0013,Id5837,missing,[S] Rosewood [P] located in [O] New South Wales,FN,wrong_error_type_or_unit,"Rosewood is located in the Division of Farrer, New South Wales.","[{""subject"": ""Rosewood , New South Wales"", ""property"": ""located in the administrative territorial entity"", ""object"": ""Division of Farrer""}]"
P0014,Id5837,missing,[S] Rosewood [P] located in [O] Division of Farrer,FP,over_prediction_or_duplicate,"Rosewood is located in the Division of Farrer, New South Wales.","[{""subject"": ""Rosewood , New South Wales"", ""property"": ""located in the administrative territorial entity"", ""object"": ""Division of Farrer""}]"
P0015,Id5837,extra,[S] Rosewood [P] located in the administrative territorial entity [O] Division of Farrer,FP,over_prediction_or_duplicate,"Rosewood is located in the Division of Farrer, New South Wales.","[{""subject"": ""Rosewood , New South Wales"", ""property"": ""located in the administrative territorial entity"", ""object"": ""Division of Farrer""}]"
P0016,Id6150,extra,[S] Journal of the Academic Association of Koreanology in Japan [P] language of work or name [O] English language,FP,over_prediction_or_duplicate,The Journal of the Academic Association of Koreanology in Japan is published in English.,"[{""subject"": ""Journal of the Academic Association of Koreanology in Japan"", ""property"": ""language of work or name"", ""object"": ""English language""}]"
P0017,Id156,missing,[S] Dexibuprofen [P] defined daily dose [O] 0.8 gram,FP,over_prediction_or_duplicate,Dexibuprofen has a daily dose of 0.8 gram.,"[{""subject"": ""Dexibuprofen"", ""property"": ""defined daily dose"", ""object"": ""+0.8 gram""}]"
P0018,Id287,missing,[S] Rainy River (Tasman) [P] length [O] 19 km,FP,over_prediction_or_duplicate,The Rainy River (Tasman) is 19 km long.,"[{""subject"": ""Rainy River ( Tasman )"", ""property"": ""length"", ""object"": ""+19 kilometre""}]"
P0019,Id287,extra,[S] Rainy River (Tasman) [P] length [O] +19 kilometre,FP,over_prediction_or_duplicate,The Rainy River (Tasman) is 19 km long.,"[{""subject"": ""Rainy River ( Tasman )"", ""property"": ""length"", ""object"": ""+19 kilometre""}]"
P0020,Id287,incorrect,[S] Rainy River (Tasman) [P] length [O] +19 kilometre,FP,over_prediction_or_duplicate,The Rainy River (Tasman) is 19 km long.,"[{""subject"": ""Rainy River ( Tasman )"", ""property"": ""length"", ""object"": ""+19 kilometre""}]"
P0021,Id16853,missing,[S] 1999 -- 2000 Pittsburgh Penguins season [P] followed by [O] 2000 -- 01 Pittsburgh Penguins season,FP,over_prediction_or_duplicate,The 1999-2000 Pittsburgh Penguins season was followed by the 2000-01 and 2001-02 seasons.,"[{""subject"": ""2000 -- 01 Pittsburgh Penguins season"", ""property"": ""follows"", ""object"": ""1999 -- 2000 Pittsburgh Penguins season""}, {""subject"": ""2000 -- 01 Pittsburgh Penguins season"", ""property"": ""followed by"", ""object"": ""2001 -- 02 Pittsburgh Penguins season""}]"
P0022,Id16853,extra,[S] 2000 -- 01 Pittsburgh Penguins season [P] follows [O] 1999 -- 2000 Pittsburgh Penguins season,FP,over_prediction_or_duplicate,The 1999-2000 Pittsburgh Penguins season was followed by the 2000-01 and 2001-02 seasons.,"[{""subject"": ""2000 -- 01 Pittsburgh Penguins season"", ""property"": ""follows"", ""object"": ""1999 -- 2000 Pittsburgh Penguins season""}, {""subject"": ""2000 -- 01 Pittsburgh Penguins season"", ""property"": ""followed by"", ""object"": ""2001 -- 02 Pittsburgh Penguins season""}]"
P0023,Id16853,incorrect,[S] 2000 -- 01 Pittsburgh Penguins season [P] followed by [O] 2001 -- 02 Pittsburgh Penguins season,FP,over_prediction_or_duplicate,The 1999-2000 Pittsburgh Penguins season was followed by the 2000-01 and 2001-02 seasons.,"[{""subject"": ""2000 -- 01 Pittsburgh Penguins season"", ""property"": ""follows"", ""object"": ""1999 -- 2000 Pittsburgh Penguins season""}, {""subject"": ""2000 -- 01 Pittsburgh Penguins season"", ""property"": ""followed by"", ""object"": ""2001 -- 02 Pittsburgh Penguins season""}]"
P0024,Id16574,missing,[S] Sydney Pride Centre [P] located in [O] Sydney,FN,wrong_error_type_or_unit,"The Sydney Pride Centre is located in Sydney, New South Wales, Australia.","[{""subject"": ""Sydney Pride Centre"", ""property"": ""located in the administrative territorial entity"", ""object"": ""New South Wales""}, {""subject"": ""Sydney Pride Centre"", ""property"": ""country"", ""object"": ""Australia""}]"
P0025,Id16574,extra,[S] Sydney Pride Centre [P] located in the administrative territorial entity [O] New South Wales,FP,over_prediction_or_duplicate,"The Sydney Pride Centre is located in Sydney, New South Wales, Australia.","[{""subject"": ""Sydney Pride Centre"", ""property"": ""located in the administrative territorial entity"", ""object"": ""New South Wales""}, {""subject"": ""Sydney Pride Centre"", ""property"": ""country"", ""object"": ""Australia""}]"
P0026,Id16574,incorrect,[S] Sydney Pride Centre [P] country [O] Australia,FP,over_prediction_or_duplicate,"The Sydney Pride Centre is located in Sydney, New South Wales, Australia.","[{""subject"": ""Sydney Pride Centre"", ""property"": ""located in the administrative territorial entity"", ""object"": ""New South Wales""}, {""subject"": ""Sydney Pride Centre"", ""property"": ""country"", ""object"": ""Australia""}]"
P0030,Id17887,missing,[S] Hongqiao [P] is a [O] transport hub,FP,over_prediction_or_duplicate,"Hongqiao is a transport hub in Shanghai, China.","[{""subject"": ""Hongqiao transportation hub"", ""property"": ""located in the administrative territorial entity"", ""object"": ""Shanghai""}, {""subject"": ""Hongqiao transportation hub"", ""property"": ""country"", ""object"": ""China""}]"
P0031,Id17887,extra,[S] Hongqiao transportation hub [P] located in the administrative territorial entity [O] Shanghai,FP,over_prediction_or_duplicate,"Hongqiao is a transport hub in Shanghai, China.","[{""subject"": ""Hongqiao transportation hub"", ""property"": ""located in the administrative territorial entity"", ""object"": ""Shanghai""}, {""subject"": ""Hongqiao transportation hub"", ""property"": ""country"", ""object"": ""China""}]"
P0032,Id17887,extra,[S] Hongqiao transportation hub [P] country [O] China,FP,over_prediction_or_duplicate,"Hongqiao is a transport hub in Shanghai, China.","[{""subject"": ""Hongqiao transportation hub"", ""property"": ""located in the administrative territorial entity"", ""object"": ""Shanghai""}, {""subject"": ""Hongqiao transportation hub"", ""property"": ""country"", ""object"": ""China""}]"
P0033,Id17737,missing,[S] Fraser Sweatman [P] competed in [O] 1936 Winter Olympics,FN,wrong_error_type_or_unit,"Fraser Sweatman, who competed in figure skating at the 1936 Winter Olympics, competed in pairs with Audrey Garland.","[{""subject"": ""Fraser Sweatman"", ""property"": ""sport"", ""object"": ""Figure skating""}, {""subject"": ""Fraser Sweatman"", ""property"": ""together with"", ""object"": ""Audrey Garland""}]"
P0043,Id16854,missing,"[S] Blanzac , Haute-Vienne [P] located in same region as [O] Blanzac , Haute-Loire",FN,wrong_error_type_or_unit,"Blanzac, Haute-Vienne is located in the same region as Blanzac, Haute-Loire, which is shared with Lavoûte-sur-Loire.","[{""subject"": ""Blanzac , Haute-Loire"", ""property"": ""different from"", ""object"": ""Blanzac , Haute-Vienne""}, {""subject"": ""Blanzac , Haute-Loire"", ""property"": ""shares border with"", ""object"": ""Lavoûte-sur-Loire""}]"
P0044,Id16854,extra,"[S] Blanzac , Haute-Loire [P] shares border with [O] Lavoûte-sur-Loire",FN,wrong_error_type_or_unit,"Blanzac, Haute-Vienne is located in the same region as Blanzac, Haute-Loire, which is shared with Lavoûte-sur-Loire.","[{""subject"": ""Blanzac , Haute-Loire"", ""property"": ""different from"", ""object"": ""Blanzac , Haute-Vienne""}, {""subject"": ""Blanzac , Haute-Loire"", ""property"": ""shares border with"", ""object"": ""Lavoûte-sur-Loire""}]"
P0045,Id16854,incorrect,"[S] Blanzac , Haute-Loire [P] different from [O] Blanzac , Haute-Vienne",TP,correct_error_type_and_unit,"Blanzac, Haute-Vienne is located in the same region as Blanzac, Haute-Loire, which is shared with Lavoûte-sur-Loire.","[{""subject"": ""Blanzac , Haute-Loire"", ""property"": ""different from"", ""object"": ""Blanzac , Haute-Vienne""}, {""subject"": ""Blanzac , Haute-Loire"", ""property"": ""shares border with"", ""object"": ""Lavoûte-sur-Loire""}]"
P0048,Id17851,missing,[S] Jacques Godbout [P] award received [O] Prix France-Québec [T] 1962,FP,over_prediction_or_duplicate,Jacques Godbout won the Prix France-Québec in 1962.,"[{""subject"": ""Jacques Godbout"", ""property"": ""award received"", ""object"": ""Prix France-Québec""}, {""subject"": ""Jacques Godbout"", ""property"": ""point in time"", ""object"": ""01 January 1962""}]"
P0049,Id17851,extra,[S] Jacques Godbout [P] point in time [O] 01 January 1962,FP,over_prediction_or_duplicate,Jacques Godbout won the Prix France-Québec in 1962.,"[{""subject"": ""Jacques Godbout"", ""property"": ""award received"", ""object"": ""Prix France-Québec""}, {""subject"": ""Jacques Godbout"", ""property"": ""point in time"", ""object"": ""01 January 1962""}]"
P0050,Id17851,incorrect,[S] Jacques Godbout [P] point in time [O] 01 January 1962,TP,correct_error_type_and_unit,Jacques Godbout won the Prix France-Québec in 1962.,"[{""subject"": ""Jacques Godbout"", ""property"": ""award received"", ""object"": ""Prix France-Québec""}, {""subject"": ""Jacques Godbout"", ""property"": ""point in time"", ""object"": ""01 January 1962""}]"
P0053,Id15918,missing,[S] Amanita subjunquillea [P] spore print type [O] Lamella (mycology),FN,wrong_error_type_or_unit,Amanita subjunquillea is a spore print type of Lamella (mycology) and is white.,"[{""subject"": ""Amanita subjunquillea"", ""property"": ""spore print color"", ""object"": ""White""}, {""subject"": ""Amanita subjunquillea"", ""property"": ""hymenium type"", ""object"": ""Lamella ( mycology )""}]"
P0054,Id15918,extra,[S] Amanita subjunquillea [P] spore print type [O] Lamella (mycology),TP,correct_error_type_and_unit,Amanita subjunquillea is a spore print type of Lamella (mycology) and is white.,"[{""subject"": ""Amanita subjunquillea"", ""property"": ""spore print color"", ""object"": ""White""}, {""subject"": ""Amanita subjunquillea"", ""property"": ""hymenium type"", ""object"": ""Lamella ( mycology )""}]"
P0055,Id15918,incorrect,[S] Amanita subjunquillea [P] hymenium type [O] Lamella ( mycology ),TP,correct_error_type_and_unit,Amanita subjunquillea is a spore print type of Lamella (mycology) and is white.,"[{""subject"": ""Amanita subjunquillea"", ""property"": ""spore print color"", ""object"": ""White""}, {""subject"": ""Amanita subjunquillea"", ""property"": ""hymenium type"", ""object"": ""Lamella ( mycology )""}]"
P0070,Id14340,missing,[S] Japan Academy of Film Prize for Animation of the Year [P] winner [O] Hiromasa Yonebayashi,FN,wrong_error_type_or_unit,The Japan Academy of Film Prize for Animation of the Year 2011 winner was Hiromasa Yonebayashi. The film Arrietty is about a girl from Japan.,"[{""subject"": ""Arrietty"", ""property"": ""narrative location"", ""object"": ""Japan""}, {""subject"": ""Arrietty"", ""property"": ""winner"", ""object"": ""Hiromasa Yonebayashi""}, {""subject"": ""Arrietty"", ""property"": ""point in time"", ""object"": ""00  2011""}]"
P0071,Id14340,extra,[S] Arrietty [P] narrative location [O] Japan,FN,wrong_error_type_or_unit,The Japan Academy of Film Prize for Animation of the Year 2011 winner was Hiromasa Yonebayashi. The film Arrietty is about a girl from Japan.,"[{""subject"": ""Arrietty"", ""property"": ""narrative location"", ""object"": ""Japan""}, {""subject"": ""Arrietty"", ""property"": ""winner"", ""object"": ""Hiromasa Yonebayashi""}, {""subject"": ""Arrietty"", ""property"": ""point in time"", ""object"": ""00  2011""}]"
P0072,Id14340,incorrect,[S] Arrietty [P] point in time [O] 00  2011,TP,correct_error_type_and_unit,The Japan Academy of Film Prize for Animation of the Year 2011 winner was Hiromasa Yonebayashi. The film Arrietty is about a girl from Japan.,"[{""subject"": ""Arrietty"", ""property"": ""narrative location"", ""object"": ""Japan""}, {""subject"": ""Arrietty"", ""property"": ""winner"", ""object"": ""Hiromasa Yonebayashi""}, {""subject"": ""Arrietty"", ""property"": ""point in time"", ""object"": ""00  2011""}]"
P0084,Id14383,missing,[S] Miss Teen USA 1987 [P] title holder [O] Kristi Addis,FP,over_prediction_or_duplicate,Kristi Addis was Miss Teen USA 1987.,"[{""subject"": ""Kristi Addis"", ""property"": ""victory"", ""object"": ""Miss Teen USA""}, {""subject"": ""Kristi Addis"", ""property"": ""point in time"", ""object"": ""00  1987""}, {""subject"": ""Kristi Addis"", ""property"": ""statement is subject of"", ""object"": ""Miss Teen USA 1987""}]"
P0085,Id14383,extra,[S] Kristi Addis [P] statement is subject of [O] Miss Teen USA 1987,FN,wrong_error_type_or_unit,Kristi Addis was Miss Teen USA 1987.,"[{""subject"": ""Kristi Addis"", ""property"": ""victory"", ""object"": ""Miss Teen USA""}, {""subject"": ""Kristi Addis"", ""property"": ""point in time"", ""object"": ""00  1987""}, {""subject"": ""Kristi Addis"", ""property"": ""statement is subject of"", ""object"": ""Miss Teen USA 1987""}]"
P0086,Id14383,incorrect,[S] Kristi Addis [P] victory [O] Miss Teen USA,FP,over_prediction_or_duplicate,Kristi Addis was Miss Teen USA 1987.,"[{""subject"": ""Kristi Addis"", ""property"": ""victory"", ""object"": ""Miss Teen USA""}, {""subject"": ""Kristi Addis"", ""property"": ""point in time"", ""object"": ""00  1987""}, {""subject"": ""Kristi Addis"", ""property"": ""statement is subject of"", ""object"": ""Miss Teen USA 1987""}]"
P0090,Id20042,missing,[S] Tarjei Vesaas [P] mother of [O] Olav Vesaas,FP,over_prediction_or_duplicate,Tarjei Vesaas was the mother of Olav Vesaas and Guri Vesaas. Tarjei Vesaas was nominated for the Nobel Prize in Literature.,"[{""subject"": ""Tarjei Vesaas"", ""property"": ""child"", ""object"": ""Olav Vesaas""}, {""subject"": ""Tarjei Vesaas"", ""property"": ""nominated for"", ""object"": ""Nobel Prize in Literature""}, {""subject"": ""Tarjei Vesaas"", ""property"": ""child"", ""object"": ""Guri Vesaas""}]"
P0091,Id20042,missing,[S] Tarjei Vesaas [P] mother of [O] Guri Vesaas,FP,over_prediction_or_duplicate,Tarjei Vesaas was the mother of Olav Vesaas and Guri Vesaas. Tarjei Vesaas was nominated for the Nobel Prize in Literature.,"[{""subject"": ""Tarjei Vesaas"", ""property"": ""child"", ""object"": ""Olav Vesaas""}, {""subject"": ""Tarjei Vesaas"", ""property"": ""nominated for"", ""object"": ""Nobel Prize in Literature""}, {""subject"": ""Tarjei Vesaas"", ""property"": ""child"", ""object"": ""Guri Vesaas""}]"
P0092,Id20042,extra,[S] Tarjei Vesaas [P] child [O] Olav Vesaas,FP,over_prediction_or_duplicate,Tarjei Vesaas was the mother of Olav Vesaas and Guri Vesaas. Tarjei Vesaas was nominated for the Nobel Prize in Literature.,"[{""subject"": ""Tarjei Vesaas"", ""property"": ""child"", ""object"": ""Olav Vesaas""}, {""subject"": ""Tarjei Vesaas"", ""property"": ""nominated for"", ""object"": ""Nobel Prize in Literature""}, {""subject"": ""Tarjei Vesaas"", ""property"": ""child"", ""object"": ""Guri Vesaas""}]"
P0093,Id20042,extra,[S] Tarjei Vesaas [P] child [O] Guri Vesaas,FP,over_prediction_or_duplicate,Tarjei Vesaas was the mother of Olav Vesaas and Guri Vesaas. Tarjei Vesaas was nominated for the Nobel Prize in Literature.,"[{""subject"": ""Tarjei Vesaas"", ""property"": ""child"", ""object"": ""Olav Vesaas""}, {""subject"": ""Tarjei Vesaas"", ""property"": ""nominated for"", ""object"": ""Nobel Prize in Literature""}, {""subject"": ""Tarjei Vesaas"", ""property"": ""child"", ""object"": ""Guri Vesaas""}]"
P0094,Id13405,missing,[S] Special Reserve Long Service and Good Conduct Medal [P] next higher rank [O] Decoration for Officers of the Royal Naval Volunteer Reserve,FP,over_prediction_or_duplicate,The Special Reserve Long Service and Good Conduct Medal was created in 1908. It is a medal that is next to the Decoration for Officers of the Royal Naval Volunteer Reserve and below the Efficiency Medal.,"[{""subject"": ""Special Reserve Long Service and Good Conduct Medal"", ""property"": ""inception"", ""object"": ""00  1908""}, {""subject"": ""Special Reserve Long Service and Good Conduct Medal"", ""property"": ""next higher rank"", ""object"": ""Efficiency Medal""}, {""subject"": ""Special Reserve Long Service and Good Conduct Medal"", ""property"": ""next lower rank"", ""object"": ""Decoration for Officers of the Royal Naval Volunteer Reserve""}]"
P0095,Id13405,extra,[S] Special Reserve Long Service and Good Conduct Medal [P] next lower rank [O] Decoration for Officers of the Royal Naval Volunteer Reserve,FN,wrong_error_type_or_unit,The Special Reserve Long Service and Good Conduct Medal was created in 1908. It is a medal that is next to the Decoration for Officers of the Royal Naval Volunteer Reserve and below the Efficiency Medal.,"[{""subject"": ""Special Reserve Long Service and Good Conduct Medal"", ""property"": ""inception"", ""object"": ""00  1908""}, {""subject"": ""Special Reserve Long Service and Good Conduct Medal"", ""property"": ""next higher rank"", ""object"": ""Efficiency Medal""}, {""subject"": ""Special Reserve Long Service and Good Conduct Medal"", ""property"": ""next lower rank"", ""object"": ""Decoration for Officers of the Royal Naval Volunteer Reserve""}]"
P0096,Id13405,incorrect,[S] Special Reserve Long Service and Good Conduct Medal [P] next lower rank [O] Efficiency Medal,FP,over_prediction_or_duplicate,The Special Reserve Long Service and Good Conduct Medal was created in 1908. It is a medal that is next to the Decoration for Officers of the Royal Naval Volunteer Reserve and below the Efficiency Medal.,"[{""subject"": ""Special Reserve Long Service and Good Conduct Medal"", ""property"": ""inception"", ""object"": ""00  1908""}, {""subject"": ""Special Reserve Long Service and Good Conduct Medal"", ""property"": ""next higher rank"", ""object"": ""Efficiency Medal""}, {""subject"": ""Special Reserve Long Service and Good Conduct Medal"", ""property"": ""next lower rank"", ""object"": ""Decoration for Officers of the Royal Naval Volunteer Reserve""}]"
P0098,Id13848,missing,[S] Hell Hath No Fury (film) [P] original network [O] NBC,FP,over_prediction_or_duplicate,The film Hell Hath No Fury was originally broadcast by NBC and is available in English.,"[{""subject"": ""Hell Hath No Fury ( film )"", ""property"": ""distributor"", ""object"": ""NBC""}, {""subject"": ""Hell Hath No Fury ( film )"", ""property"": ""original network"", ""object"": ""NBC""}, {""subject"": ""Hell Hath No Fury ( film )"", ""property"": ""language of work or name"", ""object"": ""English language""}]"
P0099,Id13848,extra,[S] Hell Hath No Fury (film) [P] distributor [O] NBC,FN,wrong_error_type_or_unit,The film Hell Hath No Fury was originally broadcast by NBC and is available in English.,"[{""subject"": ""Hell Hath No Fury ( film )"", ""property"": ""distributor"", ""object"": ""NBC""}, {""subject"": ""Hell Hath No Fury ( film )"", ""property"": ""original network"", ""object"": ""NBC""}, {""subject"": ""Hell Hath No Fury ( film )"", ""property"": ""language of work or name"", ""object"": ""English language""}]"
P0100,Id13848,incorrect,[S] Hell Hath No Fury (film) [P] language of work or name [O] English language,FP,over_prediction_or_duplicate,The film Hell Hath No Fury was originally broadcast by NBC and is available in English.,"[{""subject"": ""Hell Hath No Fury ( film )"", ""property"": ""distributor"", ""object"": ""NBC""}, {""subject"": ""Hell Hath No Fury ( film )"", ""property"": ""original network"", ""object"": ""NBC""}, {""subject"": ""Hell Hath No Fury ( film )"", ""property"": ""language of work or name"", ""object"": ""English language""}]"
P0104,Id13598,missing,[S] Ille-et-Vilaine [P] produces [O] Cider,FN,wrong_error_type_or_unit,"Cider is a main ingredient of Ille-et-Vilaine, it is produced there between 1882 and 1883.","[{""subject"": ""Ille-et-Vilaine"", ""property"": ""production statistics"", ""object"": ""Cider""}, {""subject"": ""Ille-et-Vilaine"", ""property"": ""point in time"", ""object"": ""00  1882""}, {""subject"": ""Ille-et-Vilaine"", ""property"": ""point in time"", ""object"": ""00  1883""}]"
P0105,Id13598,extra,[S] Cider [P] is a main ingredient of [O] Ille-et-Vilaine,TP,correct_error_type_and_unit,"Cider is a main ingredient of Ille-et-Vilaine, it is produced there between 1882 and 1883.","[{""subject"": ""Ille-et-Vilaine"", ""property"": ""production statistics"", ""object"": ""Cider""}, {""subject"": ""Ille-et-Vilaine"", ""property"": ""point in time"", ""object"": ""00  1882""}, {""subject"": ""Ille-et-Vilaine"", ""property"": ""point in time"", ""object"": ""00  1883""}]"
P0106,Id13598,incorrect,[S] Ille-et-Vilaine [P] point in time [O] 00  1882,FP,over_prediction_or_duplicate,"Cider is a main ingredient of Ille-et-Vilaine, it is produced there between 1882 and 1883.","[{""subject"": ""Ille-et-Vilaine"", ""property"": ""production statistics"", ""object"": ""Cider""}, {""subject"": ""Ille-et-Vilaine"", ""property"": ""point in time"", ""object"": ""00  1882""}, {""subject"": ""Ille-et-Vilaine"", ""property"": ""point in time"", ""object"": ""00  1883""}]"
P0107,Id13598,incorrect,[S] Ille-et-Vilaine [P] point in time [O] 00  1883,FP,over_prediction_or_duplicate,"Cider is a main ingredient of Ille-et-Vilaine, it is produced there between 1882 and 1883.","[{""subject"": ""Ille-et-Vilaine"", ""property"": ""production statistics"", ""object"": ""Cider""}, {""subject"": ""Ille-et-Vilaine"", ""property"": ""point in time"", ""object"": ""00  1882""}, {""subject"": ""Ille-et-Vilaine"", ""property"": ""point in time"", ""object"": ""00  1883""}]"
P0112,Id14485,missing,[S] San Pedro y San Pablo Asistencia [P] located in the administrative territorial entity [O] California,FP,over_prediction_or_duplicate,"San Pedro y San Pablo Asistencia is located in the Sanchez Adobe Park in California, United States.","[{""subject"": ""San Pedro y San Pablo Asistencia"", ""property"": ""located in the administrative territorial entity"", ""object"": ""California""}, {""subject"": ""San Pedro y San Pablo Asistencia"", ""property"": ""country"", ""object"": ""United States""}, {""subject"": ""San Pedro y San Pablo Asistencia"", ""property"": ""location"", ""object"": ""Sánchez Adobe Park""}]"
P0113,Id14485,missing,[S] San Pedro y San Pablo Asistencia [P] country [O] United States,FP,over_prediction_or_duplicate,"San Pedro y San Pablo Asistencia is located in the Sanchez Adobe Park in California, United States.","[{""subject"": ""San Pedro y San Pablo Asistencia"", ""property"": ""located in the administrative territorial entity"", ""object"": ""California""}, {""subject"": ""San Pedro y San Pablo Asistencia"", ""property"": ""country"", ""object"": ""United States""}, {""subject"": ""San Pedro y San Pablo Asistencia"", ""property"": ""location"", ""object"": ""Sánchez Adobe Park""}]"
P0114,Id14485,missing,[S] San Pedro y San Pablo Asistencia [P] location [O] Sánchez Adobe Park,FP,over_prediction_or_duplicate,"San Pedro y San Pablo Asistencia is located in the Sanchez Adobe Park in California, United States.","[{""subject"": ""San Pedro y San Pablo Asistencia"", ""property"": ""located in the administrative territorial entity"", ""object"": ""California""}, {""subject"": ""San Pedro y San Pablo Asistencia"", ""property"": ""country"", ""object"": ""United States""}, {""subject"": ""San Pedro y San Pablo Asistencia"", ""property"": ""location"", ""object"": ""Sánchez Adobe Park""}]"
P0115,Id13442,missing,[S] 1925 LFF Lyga [P] follows [O] 1924 LFF Lyga,FP,over_prediction_or_duplicate,"1923 LFF Lyga was the predecessor of A Lyga, the league 1924 LFF Lyga played in. The 1925 LFF Lyga was the next season of A Lyga.","[{""subject"": ""1924 LFF Lyga"", ""property"": ""sports season of league or competition"", ""object"": ""A Lyga""}, {""subject"": ""1924 LFF Lyga"", ""property"": ""follows"", ""object"": ""1923 LFF Lyga""}, {""subject"": ""1924 LFF Lyga"", ""property"": ""followed by"", ""object"": ""1925 LFF Lyga""}]"
P0116,Id13442,extra,[S] 1923 LFF Lyga [P] predecessor of [O] A Lyga,TP,correct_error_type_and_unit,"1923 LFF Lyga was the predecessor of A Lyga, the league 1924 LFF Lyga played in. The 1925 LFF Lyga was the next season of A Lyga.","[{""subject"": ""1924 LFF Lyga"", ""property"": ""sports season of league or competition"", ""object"": ""A Lyga""}, {""subject"": ""1924 LFF Lyga"", ""property"": ""follows"", ""object"": ""1923 LFF Lyga""}, {""subject"": ""1924 LFF Lyga"", ""property"": ""followed by"", ""object"": ""1925 LFF Lyga""}]"
P0117,Id13442,incorrect,[S] 1924 LFF Lyga [P] sports season of league or competition [O] A Lyga,FP,over_prediction_or_duplicate,"1923 LFF Lyga was the predecessor of A Lyga, the league 1924 LFF Lyga played in. The 1925 LFF Lyga was the next season of A Lyga.","[{""subject"": ""1924 LFF Lyga"", ""property"": ""sports season of league or competition"", ""object"": ""A Lyga""}, {""subject"": ""1924 LFF Lyga"", ""property"": ""follows"", ""object"": ""1923 LFF Lyga""}, {""subject"": ""1924 LFF Lyga"", ""property"": ""followed by"", ""object"": ""1925 LFF Lyga""}]"
P0123,Id20821,missing,[S] Jayaram [P] is a cast member of [O] Peruvannapurathe Visheshangal,FP,over_prediction_or_duplicate,"Peruvannapurathe Visheshangal is from India. Jayaram and Jagathy Sreekumar are the main cast, the film was edited by K Rajagopal.","[{""subject"": ""Peruvannapurathe Visheshangal"", ""property"": ""cast member"", ""object"": ""Jayaram""}, {""subject"": ""Peruvannapurathe Visheshangal"", ""property"": ""country of origin"", ""object"": ""India""}, {""subject"": ""Peruvannapurathe Visheshangal"", ""property"": ""cast member"", ""object"": ""Jagathy Sreekumar""}, {""subject"": ""Peruvannapurathe Visheshangal"", ""property"": ""film editor"", ""object"": ""K. Rajagopal""}]"
P0124,Id20821,missing,[S] Jagathy Sreekumar [P] is a cast member of [O] Peruvannapurathe Visheshangal,FP,over_prediction_or_duplicate,"Peruvannapurathe Visheshangal is from India. Jayaram and Jagathy Sreekumar are the main cast, the film was edited by K Rajagopal.","[{""subject"": ""Peruvannapurathe Visheshangal"", ""property"": ""cast member"", ""object"": ""Jayaram""}, {""subject"": ""Peruvannapurathe Visheshangal"", ""property"": ""country of origin"", ""object"": ""India""}, {""subject"": ""Peruvannapurathe Visheshangal"", ""property"": ""cast member"", ""object"": ""Jagathy Sreekumar""}, {""subject"": ""Peruvannapurathe Visheshangal"", ""property"": ""film editor"", ""object"": ""K. Rajagopal""}]"
P0125,Id20821,extra,[S] Peruvannapurathe Visheshangal [P] the film was edited by [O] K Rajagopal,FP,over_prediction_or_duplicate,"Peruvannapurathe Visheshangal is from India. Jayaram and Jagathy Sreekumar are the main cast, the film was edited by K Rajagopal.","[{""subject"": ""Peruvannapurathe Visheshangal"", ""property"": ""cast member"", ""object"": ""Jayaram""}, {""subject"": ""Peruvannapurathe Visheshangal"", ""property"": ""country of origin"", ""object"": ""India""}, {""subject"": ""Peruvannapurathe Visheshangal"", ""property"": ""cast member"", ""object"": ""Jagathy Sreekumar""}, {""subject"": ""Peruvannapurathe Visheshangal"", ""property"": ""film editor"", ""object"": ""K. Rajagopal""}]"
P0126,Id20237,missing,[S] Shut Up and Dance : Mixes [P] remix of [O] Shut Up and Dance by Paula Abdul,FN,wrong_error_type_or_unit,Shut Up and Dance: Mixes is a remix of Shut Up and Dance by Paula Abdul. The album is written in English and was followed by Spellbound.,"[{""subject"": ""Shut Up and Dance : Mixes"", ""property"": ""genre"", ""object"": ""Remix""}, {""subject"": ""Shut Up and Dance : Mixes"", ""property"": ""language of work or name"", ""object"": ""English language""}, {""subject"": ""Shut Up and Dance : Mixes"", ""property"": ""different from"", ""object"": ""Shut Up and Dance ( duo )""}, {""subject"": ""Shut Up and Dance : Mixes"", ""property"": ""followed by"", ""object"": ""Spellbound ( Paula Abdul album )""}]"
P0127,Id20237,extra,[S] Shut Up and Dance ( duo ) [P] different from [O] Shut Up and Dance : Mixes,FP,over_prediction_or_duplicate,Shut Up and Dance: Mixes is a remix of Shut Up and Dance by Paula Abdul. The album is written in English and was followed by Spellbound.,"[{""subject"": ""Shut Up and Dance : Mixes"", ""property"": ""genre"", ""object"": ""Remix""}, {""subject"": ""Shut Up and Dance : Mixes"", ""property"": ""language of work or name"", ""object"": ""English language""}, {""subject"": ""Shut Up and Dance : Mixes"", ""property"": ""different from"", ""object"": ""Shut Up and Dance ( duo )""}, {""subject"": ""Shut Up and Dance : Mixes"", ""property"": ""followed by"", ""object"": ""Spellbound ( Paula Abdul album )""}]"
P0128,Id20237,incorrect,[S] Shut Up and Dance : Mixes [P] different from [O] Shut Up and Dance ( duo ),TP,correct_error_type_and_unit,Shut Up and Dance: Mixes is a remix of Shut Up and Dance by Paula Abdul. The album is written in English and was followed by Spellbound.,"[{""subject"": ""Shut Up and Dance : Mixes"", ""property"": ""genre"", ""object"": ""Remix""}, {""subject"": ""Shut Up and Dance : Mixes"", ""property"": ""language of work or name"", ""object"": ""English language""}, {""subject"": ""Shut Up and Dance : Mixes"", ""property"": ""different from"", ""object"": ""Shut Up and Dance ( duo )""}, {""subject"": ""Shut Up and Dance : Mixes"", ""property"": ""followed by"", ""object"": ""Spellbound ( Paula Abdul album )""}]"
P0135,Id20805,missing,[S] Granny Smith [P] approved by [O] US Apple Association,FN,wrong_error_type_or_unit,"The US Apple Association approved Granny Smith, which is the fruit that preceded the Golden Delicious. The Granny Smith is from the United States and the total production of Granny Smith is the criterion used to determine its quality.","[{""subject"": ""Golden Delicious"", ""property"": ""followed by"", ""object"": ""Granny Smith""}, {""subject"": ""Golden Delicious"", ""property"": ""approved by"", ""object"": ""US Apple Association""}, {""subject"": ""Golden Delicious"", ""property"": ""criterion used"", ""object"": ""total produced""}, {""subject"": ""Golden Delicious"", ""property"": ""country"", ""object"": ""United States""}]"
P0136,Id20805,extra,[S] Granny Smith [P] from [O] United States,TP,correct_error_type_and_unit,"The US Apple Association approved Granny Smith, which is the fruit that preceded the Golden Delicious. The Granny Smith is from the United States and the total production of Granny Smith is the criterion used to determine its quality.","[{""subject"": ""Golden Delicious"", ""property"": ""followed by"", ""object"": ""Granny Smith""}, {""subject"": ""Golden Delicious"", ""property"": ""approved by"", ""object"": ""US Apple Association""}, {""subject"": ""Golden Delicious"", ""property"": ""criterion used"", ""object"": ""total produced""}, {""subject"": ""Golden Delicious"", ""property"": ""country"", ""object"": ""United States""}]"
P0137,Id20805,incorrect,[S] Golden Delicious [P] followed by [O] Granny Smith,FP,over_prediction_or_duplicate,"The US Apple Association approved Granny Smith, which is the fruit that preceded the Golden Delicious. The Granny Smith is from the United States and the total production of Granny Smith is the criterion used to determine its quality.","[{""subject"": ""Golden Delicious"", ""property"": ""followed by"", ""object"": ""Granny Smith""}, {""subject"": ""Golden Delicious"", ""property"": ""approved by"", ""object"": ""US Apple Association""}, {""subject"": ""Golden Delicious"", ""property"": ""criterion used"", ""object"": ""total produced""}, {""subject"": ""Golden Delicious"", ""property"": ""country"", ""object"": ""United States""}]"
P0146,Id20038,missing,[S] Lone Wolf (gamebooks) [P] includes [O] Fire on the Water,FP,over_prediction_or_duplicate,Berkley Books published Fire on the Water which is written in English. It is part of the series of Lone Wolf (gamebooks).,"[{""subject"": ""Fire on the Water"", ""property"": ""characters"", ""object"": ""Lone Wolf""}, {""subject"": ""Fire on the Water"", ""property"": ""part of the series"", ""object"": ""Lone Wolf ( gamebooks )""}, {""subject"": ""Fire on the Water"", ""property"": ""publisher"", ""object"": ""Berkley Books""}, {""subject"": ""Fire on the Water"", ""property"": ""language of work or name"", ""object"": ""English language""}]"
P0147,Id20038,extra,[S] Fire on the Water [P] characters [O] Lone Wolf,FN,wrong_error_type_or_unit,Berkley Books published Fire on the Water which is written in English. It is part of the series of Lone Wolf (gamebooks).,"[{""subject"": ""Fire on the Water"", ""property"": ""characters"", ""object"": ""Lone Wolf""}, {""subject"": ""Fire on the Water"", ""property"": ""part of the series"", ""object"": ""Lone Wolf ( gamebooks )""}, {""subject"": ""Fire on the Water"", ""property"": ""publisher"", ""object"": ""Berkley Books""}, {""subject"": ""Fire on the Water"", ""property"": ""language of work or name"", ""object"": ""English language""}]"
P0148,Id20038,incorrect,[S] Fire on the Water [P] language of work or name [O] English language,FP,over_prediction_or_duplicate,Berkley Books published Fire on the Water which is written in English. It is part of the series of Lone Wolf (gamebooks).,"[{""subject"": ""Fire on the Water"", ""property"": ""characters"", ""object"": ""Lone Wolf""}, {""subject"": ""Fire on the Water"", ""property"": ""part of the series"", ""object"": ""Lone Wolf ( gamebooks )""}, {""subject"": ""Fire on the Water"", ""property"": ""publisher"", ""object"": ""Berkley Books""}, {""subject"": ""Fire on the Water"", ""property"": ""language of work or name"", ""object"": ""English language""}]"
P0151,Id21051,missing,[S] Road Runner ( video game ) [P] platform [O] Commodore 64,FP,over_prediction_or_duplicate,"The Atari 2600, Amstrad CPC and Commodore 64 are all platforms for the video game called Road Runner. The latter of which uses the joystick as an input device. The game is distributed via ROM cartridge.","[{""subject"": ""Road Runner ( video game )"", ""property"": ""input method"", ""object"": ""Joystick""}, {""subject"": ""Road Runner ( video game )"", ""property"": ""platform"", ""object"": ""Atari 2600""}, {""subject"": ""Road Runner ( video game )"", ""property"": ""distribution format"", ""object"": ""ROM cartridge""}, {""subject"": ""Road Runner ( video game )"", ""property"": ""platform"", ""object"": ""Amstrad CPC""}]"
P0152,Id21051,extra,[S] Road Runner ( video game ) [P] platform [O] Commodore 64,TP,correct_error_type_and_unit,"The Atari 2600, Amstrad CPC and Commodore 64 are all platforms for the video game called Road Runner. The latter of which uses the joystick as an input device. The game is distributed via ROM cartridge.","[{""subject"": ""Road Runner ( video game )"", ""property"": ""input method"", ""object"": ""Joystick""}, {""subject"": ""Road Runner ( video game )"", ""property"": ""platform"", ""object"": ""Atari 2600""}, {""subject"": ""Road Runner ( video game )"", ""property"": ""distribution format"", ""object"": ""ROM cartridge""}, {""subject"": ""Road Runner ( video game )"", ""property"": ""platform"", ""object"": ""Amstrad CPC""}]"
P0153,Id21051,incorrect,[S] Road Runner ( video game ) [P] input method [O] Joystick,FP,over_prediction_or_duplicate,"The Atari 2600, Amstrad CPC and Commodore 64 are all platforms for the video game called Road Runner. The latter of which uses the joystick as an input device. The game is distributed via ROM cartridge.","[{""subject"": ""Road Runner ( video game )"", ""property"": ""input method"", ""object"": ""Joystick""}, {""subject"": ""Road Runner ( video game )"", ""property"": ""platform"", ""object"": ""Atari 2600""}, {""subject"": ""Road Runner ( video game )"", ""property"": ""distribution format"", ""object"": ""ROM cartridge""}, {""subject"": ""Road Runner ( video game )"", ""property"": ""platform"", ""object"": ""Amstrad CPC""}]"
P0159,Id20317,missing,[S] The Sessions (film) [P] nominated for [O] Academy Award for Best Supporting Actress,FP,over_prediction_or_duplicate,Helen Hunt was nominated for the Academy Award for Best Supporting Actress at the 85th Academy Awards for the film The Sessions in 2012.,"[{""subject"": ""Helen Hunt"", ""property"": ""nominated for"", ""object"": ""Academy Award for Best Supporting Actress""}, {""subject"": ""Helen Hunt"", ""property"": ""for work"", ""object"": ""The Sessions ( film )""}, {""subject"": ""Helen Hunt"", ""property"": ""point in time"", ""object"": ""01 January 2012""}, {""subject"": ""Helen Hunt"", ""property"": ""statement is subject of"", ""object"": ""85th Academy Awards""}]"
P0160,Id20317,extra,[S] Helen Hunt [P] point in time [O] 01 January 2012,FP,over_prediction_or_duplicate,Helen Hunt was nominated for the Academy Award for Best Supporting Actress at the 85th Academy Awards for the film The Sessions in 2012.,"[{""subject"": ""Helen Hunt"", ""property"": ""nominated for"", ""object"": ""Academy Award for Best Supporting Actress""}, {""subject"": ""Helen Hunt"", ""property"": ""for work"", ""object"": ""The Sessions ( film )""}, {""subject"": ""Helen Hunt"", ""property"": ""point in time"", ""object"": ""01 January 2012""}, {""subject"": ""Helen Hunt"", ""property"": ""statement is subject of"", ""object"": ""85th Academy Awards""}]"
P0161,Id20317,incorrect,[S] Helen Hunt [P] for work [O] The Sessions (film),FP,over_prediction_or_duplicate,Helen Hunt was nominated for the Academy Award for Best Supporting Actress at the 85th Academy Awards for the film The Sessions in 2012.,"[{""subject"": ""Helen Hunt"", ""property"": ""nominated for"", ""object"": ""Academy Award for Best Supporting Actress""}, {""subject"": ""Helen Hunt"", ""property"": ""for work"", ""object"": ""The Sessions ( film )""}, {""subject"": ""Helen Hunt"", ""property"": ""point in time"", ""object"": ""01 January 2012""}, {""subject"": ""Helen Hunt"", ""property"": ""statement is subject of"", ""object"": ""85th Academy Awards""}]"
P0164,Id20245,missing,[S] Polk Creek Shale [P] overlain by [O] Blaylock Sandstone,FP,over_prediction_or_duplicate,"The Polk Creek Shale is located in Arkansas, United States. The Polk Creek Shale is overlain by Blaylock Sandstone. It is also overlain by Bigfork Chert.","[{""subject"": ""Polk Creek Shale"", ""property"": ""country"", ""object"": ""United States""}, {""subject"": ""Polk Creek Shale"", ""property"": ""located in the administrative territorial entity"", ""object"": ""Arkansas""}, {""subject"": ""Polk Creek Shale"", ""property"": ""underlies"", ""object"": ""Blaylock Sandstone""}, {""subject"": ""Polk Creek Shale"", ""property"": ""overlies"", ""object"": ""Bigfork Chert""}]"
P0165,Id20245,missing,[S] Polk Creek Shale [P] overlain by [O] Bigfork Chert,FP,over_prediction_or_duplicate,"The Polk Creek Shale is located in Arkansas, United States. The Polk Creek Shale is overlain by Blaylock Sandstone. It is also overlain by Bigfork Chert.","[{""subject"": ""Polk Creek Shale"", ""property"": ""country"", ""object"": ""United States""}, {""subject"": ""Polk Creek Shale"", ""property"": ""located in the administrative territorial entity"", ""object"": ""Arkansas""}, {""subject"": ""Polk Creek Shale"", ""property"": ""underlies"", ""object"": ""Blaylock Sandstone""}, {""subject"": ""Polk Creek Shale"", ""property"": ""overlies"", ""object"": ""Bigfork Chert""}]"
P0166,Id20245,extra,[S] Polk Creek Shale [P] country [O] United States,FP,over_prediction_or_duplicate,"The Polk Creek Shale is located in Arkansas, United States. The Polk Creek Shale is overlain by Blaylock Sandstone. It is also overlain by Bigfork Chert.","[{""subject"": ""Polk Creek Shale"", ""property"": ""country"", ""object"": ""United States""}, {""subject"": ""Polk Creek Shale"", ""property"": ""located in the administrative territorial entity"", ""object"": ""Arkansas""}, {""subject"": ""Polk Creek Shale"", ""property"": ""underlies"", ""object"": ""Blaylock Sandstone""}, {""subject"": ""Polk Creek Shale"", ""property"": ""overlies"", ""object"": ""Bigfork Chert""}]"
P0167,Id20245,incorrect,[S] Polk Creek Shale [P] underlies [O] Blaylock Sandstone,FP,over_prediction_or_duplicate,"The Polk Creek Shale is located in Arkansas, United States. The Polk Creek Shale is overlain by Blaylock Sandstone. It is also overlain by Bigfork Chert.","[{""subject"": ""Polk Creek Shale"", ""property"": ""country"", ""object"": ""United States""}, {""subject"": ""Polk Creek Shale"", ""property"": ""located in the administrative territorial entity"", ""object"": ""Arkansas""}, {""subject"": ""Polk Creek Shale"", ""property"": ""underlies"", ""object"": ""Blaylock Sandstone""}, {""subject"": ""Polk Creek Shale"", ""property"": ""overlies"", ""object"": ""Bigfork Chert""}]"
P0168,Id20245,incorrect,[S] Polk Creek Shale [P] overlies [O] Bigfork Chert,TP,correct_error_type_and_unit,"The Polk Creek Shale is located in Arkansas, United States. The Polk Creek Shale is overlain by Blaylock Sandstone. It is also overlain by Bigfork Chert.","[{""subject"": ""Polk Creek Shale"", ""property"": ""country"", ""object"": ""United States""}, {""subject"": ""Polk Creek Shale"", ""property"": ""located in the administrative territorial entity"", ""object"": ""Arkansas""}, {""subject"": ""Polk Creek Shale"", ""property"": ""underlies"", ""object"": ""Blaylock Sandstone""}, {""subject"": ""Polk Creek Shale"", ""property"": ""overlies"", ""object"": ""Bigfork Chert""}]"
P0170,Id20238,missing,[S] Danny Hillis [P] has works in the collection [O] Computer History Museum,FP,over_prediction_or_duplicate,Doctor of Philosophy graduate Danny Hillis is a member of the Association for Computing Machinery. His works can be found in the Museum of Modern Art and the Computer History Museum.,"[{""subject"": ""Danny Hillis"", ""property"": ""academic degree"", ""object"": ""Doctor of Philosophy""}, {""subject"": ""Danny Hillis"", ""property"": ""member of"", ""object"": ""Association for Computing Machinery""}, {""subject"": ""Danny Hillis"", ""property"": ""has works in the collection"", ""object"": ""Museum of Modern Art""}, {""subject"": ""Danny Hillis"", ""property"": ""archives at"", ""object"": ""Computer History Museum""}]"
P0171,Id20238,extra,[S] Computer History Museum [P] archives of [O] Danny Hillis,FP,over_prediction_or_duplicate,Doctor of Philosophy graduate Danny Hillis is a member of the Association for Computing Machinery. His works can be found in the Museum of Modern Art and the Computer History Museum.,"[{""subject"": ""Danny Hillis"", ""property"": ""academic degree"", ""object"": ""Doctor of Philosophy""}, {""subject"": ""Danny Hillis"", ""property"": ""member of"", ""object"": ""Association for Computing Machinery""}, {""subject"": ""Danny Hillis"", ""property"": ""has works in the collection"", ""object"": ""Museum of Modern Art""}, {""subject"": ""Danny Hillis"", ""property"": ""archives at"", ""object"": ""Computer History Museum""}]"
P0172,Id20238,incorrect,[S] Danny Hillis [P] archives at [O] Computer History Museum,TP,correct_error_type_and_unit,Doctor of Philosophy graduate Danny Hillis is a member of the Association for Computing Machinery. His works can be found in the Museum of Modern Art and the Computer History Museum.,"[{""subject"": ""Danny Hillis"", ""property"": ""academic degree"", ""object"": ""Doctor of Philosophy""}, {""subject"": ""Danny Hillis"", ""property"": ""member of"", ""object"": ""Association for Computing Machinery""}, {""subject"": ""Danny Hillis"", ""property"": ""has works in the collection"", ""object"": ""Museum of Modern Art""}, {""subject"": ""Danny Hillis"", ""property"": ""archives at"", ""object"": ""Computer History Museum""}]"
P0174,Id20592,missing,"[S] Schuyler County , Missouri [P] is also known as [O] Schuyler County , New York",FN,wrong_error_type_or_unit,"Schuyler County, Missouri (capital Lancaster) is bordered by Davis County in Iowa. The county is also known as Schuyler County, New York.","[{""subject"": ""Schuyler County , Missouri"", ""property"": ""shares border with"", ""object"": ""Davis County , Iowa""}, {""subject"": ""Schuyler County , Missouri"", ""property"": ""capital"", ""object"": ""Lancaster , Missouri""}, {""subject"": ""Schuyler County , Missouri"", ""property"": ""contains administrative territorial entity"", ""object"": ""Lancaster , Missouri""}, {""subject"": ""Schuyler County , Missouri"", ""property"": ""different from"", ""object"": ""Schuyler County , New York""}]"
P0175,Id20592,extra,"[S] Schuyler County , Missouri [P] different from [O] Schuyler County , New York",FN,wrong_error_type_or_unit,"Schuyler County, Missouri (capital Lancaster) is bordered by Davis County in Iowa. The county is also known as Schuyler County, New York.","[{""subject"": ""Schuyler County , Missouri"", ""property"": ""shares border with"", ""object"": ""Davis County , Iowa""}, {""subject"": ""Schuyler County , Missouri"", ""property"": ""capital"", ""object"": ""Lancaster , Missouri""}, {""subject"": ""Schuyler County , Missouri"", ""property"": ""contains administrative territorial entity"", ""object"": ""Lancaster , Missouri""}, {""subject"": ""Schuyler County , Missouri"", ""property"": ""different from"", ""object"": ""Schuyler County , New York""}]"
P0176,Id20592,incorrect,"[S] Schuyler County , Missouri [P] contains administrative territorial entity [O] Lancaster , Missouri",TP,correct_error_type_and_unit,"Schuyler County, Missouri (capital Lancaster) is bordered by Davis County in Iowa. The county is also known as Schuyler County, New York.","[{""subject"": ""Schuyler County , Missouri"", ""property"": ""shares border with"", ""object"": ""Davis County , Iowa""}, {""subject"": ""Schuyler County , Missouri"", ""property"": ""capital"", ""object"": ""Lancaster , Missouri""}, {""subject"": ""Schuyler County , Missouri"", ""property"": ""contains administrative territorial entity"", ""object"": ""Lancaster , Missouri""}, {""subject"": ""Schuyler County , Missouri"", ""property"": ""different from"", ""object"": ""Schuyler County , New York""}]"
P0180,Id20109,missing,"[S] Teenage Mutant Ninja Turtles ( 1987 TV series , season 7 ) [P] aired in [O] Florence",FP,over_prediction_or_duplicate,"The seventh season of the Teenage Mutant Ninja Turtles TV series aired in Florence, Tuscany, Italy.","[{""subject"": ""Teenage Mutant Ninja Turtles ( 1987 TV series , season 7 )"", ""property"": ""narrative location"", ""object"": ""Florence""}, {""subject"": ""Teenage Mutant Ninja Turtles ( 1987 TV series , season 7 )"", ""property"": ""located on astronomical location"", ""object"": ""Earth""}, {""subject"": ""Teenage Mutant Ninja Turtles ( 1987 TV series , season 7 )"", ""property"": ""located in the administrative territorial entity"", ""object"": ""Tuscany""}, {""subject"": ""Teenage Mutant Ninja Turtles ( 1987 TV series , season 7 )"", ""property"": ""country"", ""object"": ""Italy""}]"
P0181,Id20109,extra,"[S] Teenage Mutant Ninja Turtles ( 1987 TV series , season 7 ) [P] located on astronomical location [O] Earth",FN,wrong_error_type_or_unit,"The seventh season of the Teenage Mutant Ninja Turtles TV series aired in Florence, Tuscany, Italy.","[{""subject"": ""Teenage Mutant Ninja Turtles ( 1987 TV series , season 7 )"", ""property"": ""narrative location"", ""object"": ""Florence""}, {""subject"": ""Teenage Mutant Ninja Turtles ( 1987 TV series , season 7 )"", ""property"": ""located on astronomical location"", ""object"": ""Earth""}, {""subject"": ""Teenage Mutant Ninja Turtles ( 1987 TV series , season 7 )"", ""property"": ""located in the administrative territorial entity"", ""object"": ""Tuscany""}, {""subject"": ""Teenage Mutant Ninja Turtles ( 1987 TV series , season 7 )"", ""property"": ""country"", ""object"": ""Italy""}]"
P0182,Id20109,incorrect,"[S] Teenage Mutant Ninja Turtles ( 1987 TV series , season 7 ) [P] narrative location [O] Florence",TP,correct_error_type_and_unit,"The seventh season of the Teenage Mutant Ninja Turtles TV series aired in Florence, Tuscany, Italy.","[{""subject"": ""Teenage Mutant Ninja Turtles ( 1987 TV series , season 7 )"", ""property"": ""narrative location"", ""object"": ""Florence""}, {""subject"": ""Teenage Mutant Ninja Turtles ( 1987 TV series , season 7 )"", ""property"": ""located on astronomical location"", ""object"": ""Earth""}, {""subject"": ""Teenage Mutant Ninja Turtles ( 1987 TV series , season 7 )"", ""property"": ""located in the administrative territorial entity"", ""object"": ""Tuscany""}, {""subject"": ""Teenage Mutant Ninja Turtles ( 1987 TV series , season 7 )"", ""property"": ""country"", ""object"": ""Italy""}]"
P0188,Id15545,missing,[S] The Glory of Walküre [P] platform [O] Android (operating system),FP,over_prediction_or_duplicate,The Glory of Walküre is a single-player video game developed by Bandai Namco Entertainment for the Android operating system. The game is available for mobile phones.,"[{""subject"": ""The Glory of Walküre"", ""property"": ""platform"", ""object"": ""Android ( operating system )""}, {""subject"": ""The Glory of Walküre"", ""property"": ""publisher"", ""object"": ""Bandai Namco Entertainment""}, {""subject"": ""The Glory of Walküre"", ""property"": ""developer"", ""object"": ""Bandai Namco Entertainment""}, {""subject"": ""The Glory of Walküre"", ""property"": ""platform"", ""object"": ""Mobile phone""}, {""subject"": ""The Glory of Walküre"", ""property"": ""game mode"", ""object"": ""Single-player video game""}]"
P0189,Id15545,extra,[S] The Glory of Walküre [P] platform [O] Mobile phone,FP,over_prediction_or_duplicate,The Glory of Walküre is a single-player video game developed by Bandai Namco Entertainment for the Android operating system. The game is available for mobile phones.,"[{""subject"": ""The Glory of Walküre"", ""property"": ""platform"", ""object"": ""Android ( operating system )""}, {""subject"": ""The Glory of Walküre"", ""property"": ""publisher"", ""object"": ""Bandai Namco Entertainment""}, {""subject"": ""The Glory of Walküre"", ""property"": ""developer"", ""object"": ""Bandai Namco Entertainment""}, {""subject"": ""The Glory of Walküre"", ""property"": ""platform"", ""object"": ""Mobile phone""}, {""subject"": ""The Glory of Walküre"", ""property"": ""game mode"", ""object"": ""Single-player video game""}]"
P0190,Id15545,incorrect,[S] The Glory of Walküre [P] game mode [O] Single-player video game,FP,over_prediction_or_duplicate,The Glory of Walküre is a single-player video game developed by Bandai Namco Entertainment for the Android operating system. The game is available for mobile phones.,"[{""subject"": ""The Glory of Walküre"", ""property"": ""platform"", ""object"": ""Android ( operating system )""}, {""subject"": ""The Glory of Walküre"", ""property"": ""publisher"", ""object"": ""Bandai Namco Entertainment""}, {""subject"": ""The Glory of Walküre"", ""property"": ""developer"", ""object"": ""Bandai Namco Entertainment""}, {""subject"": ""The Glory of Walküre"", ""property"": ""platform"", ""object"": ""Mobile phone""}, {""subject"": ""The Glory of Walküre"", ""property"": ""game mode"", ""object"": ""Single-player video game""}]"
P0192,Id14963,missing,[S] Seren Gomer [P] place of birth [O] Swansea,FN,wrong_error_type_or_unit,"Seren Gomer, who was born in Swansea, was the editor of Henry Charles. He was also the editor of David Davies Evans, Samuel Evans and Joseph Harris.","[{""subject"": ""Seren Gomer"", ""property"": ""editor"", ""object"": ""Samuel Evans""}, {""subject"": ""Seren Gomer"", ""property"": ""place of publication"", ""object"": ""Swansea""}, {""subject"": ""Seren Gomer"", ""property"": ""editor"", ""object"": ""David Davies Evans""}, {""subject"": ""Seren Gomer"", ""property"": ""contributor(s) to the creative work or subject"", ""object"": ""Henry Charles""}, {""subject"": ""Seren Gomer"", ""property"": ""editor"", ""object"": ""Joseph Harris ( Gomer )""}]"
P0193,Id14963,extra,[S] Seren Gomer [P] contributor(s) to the creative work or subject [O] Henry Charles,FN,wrong_error_type_or_unit,"Seren Gomer, who was born in Swansea, was the editor of Henry Charles. He was also the editor of David Davies Evans, Samuel Evans and Joseph Harris.","[{""subject"": ""Seren Gomer"", ""property"": ""editor"", ""object"": ""Samuel Evans""}, {""subject"": ""Seren Gomer"", ""property"": ""place of publication"", ""object"": ""Swansea""}, {""subject"": ""Seren Gomer"", ""property"": ""editor"", ""object"": ""David Davies Evans""}, {""subject"": ""Seren Gomer"", ""property"": ""contributor(s) to the creative work or subject"", ""object"": ""Henry Charles""}, {""subject"": ""Seren Gomer"", ""property"": ""editor"", ""object"": ""Joseph Harris ( Gomer )""}]"
P0194,Id14963,incorrect,[S] Seren Gomer [P] editor [O] David Davies Evans,FP,over_prediction_or_duplicate,"Seren Gomer, who was born in Swansea, was the editor of Henry Charles. He was also the editor of David Davies Evans, Samuel Evans and Joseph Harris.","[{""subject"": ""Seren Gomer"", ""property"": ""editor"", ""object"": ""Samuel Evans""}, {""subject"": ""Seren Gomer"", ""property"": ""place of publication"", ""object"": ""Swansea""}, {""subject"": ""Seren Gomer"", ""property"": ""editor"", ""object"": ""David Davies Evans""}, {""subject"": ""Seren Gomer"", ""property"": ""contributor(s) to the creative work or subject"", ""object"": ""Henry Charles""}, {""subject"": ""Seren Gomer"", ""property"": ""editor"", ""object"": ""Joseph Harris ( Gomer )""}]"
P0199,Id15753,missing,[S] Bressonnaz [P] tributary [O] Lake Morat,FP,over_prediction_or_duplicate,"Bressonnaz, Mionne and Broye - all tributaries of Lake Neuchâtel - all flow into Lake Morat. The Broye is located in the Canton of Bern.","[{""subject"": ""Broye"", ""property"": ""tributary"", ""object"": ""Bressonnaz""}, {""subject"": ""Broye"", ""property"": ""mouth of the watercourse"", ""object"": ""Lake Neuchâtel""}, {""subject"": ""Broye"", ""property"": ""located in the administrative territorial entity"", ""object"": ""Canton of Bern""}, {""subject"": ""Broye"", ""property"": ""tributary"", ""object"": ""Mionne""}, {""subject"": ""Broye"", ""property"": ""lakes on river"", ""object"": ""Lake Morat""}]"
P0200,Id15753,missing,[S] Mionne [P] tributary [O] Lake Morat,FP,over_prediction_or_duplicate,"Bressonnaz, Mionne and Broye - all tributaries of Lake Neuchâtel - all flow into Lake Morat. The Broye is located in the Canton of Bern.","[{""subject"": ""Broye"", ""property"": ""tributary"", ""object"": ""Bressonnaz""}, {""subject"": ""Broye"", ""property"": ""mouth of the watercourse"", ""object"": ""Lake Neuchâtel""}, {""subject"": ""Broye"", ""property"": ""located in the administrative territorial entity"", ""object"": ""Canton of Bern""}, {""subject"": ""Broye"", ""property"": ""tributary"", ""object"": ""Mionne""}, {""subject"": ""Broye"", ""property"": ""lakes on river"", ""object"": ""Lake Morat""}]"
P0201,Id15753,extra,[S] Bressonnaz [P] tributary [O] Lake Neuchâtel,TP,correct_error_type_and_unit,"Bressonnaz, Mionne and Broye - all tributaries of Lake Neuchâtel - all flow into Lake Morat. The Broye is located in the Canton of Bern.","[{""subject"": ""Broye"", ""property"": ""tributary"", ""object"": ""Bressonnaz""}, {""subject"": ""Broye"", ""property"": ""mouth of the watercourse"", ""object"": ""Lake Neuchâtel""}, {""subject"": ""Broye"", ""property"": ""located in the administrative territorial entity"", ""object"": ""Canton of Bern""}, {""subject"": ""Broye"", ""property"": ""tributary"", ""object"": ""Mionne""}, {""subject"": ""Broye"", ""property"": ""lakes on river"", ""object"": ""Lake Morat""}]"
P0202,Id15753,extra,[S] Mionne [P] tributary [O] Lake Neuchâtel,TP,correct_error_type_and_unit,"Bressonnaz, Mionne and Broye - all tributaries of Lake Neuchâtel - all flow into Lake Morat. The Broye is located in the Canton of Bern.","[{""subject"": ""Broye"", ""property"": ""tributary"", ""object"": ""Bressonnaz""}, {""subject"": ""Broye"", ""property"": ""mouth of the watercourse"", ""object"": ""Lake Neuchâtel""}, {""subject"": ""Broye"", ""property"": ""located in the administrative territorial entity"", ""object"": ""Canton of Bern""}, {""subject"": ""Broye"", ""property"": ""tributary"", ""object"": ""Mionne""}, {""subject"": ""Broye"", ""property"": ""lakes on river"", ""object"": ""Lake Morat""}]"
P0203,Id15753,extra,[S] Bressonnaz [P] tributary [O] Lake Morat,TP,correct_error_type_and_unit,"Bressonnaz, Mionne and Broye - all tributaries of Lake Neuchâtel - all flow into Lake Morat. The Broye is located in the Canton of Bern.","[{""subject"": ""Broye"", ""property"": ""tributary"", ""object"": ""Bressonnaz""}, {""subject"": ""Broye"", ""property"": ""mouth of the watercourse"", ""object"": ""Lake Neuchâtel""}, {""subject"": ""Broye"", ""property"": ""located in the administrative territorial entity"", ""object"": ""Canton of Bern""}, {""subject"": ""Broye"", ""property"": ""tributary"", ""object"": ""Mionne""}, {""subject"": ""Broye"", ""property"": ""lakes on river"", ""object"": ""Lake Morat""}]"
P0204,Id15753,extra,[S] Mionne [P] tributary [O] Lake Morat,TP,correct_error_type_and_unit,"Bressonnaz, Mionne and Broye - all tributaries of Lake Neuchâtel - all flow into Lake Morat. The Broye is located in the Canton of Bern.","[{""subject"": ""Broye"", ""property"": ""tributary"", ""object"": ""Bressonnaz""}, {""subject"": ""Broye"", ""property"": ""mouth of the watercourse"", ""object"": ""Lake Neuchâtel""}, {""subject"": ""Broye"", ""property"": ""located in the administrative territorial entity"", ""object"": ""Canton of Bern""}, {""subject"": ""Broye"", ""property"": ""tributary"", ""object"": ""Mionne""}, {""subject"": ""Broye"", ""property"": ""lakes on river"", ""object"": ""Lake Morat""}]"
P0205,Id15753,incorrect,[S] Broye [P] tributary [O] Bressonnaz,TP,correct_error_type_and_unit,"Bressonnaz, Mionne and Broye - all tributaries of Lake Neuchâtel - all flow into Lake Morat. The Broye is located in the Canton of Bern.","[{""subject"": ""Broye"", ""property"": ""tributary"", ""object"": ""Bressonnaz""}, {""subject"": ""Broye"", ""property"": ""mouth of the watercourse"", ""object"": ""Lake Neuchâtel""}, {""subject"": ""Broye"", ""property"": ""located in the administrative territorial entity"", ""object"": ""Canton of Bern""}, {""subject"": ""Broye"", ""property"": ""tributary"", ""object"": ""Mionne""}, {""subject"": ""Broye"", ""property"": ""lakes on river"", ""object"": ""Lake Morat""}]"
P0206,Id15753,incorrect,[S] Broye [P] tributary [O] Mionne,TP,correct_error_type_and_unit,"Bressonnaz, Mionne and Broye - all tributaries of Lake Neuchâtel - all flow into Lake Morat. The Broye is located in the Canton of Bern.","[{""subject"": ""Broye"", ""property"": ""tributary"", ""object"": ""Bressonnaz""}, {""subject"": ""Broye"", ""property"": ""mouth of the watercourse"", ""object"": ""Lake Neuchâtel""}, {""subject"": ""Broye"", ""property"": ""located in the administrative territorial entity"", ""object"": ""Canton of Bern""}, {""subject"": ""Broye"", ""property"": ""tributary"", ""object"": ""Mionne""}, {""subject"": ""Broye"", ""property"": ""lakes on river"", ""object"": ""Lake Morat""}]"
P0207,Id15753,incorrect,[S] Broye [P] mouth of the watercourse [O] Lake Neuchâtel,TP,correct_error_type_and_unit,"Bressonnaz, Mionne and Broye - all tributaries of Lake Neuchâtel - all flow into Lake Morat. The Broye is located in the Canton of Bern.","[{""subject"": ""Broye"", ""property"": ""tributary"", ""object"": ""Bressonnaz""}, {""subject"": ""Broye"", ""property"": ""mouth of the watercourse"", ""object"": ""Lake Neuchâtel""}, {""subject"": ""Broye"", ""property"": ""located in the administrative territorial entity"", ""object"": ""Canton of Bern""}, {""subject"": ""Broye"", ""property"": ""tributary"", ""object"": ""Mionne""}, {""subject"": ""Broye"", ""property"": ""lakes on river"", ""object"": ""Lake Morat""}]"
P0217,Id15137,missing,[S] Barthélemy Hus-Desforges [P] sibling [O] Auguste Hus I,FP,over_prediction_or_duplicate,Hus is a member of the Hus family. His wife is Francoise Hus and he was a member of the Hus family. Hus's siblings include Barthélemy Hus-Desforges and Auguste Hus I. Jean-Baptiste Hus is one of his children.,"[{""subject"": ""François Hus"", ""property"": ""sibling"", ""object"": ""Barthélemy Hus-Desforges""}, {""subject"": ""François Hus"", ""property"": ""child"", ""object"": ""Auguste Hus I""}, {""subject"": ""François Hus"", ""property"": ""spouse"", ""object"": ""Françoise Hus""}, {""subject"": ""François Hus"", ""property"": ""child"", ""object"": ""Jean-Baptiste Hus""}, {""subject"": ""François Hus"", ""property"": ""family"", ""object"": ""Hus family""}]"
P0218,Id15137,extra,[S] François Hus [P] sibling [O] Auguste Hus I,TP,correct_error_type_and_unit,Hus is a member of the Hus family. His wife is Francoise Hus and he was a member of the Hus family. Hus's siblings include Barthélemy Hus-Desforges and Auguste Hus I. Jean-Baptiste Hus is one of his children.,"[{""subject"": ""François Hus"", ""property"": ""sibling"", ""object"": ""Barthélemy Hus-Desforges""}, {""subject"": ""François Hus"", ""property"": ""child"", ""object"": ""Auguste Hus I""}, {""subject"": ""François Hus"", ""property"": ""spouse"", ""object"": ""Françoise Hus""}, {""subject"": ""François Hus"", ""property"": ""child"", ""object"": ""Jean-Baptiste Hus""}, {""subject"": ""François Hus"", ""property"": ""family"", ""object"": ""Hus family""}]"
P0219,Id15137,incorrect,[S] François Hus [P] child [O] Auguste Hus I,TP,correct_error_type_and_unit,Hus is a member of the Hus family. His wife is Francoise Hus and he was a member of the Hus family. Hus's siblings include Barthélemy Hus-Desforges and Auguste Hus I. Jean-Baptiste Hus is one of his children.,"[{""subject"": ""François Hus"", ""property"": ""sibling"", ""object"": ""Barthélemy Hus-Desforges""}, {""subject"": ""François Hus"", ""property"": ""child"", ""object"": ""Auguste Hus I""}, {""subject"": ""François Hus"", ""property"": ""spouse"", ""object"": ""Françoise Hus""}, {""subject"": ""François Hus"", ""property"": ""child"", ""object"": ""Jean-Baptiste Hus""}, {""subject"": ""François Hus"", ""property"": ""family"", ""object"": ""Hus family""}]"
P0225,Id12489,missing,[S] Max Frisch [P] nominated for [O] Heinrich Heine Prize,FN,wrong_error_type_or_unit,"Max Frisch, who graduated from ETH Zurich, was nominated for the Neustadt International Prize for Literature. He was also nominated for the Heinrich Heine Prize. He was also awarded the Conrad Ferdinand Meyer Prize. He was also awarded the Honorary Doctor of the Technical University of Berlin.","[{""subject"": ""Max Frisch"", ""property"": ""educated at"", ""object"": ""ETH Zurich""}, {""subject"": ""Max Frisch"", ""property"": ""award received"", ""object"": ""Conrad Ferdinand Meyer Prize""}, {""subject"": ""Max Frisch"", ""property"": ""nominated for"", ""object"": ""Neustadt International Prize for Literature""}, {""subject"": ""Max Frisch"", ""property"": ""award received"", ""object"": ""Heinrich Heine Prize""}, {""subject"": ""Max Frisch"", ""property"": ""award received"", ""object"": ""Honorary doctor of the Technical University of Berlin""}]"
P0226,Id12489,extra,[S] Max Frisch [P] award received [O] Heinrich Heine Prize,FN,wrong_error_type_or_unit,"Max Frisch, who graduated from ETH Zurich, was nominated for the Neustadt International Prize for Literature. He was also nominated for the Heinrich Heine Prize. He was also awarded the Conrad Ferdinand Meyer Prize. He was also awarded the Honorary Doctor of the Technical University of Berlin.","[{""subject"": ""Max Frisch"", ""property"": ""educated at"", ""object"": ""ETH Zurich""}, {""subject"": ""Max Frisch"", ""property"": ""award received"", ""object"": ""Conrad Ferdinand Meyer Prize""}, {""subject"": ""Max Frisch"", ""property"": ""nominated for"", ""object"": ""Neustadt International Prize for Literature""}, {""subject"": ""Max Frisch"", ""property"": ""award received"", ""object"": ""Heinrich Heine Prize""}, {""subject"": ""Max Frisch"", ""property"": ""award received"", ""object"": ""Honorary doctor of the Technical University of Berlin""}]"
P0227,Id12489,incorrect,[S] Max Frisch [P] award received [O] Honorary doctor of the Technical University of Berlin,FP,over_prediction_or_duplicate,"Max Frisch, who graduated from ETH Zurich, was nominated for the Neustadt International Prize for Literature. He was also nominated for the Heinrich Heine Prize. He was also awarded the Conrad Ferdinand Meyer Prize. He was also awarded the Honorary Doctor of the Technical University of Berlin.","[{""subject"": ""Max Frisch"", ""property"": ""educated at"", ""object"": ""ETH Zurich""}, {""subject"": ""Max Frisch"", ""property"": ""award received"", ""object"": ""Conrad Ferdinand Meyer Prize""}, {""subject"": ""Max Frisch"", ""property"": ""nominated for"", ""object"": ""Neustadt International Prize for Literature""}, {""subject"": ""Max Frisch"", ""property"": ""award received"", ""object"": ""Heinrich Heine Prize""}, {""subject"": ""Max Frisch"", ""property"": ""award received"", ""object"": ""Honorary doctor of the Technical University of Berlin""}]"
P0230,Id15267,missing,[S] Mürwik Naval School [P] former student [O] Otto Schuhart,FN,wrong_error_type_or_unit,"Otto Schuhart, a German speaker, was the commander of the German submarine U-8 in 1935. He was a captain at sea and Fregattenkapitän. He was a former student at the Mürwik Naval School.","[{""subject"": ""Otto Schuhart"", ""property"": ""commander of"", ""object"": ""Mürwik Naval School""}, {""subject"": ""Otto Schuhart"", ""property"": ""military rank"", ""object"": ""Fregattenkapitän""}, {""subject"": ""Otto Schuhart"", ""property"": ""commander of"", ""object"": ""German submarine U-8 ( 1935 )""}, {""subject"": ""Otto Schuhart"", ""property"": ""military rank"", ""object"": ""Captain at sea""}, {""subject"": ""Otto Schuhart"", ""property"": ""languages spoken, written or signed"", ""object"": ""German language""}]"
P0231,Id15267,extra,[S] Otto Schuhart [P] commander of [O] Mürwik Naval School,FN,wrong_error_type_or_unit,"Otto Schuhart, a German speaker, was the commander of the German submarine U-8 in 1935. He was a captain at sea and Fregattenkapitän. He was a former student at the Mürwik Naval School.","[{""subject"": ""Otto Schuhart"", ""property"": ""commander of"", ""object"": ""Mürwik Naval School""}, {""subject"": ""Otto Schuhart"", ""property"": ""military rank"", ""object"": ""Fregattenkapitän""}, {""subject"": ""Otto Schuhart"", ""property"": ""commander of"", ""object"": ""German submarine U-8 ( 1935 )""}, {""subject"": ""Otto Schuhart"", ""property"": ""military rank"", ""object"": ""Captain at sea""}, {""subject"": ""Otto Schuhart"", ""property"": ""languages spoken, written or signed"", ""object"": ""German language""}]"
P0232,Id15267,incorrect,[S] Otto Schuhart [P] commander of [O] German submarine U-8 ( 1935 ),FP,over_prediction_or_duplicate,"Otto Schuhart, a German speaker, was the commander of the German submarine U-8 in 1935. He was a captain at sea and Fregattenkapitän. He was a former student at the Mürwik Naval School.","[{""subject"": ""Otto Schuhart"", ""property"": ""commander of"", ""object"": ""Mürwik Naval School""}, {""subject"": ""Otto Schuhart"", ""property"": ""military rank"", ""object"": ""Fregattenkapitän""}, {""subject"": ""Otto Schuhart"", ""property"": ""commander of"", ""object"": ""German submarine U-8 ( 1935 )""}, {""subject"": ""Otto Schuhart"", ""property"": ""military rank"", ""object"": ""Captain at sea""}, {""subject"": ""Otto Schuhart"", ""property"": ""languages spoken, written or signed"", ""object"": ""German language""}]"
P0234,Id15698,missing,[S] Zdhhc17 [P] ortholog [O] AKR1,FP,over_prediction_or_duplicate,The AKR1 protein is found in Saccharomyces cerevisiae S288c. Its ortholog is Zdhhc17 and its strand orientation is reverse. The DHHC-14 ortholog is also found in this yeast.,"[{""subject"": ""AKR1"", ""property"": ""ortholog"", ""object"": ""Zdhhc17""}, {""subject"": ""AKR1"", ""property"": ""found in taxon"", ""object"": ""Saccharomyces cerevisiae S288c""}, {""subject"": ""AKR1"", ""property"": ""ortholog"", ""object"": ""dhhc-14""}, {""subject"": ""AKR1"", ""property"": ""strand orientation"", ""object"": ""reverse strand""}, {""subject"": ""AKR1"", ""property"": ""ortholog"", ""object"": ""zdhhc17""}]"
P0235,Id15698,extra,[S] DHHC-14 [P] found in taxon [O] Saccharomyces cerevisiae S288c,TP,correct_error_type_and_unit,The AKR1 protein is found in Saccharomyces cerevisiae S288c. Its ortholog is Zdhhc17 and its strand orientation is reverse. The DHHC-14 ortholog is also found in this yeast.,"[{""subject"": ""AKR1"", ""property"": ""ortholog"", ""object"": ""Zdhhc17""}, {""subject"": ""AKR1"", ""property"": ""found in taxon"", ""object"": ""Saccharomyces cerevisiae S288c""}, {""subject"": ""AKR1"", ""property"": ""ortholog"", ""object"": ""dhhc-14""}, {""subject"": ""AKR1"", ""property"": ""strand orientation"", ""object"": ""reverse strand""}, {""subject"": ""AKR1"", ""property"": ""ortholog"", ""object"": ""zdhhc17""}]"
P0236,Id15698,incorrect,[S] AKR1 [P] strand orientation [O] reverse strand,FP,over_prediction_or_duplicate,The AKR1 protein is found in Saccharomyces cerevisiae S288c. Its ortholog is Zdhhc17 and its strand orientation is reverse. The DHHC-14 ortholog is also found in this yeast.,"[{""subject"": ""AKR1"", ""property"": ""ortholog"", ""object"": ""Zdhhc17""}, {""subject"": ""AKR1"", ""property"": ""found in taxon"", ""object"": ""Saccharomyces cerevisiae S288c""}, {""subject"": ""AKR1"", ""property"": ""ortholog"", ""object"": ""dhhc-14""}, {""subject"": ""AKR1"", ""property"": ""strand orientation"", ""object"": ""reverse strand""}, {""subject"": ""AKR1"", ""property"": ""ortholog"", ""object"": ""zdhhc17""}]"
P0240,Id11960,missing,[S] SSV Jahn Regensburg II [P] league [O] 3 . Liga,FP,over_prediction_or_duplicate,Andreas Güntner is a defender who plays for SSV Jahn Regensburg II in the 3 . Liga league. Güntner is a German citizen.,"[{""subject"": ""Andreas Güntner"", ""property"": ""country for sport"", ""object"": ""Germany""}, {""subject"": ""Andreas Güntner"", ""property"": ""member of sports team"", ""object"": ""SSV Jahn Regensburg""}, {""subject"": ""Andreas Güntner"", ""property"": ""position played on team / speciality"", ""object"": ""Defender ( association football )""}, {""subject"": ""Andreas Güntner"", ""property"": ""league"", ""object"": ""3 . Liga""}, {""subject"": ""Andreas Güntner"", ""property"": ""member of sports team"", ""object"": ""SSV Jahn Regensburg II""}]"
P0241,Id11960,extra,[S] Andreas Güntner [P] member of sports team [O] SSV Jahn Regensburg,FN,wrong_error_type_or_unit,Andreas Güntner is a defender who plays for SSV Jahn Regensburg II in the 3 . Liga league. Güntner is a German citizen.,"[{""subject"": ""Andreas Güntner"", ""property"": ""country for sport"", ""object"": ""Germany""}, {""subject"": ""Andreas Güntner"", ""property"": ""member of sports team"", ""object"": ""SSV Jahn Regensburg""}, {""subject"": ""Andreas Güntner"", ""property"": ""position played on team / speciality"", ""object"": ""Defender ( association football )""}, {""subject"": ""Andreas Güntner"", ""property"": ""league"", ""object"": ""3 . Liga""}, {""subject"": ""Andreas Güntner"", ""property"": ""member of sports team"", ""object"": ""SSV Jahn Regensburg II""}]"
P0242,Id11960,incorrect,[S] Andreas Güntner [P] country for sport [O] Germany,TP,correct_error_type_and_unit,Andreas Güntner is a defender who plays for SSV Jahn Regensburg II in the 3 . Liga league. Güntner is a German citizen.,"[{""subject"": ""Andreas Güntner"", ""property"": ""country for sport"", ""object"": ""Germany""}, {""subject"": ""Andreas Güntner"", ""property"": ""member of sports team"", ""object"": ""SSV Jahn Regensburg""}, {""subject"": ""Andreas Güntner"", ""property"": ""position played on team / speciality"", ""object"": ""Defender ( association football )""}, {""subject"": ""Andreas Güntner"", ""property"": ""league"", ""object"": ""3 . Liga""}, {""subject"": ""Andreas Güntner"", ""property"": ""member of sports team"", ""object"": ""SSV Jahn Regensburg II""}]"
P0246,Id8498,missing,[S] World Chess Championship 2016 [P] location [O] New York City,FP,over_prediction_or_duplicate,"Magnus Carlsen lives in Madrid, Norway. He played at the World Chess Championship 2016 and the Tata Steel Chess Tournament. He won the Chess Oscar.","[{""subject"": ""Magnus Carlsen"", ""property"": ""residence"", ""object"": ""Madrid""}, {""subject"": ""Magnus Carlsen"", ""property"": ""country for sport"", ""object"": ""Norway""}, {""subject"": ""Magnus Carlsen"", ""property"": ""participant of"", ""object"": ""World Chess Championship 2016""}, {""subject"": ""Magnus Carlsen"", ""property"": ""award received"", ""object"": ""Chess Oscar""}, {""subject"": ""Magnus Carlsen"", ""property"": ""participant of"", ""object"": ""Tata Steel Chess Tournament""}]"
P0247,Id8498,extra,[S] Madrid [P] country [O] Norway,TP,correct_error_type_and_unit,"Magnus Carlsen lives in Madrid, Norway. He played at the World Chess Championship 2016 and the Tata Steel Chess Tournament. He won the Chess Oscar.","[{""subject"": ""Magnus Carlsen"", ""property"": ""residence"", ""object"": ""Madrid""}, {""subject"": ""Magnus Carlsen"", ""property"": ""country for sport"", ""object"": ""Norway""}, {""subject"": ""Magnus Carlsen"", ""property"": ""participant of"", ""object"": ""World Chess Championship 2016""}, {""subject"": ""Magnus Carlsen"", ""property"": ""award received"", ""object"": ""Chess Oscar""}, {""subject"": ""Magnus Carlsen"", ""property"": ""participant of"", ""object"": ""Tata Steel Chess Tournament""}]"
P0248,Id8498,incorrect,[S] Magnus Carlsen [P] country for sport [O] Norway,TP,correct_error_type_and_unit,"Magnus Carlsen lives in Madrid, Norway. He played at the World Chess Championship 2016 and the Tata Steel Chess Tournament. He won the Chess Oscar.","[{""subject"": ""Magnus Carlsen"", ""property"": ""residence"", ""object"": ""Madrid""}, {""subject"": ""Magnus Carlsen"", ""property"": ""country for sport"", ""object"": ""Norway""}, {""subject"": ""Magnus Carlsen"", ""property"": ""participant of"", ""object"": ""World Chess Championship 2016""}, {""subject"": ""Magnus Carlsen"", ""property"": ""award received"", ""object"": ""Chess Oscar""}, {""subject"": ""Magnus Carlsen"", ""property"": ""participant of"", ""object"": ""Tata Steel Chess Tournament""}]"
P0252,Id8323,missing,[S] John Britton ( antiquary ) [P] sex or gender [O] male,FP,over_prediction_or_duplicate,"John Britton was born in Kington St. Michael, Kingdom of Great Britain. He was a member of the Society of Antiquaries of London and was awarded the award of Fellow of the Society of Antiquaries. He was also a member of the United Kingdom of Great Britain and Ireland.","[{""subject"": ""John Britton ( antiquary )"", ""property"": ""sex or gender"", ""object"": ""male""}, {""subject"": ""John Britton ( antiquary )"", ""property"": ""country of citizenship"", ""object"": ""United Kingdom of Great Britain and Ireland""}, {""subject"": ""John Britton ( antiquary )"", ""property"": ""place of birth"", ""object"": ""Kington St Michael""}, {""subject"": ""John Britton ( antiquary )"", ""property"": ""country of citizenship"", ""object"": ""Kingdom of Great Britain""}, {""subject"": ""John Britton ( antiquary )"", ""property"": ""award received"", ""object"": ""Fellow of the Society of Antiquaries""}, {""subject"": ""John Britton ( antiquary )"", ""property"": ""member of"", ""object"": ""Society of Antiquaries of London""}]"
P0253,Id8323,extra,[S] John Britton ( antiquary ) [P] country of citizenship [O] Kingdom of Great Britain,FN,wrong_error_type_or_unit,"John Britton was born in Kington St. Michael, Kingdom of Great Britain. He was a member of the Society of Antiquaries of London and was awarded the award of Fellow of the Society of Antiquaries. He was also a member of the United Kingdom of Great Britain and Ireland.","[{""subject"": ""John Britton ( antiquary )"", ""property"": ""sex or gender"", ""object"": ""male""}, {""subject"": ""John Britton ( antiquary )"", ""property"": ""country of citizenship"", ""object"": ""United Kingdom of Great Britain and Ireland""}, {""subject"": ""John Britton ( antiquary )"", ""property"": ""place of birth"", ""object"": ""Kington St Michael""}, {""subject"": ""John Britton ( antiquary )"", ""property"": ""country of citizenship"", ""object"": ""Kingdom of Great Britain""}, {""subject"": ""John Britton ( antiquary )"", ""property"": ""award received"", ""object"": ""Fellow of the Society of Antiquaries""}, {""subject"": ""John Britton ( antiquary )"", ""property"": ""member of"", ""object"": ""Society of Antiquaries of London""}]"
P0254,Id8323,incorrect,[S] John Britton ( antiquary ) [P] place of birth [O] Kington St Michael,FP,over_prediction_or_duplicate,"John Britton was born in Kington St. Michael, Kingdom of Great Britain. He was a member of the Society of Antiquaries of London and was awarded the award of Fellow of the Society of Antiquaries. He was also a member of the United Kingdom of Great Britain and Ireland.","[{""subject"": ""John Britton ( antiquary )"", ""property"": ""sex or gender"", ""object"": ""male""}, {""subject"": ""John Britton ( antiquary )"", ""property"": ""country of citizenship"", ""object"": ""United Kingdom of Great Britain and Ireland""}, {""subject"": ""John Britton ( antiquary )"", ""property"": ""place of birth"", ""object"": ""Kington St Michael""}, {""subject"": ""John Britton ( antiquary )"", ""property"": ""country of citizenship"", ""object"": ""Kingdom of Great Britain""}, {""subject"": ""John Britton ( antiquary )"", ""property"": ""award received"", ""object"": ""Fellow of the Society of Antiquaries""}, {""subject"": ""John Britton ( antiquary )"", ""property"": ""member of"", ""object"": ""Society of Antiquaries of London""}]"
P0258,Id8891,missing,[S] Joyce Redman [P] won [O] Academy Award for Best Supporting Actress,FN,wrong_error_type_or_unit,Joyce Redman was nominated for the Academy Award for Best Supporting Actress at the 36th Academy Awards in 1963. She has also won the award at the 38th Academy Awards in 1963 for her work in the film Tom Jones. She also starred in the 1965 British film Othello.,"[{""subject"": ""Joyce Redman"", ""property"": ""nominated for"", ""object"": ""Academy Award for Best Supporting Actress""}, {""subject"": ""Joyce Redman"", ""property"": ""statement is subject of"", ""object"": ""36th Academy Awards""}, {""subject"": ""Joyce Redman"", ""property"": ""statement is subject of"", ""object"": ""38th Academy Awards""}, {""subject"": ""Joyce Redman"", ""property"": ""for work"", ""object"": ""Othello ( 1965 British film )""}, {""subject"": ""Joyce Redman"", ""property"": ""for work"", ""object"": ""Tom Jones ( 1963 film )""}, {""subject"": ""Joyce Redman"", ""property"": ""point in time"", ""object"": ""01 January 1963""}]"
P0259,Id8891,extra,[S] Joyce Redman [P] for work [O] Othello ( 1965 British film ),FN,wrong_error_type_or_unit,Joyce Redman was nominated for the Academy Award for Best Supporting Actress at the 36th Academy Awards in 1963. She has also won the award at the 38th Academy Awards in 1963 for her work in the film Tom Jones. She also starred in the 1965 British film Othello.,"[{""subject"": ""Joyce Redman"", ""property"": ""nominated for"", ""object"": ""Academy Award for Best Supporting Actress""}, {""subject"": ""Joyce Redman"", ""property"": ""statement is subject of"", ""object"": ""36th Academy Awards""}, {""subject"": ""Joyce Redman"", ""property"": ""statement is subject of"", ""object"": ""38th Academy Awards""}, {""subject"": ""Joyce Redman"", ""property"": ""for work"", ""object"": ""Othello ( 1965 British film )""}, {""subject"": ""Joyce Redman"", ""property"": ""for work"", ""object"": ""Tom Jones ( 1963 film )""}, {""subject"": ""Joyce Redman"", ""property"": ""point in time"", ""object"": ""01 January 1963""}]"
P0260,Id8891,incorrect,[S] Joyce Redman [P] point in time [O] 01 January 1963,FP,over_prediction_or_duplicate,Joyce Redman was nominated for the Academy Award for Best Supporting Actress at the 36th Academy Awards in 1963. She has also won the award at the 38th Academy Awards in 1963 for her work in the film Tom Jones. She also starred in the 1965 British film Othello.,"[{""subject"": ""Joyce Redman"", ""property"": ""nominated for"", ""object"": ""Academy Award for Best Supporting Actress""}, {""subject"": ""Joyce Redman"", ""property"": ""statement is subject of"", ""object"": ""36th Academy Awards""}, {""subject"": ""Joyce Redman"", ""property"": ""statement is subject of"", ""object"": ""38th Academy Awards""}, {""subject"": ""Joyce Redman"", ""property"": ""for work"", ""object"": ""Othello ( 1965 British film )""}, {""subject"": ""Joyce Redman"", ""property"": ""for work"", ""object"": ""Tom Jones ( 1963 film )""}, {""subject"": ""Joyce Redman"", ""property"": ""point in time"", ""object"": ""01 January 1963""}]"
P0266,Id13043,missing,"[S] Propylaea (Munich) [P] located on street [O] Königsplatz, Munich",FN,wrong_error_type_or_unit,The architect of the Propylaea in Munich is Leo von Klenze. The building is located on the street of the same name in Munich. The building was commissioned by Ludwig I of Bavaria and is a Greek Revival architectural monument.,"[{""subject"": ""Propylaea ( Munich )"", ""property"": ""architect"", ""object"": ""Leo von Klenze""}, {""subject"": ""Propylaea ( Munich )"", ""property"": ""architectural style"", ""object"": ""Greek Revival architecture""}, {""subject"": ""Propylaea ( Munich )"", ""property"": ""heritage designation"", ""object"": ""architectural heritage monument in Bavaria""}, {""subject"": ""Propylaea ( Munich )"", ""property"": ""located on street"", ""object"": ""Königsplatz , Munich""}, {""subject"": ""Propylaea ( Munich )"", ""property"": ""commissioned by"", ""object"": ""Ludwig I of Bavaria""}, {""subject"": ""Propylaea ( Munich )"", ""property"": ""significant event"", ""object"": ""start of manufacturing or construction""}]"
P0267,Id13043,extra,[S] Propylaea (Munich) [P] located on street [O] street of the same name,TP,correct_error_type_and_unit,The architect of the Propylaea in Munich is Leo von Klenze. The building is located on the street of the same name in Munich. The building was commissioned by Ludwig I of Bavaria and is a Greek Revival architectural monument.,"[{""subject"": ""Propylaea ( Munich )"", ""property"": ""architect"", ""object"": ""Leo von Klenze""}, {""subject"": ""Propylaea ( Munich )"", ""property"": ""architectural style"", ""object"": ""Greek Revival architecture""}, {""subject"": ""Propylaea ( Munich )"", ""property"": ""heritage designation"", ""object"": ""architectural heritage monument in Bavaria""}, {""subject"": ""Propylaea ( Munich )"", ""property"": ""located on street"", ""object"": ""Königsplatz , Munich""}, {""subject"": ""Propylaea ( Munich )"", ""property"": ""commissioned by"", ""object"": ""Ludwig I of Bavaria""}, {""subject"": ""Propylaea ( Munich )"", ""property"": ""significant event"", ""object"": ""start of manufacturing or construction""}]"
P0268,Id13043,incorrect,[S] Propylaea (Munich) [P] heritage designation [O] architectural heritage monument in Bavaria,TP,correct_error_type_and_unit,The architect of the Propylaea in Munich is Leo von Klenze. The building is located on the street of the same name in Munich. The building was commissioned by Ludwig I of Bavaria and is a Greek Revival architectural monument.,"[{""subject"": ""Propylaea ( Munich )"", ""property"": ""architect"", ""object"": ""Leo von Klenze""}, {""subject"": ""Propylaea ( Munich )"", ""property"": ""architectural style"", ""object"": ""Greek Revival architecture""}, {""subject"": ""Propylaea ( Munich )"", ""property"": ""heritage designation"", ""object"": ""architectural heritage monument in Bavaria""}, {""subject"": ""Propylaea ( Munich )"", ""property"": ""located on street"", ""object"": ""Königsplatz , Munich""}, {""subject"": ""Propylaea ( Munich )"", ""property"": ""commissioned by"", ""object"": ""Ludwig I of Bavaria""}, {""subject"": ""Propylaea ( Munich )"", ""property"": ""significant event"", ""object"": ""start of manufacturing or construction""}]"
P0272,Id12611,missing,[S] Kelsey Weems [P] sex or gender [O] male,FP,over_prediction_or_duplicate,"Standing at a height of 6'4"" and weighing 220 pounds, Kelsey Weems is a point guard. He played for the NC State Wolfpack men's basketball team. He was drafted by Rockford Lightning and he competed in the 1993 Tournament of the Americas.","[{""subject"": ""Kelsey Weems"", ""property"": ""sex or gender"", ""object"": ""male""}, {""subject"": ""Kelsey Weems"", ""property"": ""participant of"", ""object"": ""1993 Tournament of the Americas""}, {""subject"": ""Kelsey Weems"", ""property"": ""sport"", ""object"": ""Basketball""}, {""subject"": ""Kelsey Weems"", ""property"": ""member of sports team"", ""object"": ""NC State Wolfpack men 's basketball""}, {""subject"": ""Kelsey Weems"", ""property"": ""position played on team / speciality"", ""object"": ""Point guard""}, {""subject"": ""Kelsey Weems"", ""property"": ""drafted by"", ""object"": ""Rockford Lightning""}]"
P0273,Id12611,extra,"[S] Kelsey Weems [P] height [O] 6'4""",TP,correct_error_type_and_unit,"Standing at a height of 6'4"" and weighing 220 pounds, Kelsey Weems is a point guard. He played for the NC State Wolfpack men's basketball team. He was drafted by Rockford Lightning and he competed in the 1993 Tournament of the Americas.","[{""subject"": ""Kelsey Weems"", ""property"": ""sex or gender"", ""object"": ""male""}, {""subject"": ""Kelsey Weems"", ""property"": ""participant of"", ""object"": ""1993 Tournament of the Americas""}, {""subject"": ""Kelsey Weems"", ""property"": ""sport"", ""object"": ""Basketball""}, {""subject"": ""Kelsey Weems"", ""property"": ""member of sports team"", ""object"": ""NC State Wolfpack men 's basketball""}, {""subject"": ""Kelsey Weems"", ""property"": ""position played on team / speciality"", ""object"": ""Point guard""}, {""subject"": ""Kelsey Weems"", ""property"": ""drafted by"", ""object"": ""Rockford Lightning""}]"
P0274,Id12611,extra,[S] Kelsey Weems [P] weight [O] 220 pounds,TP,correct_error_type_and_unit,"Standing at a height of 6'4"" and weighing 220 pounds, Kelsey Weems is a point guard. He played for the NC State Wolfpack men's basketball team. He was drafted by Rockford Lightning and he competed in the 1993 Tournament of the Americas.","[{""subject"": ""Kelsey Weems"", ""property"": ""sex or gender"", ""object"": ""male""}, {""subject"": ""Kelsey Weems"", ""property"": ""participant of"", ""object"": ""1993 Tournament of the Americas""}, {""subject"": ""Kelsey Weems"", ""property"": ""sport"", ""object"": ""Basketball""}, {""subject"": ""Kelsey Weems"", ""property"": ""member of sports team"", ""object"": ""NC State Wolfpack men 's basketball""}, {""subject"": ""Kelsey Weems"", ""property"": ""position played on team / speciality"", ""object"": ""Point guard""}, {""subject"": ""Kelsey Weems"", ""property"": ""drafted by"", ""object"": ""Rockford Lightning""}]"
P0281,Id12076,missing,[S] German submarine U-844 [P] manufacturer [O] AG Weser,FP,over_prediction_or_duplicate,The German submarine U-844 is made by the AG Weser and has a home port in Lorient. Its main use is for education and it has been sinking and deployed. Its launching ceremony is a significant event.,"[{""subject"": ""German submarine U-844"", ""property"": ""home port"", ""object"": ""Lorient""}, {""subject"": ""German submarine U-844"", ""property"": ""manufacturer"", ""object"": ""AG Weser""}, {""subject"": ""German submarine U-844"", ""property"": ""use"", ""object"": ""Education""}, {""subject"": ""German submarine U-844"", ""property"": ""significant event"", ""object"": ""sinking""}, {""subject"": ""German submarine U-844"", ""property"": ""use"", ""object"": ""deployment""}, {""subject"": ""German submarine U-844"", ""property"": ""significant event"", ""object"": ""Ceremonial ship launching""}]"
P0282,Id12076,extra,[S] German submarine U-844 [P] significant event [O] Ceremonial ship launching,FP,over_prediction_or_duplicate,The German submarine U-844 is made by the AG Weser and has a home port in Lorient. Its main use is for education and it has been sinking and deployed. Its launching ceremony is a significant event.,"[{""subject"": ""German submarine U-844"", ""property"": ""home port"", ""object"": ""Lorient""}, {""subject"": ""German submarine U-844"", ""property"": ""manufacturer"", ""object"": ""AG Weser""}, {""subject"": ""German submarine U-844"", ""property"": ""use"", ""object"": ""Education""}, {""subject"": ""German submarine U-844"", ""property"": ""significant event"", ""object"": ""sinking""}, {""subject"": ""German submarine U-844"", ""property"": ""use"", ""object"": ""deployment""}, {""subject"": ""German submarine U-844"", ""property"": ""significant event"", ""object"": ""Ceremonial ship launching""}]"
P0283,Id12076,incorrect,[S] German submarine U-844 [P] significant event [O] sinking,FP,over_prediction_or_duplicate,The German submarine U-844 is made by the AG Weser and has a home port in Lorient. Its main use is for education and it has been sinking and deployed. Its launching ceremony is a significant event.,"[{""subject"": ""German submarine U-844"", ""property"": ""home port"", ""object"": ""Lorient""}, {""subject"": ""German submarine U-844"", ""property"": ""manufacturer"", ""object"": ""AG Weser""}, {""subject"": ""German submarine U-844"", ""property"": ""use"", ""object"": ""Education""}, {""subject"": ""German submarine U-844"", ""property"": ""significant event"", ""object"": ""sinking""}, {""subject"": ""German submarine U-844"", ""property"": ""use"", ""object"": ""deployment""}, {""subject"": ""German submarine U-844"", ""property"": ""significant event"", ""object"": ""Ceremonial ship launching""}]"
P0285,Id11752,missing,[S] Peter Sternad [P] competed in [O] men's 100 metres,FN,wrong_error_type_or_unit,Peter Sternad was born in Villach in 1946. He is an Austrian track and field athlete who competed in the 1976 Summer Olympics in the men's 100 metres.,"[{""subject"": ""Peter Sternad"", ""property"": ""occupation"", ""object"": ""athletics competitor""}, {""subject"": ""Peter Sternad"", ""property"": ""date of birth"", ""object"": ""01 January 1946""}, {""subject"": ""Peter Sternad"", ""property"": ""place of birth"", ""object"": ""Villach""}, {""subject"": ""Peter Sternad"", ""property"": ""country of citizenship"", ""object"": ""Austria""}, {""subject"": ""Peter Sternad"", ""property"": ""sex or gender"", ""object"": ""male""}, {""subject"": ""Peter Sternad"", ""property"": ""participant of"", ""object"": ""1976 Summer Olympics""}]"
P0286,Id11752,extra,[S] Peter Sternad [P] sex or gender [O] male,FP,over_prediction_or_duplicate,Peter Sternad was born in Villach in 1946. He is an Austrian track and field athlete who competed in the 1976 Summer Olympics in the men's 100 metres.,"[{""subject"": ""Peter Sternad"", ""property"": ""occupation"", ""object"": ""athletics competitor""}, {""subject"": ""Peter Sternad"", ""property"": ""date of birth"", ""object"": ""01 January 1946""}, {""subject"": ""Peter Sternad"", ""property"": ""place of birth"", ""object"": ""Villach""}, {""subject"": ""Peter Sternad"", ""property"": ""country of citizenship"", ""object"": ""Austria""}, {""subject"": ""Peter Sternad"", ""property"": ""sex or gender"", ""object"": ""male""}, {""subject"": ""Peter Sternad"", ""property"": ""participant of"", ""object"": ""1976 Summer Olympics""}]"
P0287,Id11752,incorrect,[S] Peter Sternad [P] date of birth [O] 01 January 1946,TP,correct_error_type_and_unit,Peter Sternad was born in Villach in 1946. He is an Austrian track and field athlete who competed in the 1976 Summer Olympics in the men's 100 metres.,"[{""subject"": ""Peter Sternad"", ""property"": ""occupation"", ""object"": ""athletics competitor""}, {""subject"": ""Peter Sternad"", ""property"": ""date of birth"", ""object"": ""01 January 1946""}, {""subject"": ""Peter Sternad"", ""property"": ""place of birth"", ""object"": ""Villach""}, {""subject"": ""Peter Sternad"", ""property"": ""country of citizenship"", ""object"": ""Austria""}, {""subject"": ""Peter Sternad"", ""property"": ""sex or gender"", ""object"": ""male""}, {""subject"": ""Peter Sternad"", ""property"": ""participant of"", ""object"": ""1976 Summer Olympics""}]"
P0296,Id9088,missing,[S] Clifton Ko [P] family name [O] Gao ( surname ),FP,over_prediction_or_duplicate,"Clifton Ko, a male actor, was educated at Kwun Tong Maryknoll College. He was awarded the Medal of Honour in Hong Kong. His surname is Clifton Ko.","[{""subject"": ""Clifton Ko"", ""property"": ""family name"", ""object"": ""Gao ( surname )""}, {""subject"": ""Clifton Ko"", ""property"": ""occupation"", ""object"": ""Actor""}, {""subject"": ""Clifton Ko"", ""property"": ""sex or gender"", ""object"": ""male""}, {""subject"": ""Clifton Ko"", ""property"": ""educated at"", ""object"": ""Kwun Tong Maryknoll College""}, {""subject"": ""Clifton Ko"", ""property"": ""award received"", ""object"": ""Medal of Honour ( Hong Kong )""}, {""subject"": ""Clifton Ko"", ""property"": ""given name"", ""object"": ""Clifton ( given name )""}]"
P0297,Id9088,extra,[S] Clifton Ko [P] given name [O] Clifton ( given name ),FN,wrong_error_type_or_unit,"Clifton Ko, a male actor, was educated at Kwun Tong Maryknoll College. He was awarded the Medal of Honour in Hong Kong. His surname is Clifton Ko.","[{""subject"": ""Clifton Ko"", ""property"": ""family name"", ""object"": ""Gao ( surname )""}, {""subject"": ""Clifton Ko"", ""property"": ""occupation"", ""object"": ""Actor""}, {""subject"": ""Clifton Ko"", ""property"": ""sex or gender"", ""object"": ""male""}, {""subject"": ""Clifton Ko"", ""property"": ""educated at"", ""object"": ""Kwun Tong Maryknoll College""}, {""subject"": ""Clifton Ko"", ""property"": ""award received"", ""object"": ""Medal of Honour ( Hong Kong )""}, {""subject"": ""Clifton Ko"", ""property"": ""given name"", ""object"": ""Clifton ( given name )""}]"
P0298,Id9088,incorrect,[S] Clifton Ko [P] family name [O] Gao ( surname ),TP,correct_error_type_and_unit,"Clifton Ko, a male actor, was educated at Kwun Tong Maryknoll College. He was awarded the Medal of Honour in Hong Kong. His surname is Clifton Ko.","[{""subject"": ""Clifton Ko"", ""property"": ""family name"", ""object"": ""Gao ( surname )""}, {""subject"": ""Clifton Ko"", ""property"": ""occupation"", ""object"": ""Actor""}, {""subject"": ""Clifton Ko"", ""property"": ""sex or gender"", ""object"": ""male""}, {""subject"": ""Clifton Ko"", ""property"": ""educated at"", ""object"": ""Kwun Tong Maryknoll College""}, {""subject"": ""Clifton Ko"", ""property"": ""award received"", ""object"": ""Medal of Honour ( Hong Kong )""}, {""subject"": ""Clifton Ko"", ""property"": ""given name"", ""object"": ""Clifton ( given name )""}]"
P0306,Id8758,missing,[S] LMS Royal Scot Class 6100 Royal Scot [P] named after [O] 1st King's Dragoon Guards,FP,over_prediction_or_duplicate,The LMS Royal Scot Class 6100 Royal Scot is a train from the United Kingdom. It is named after the 1st King's Dragoon Guards. The name is different from the Royal Scot (train) and it retired in 1962. The train is located at the Crewe Heritage Centre.,"[{""subject"": ""LMS Royal Scot Class 6100 Royal Scot"", ""property"": ""service retirement"", ""object"": ""00 October 1962""}, {""subject"": ""LMS Royal Scot Class 6100 Royal Scot"", ""property"": ""country of origin"", ""object"": ""United Kingdom""}, {""subject"": ""LMS Royal Scot Class 6100 Royal Scot"", ""property"": ""location"", ""object"": ""Crewe Heritage Centre""}, {""subject"": ""LMS Royal Scot Class 6100 Royal Scot"", ""property"": ""named after"", ""object"": ""Royal Scots""}, {""subject"": ""LMS Royal Scot Class 6100 Royal Scot"", ""property"": ""different from"", ""object"": ""Royal Scot ( train )""}, {""subject"": ""LMS Royal Scot Class 6100 Royal Scot"", ""property"": ""named after"", ""object"": ""1st King 's Dragoon Guards""}]"
P0307,Id8758,extra,[S] LMS Royal Scot Class 6100 Royal Scot [P] different from [O] Royal Scot ( train ),FP,over_prediction_or_duplicate,The LMS Royal Scot Class 6100 Royal Scot is a train from the United Kingdom. It is named after the 1st King's Dragoon Guards. The name is different from the Royal Scot (train) and it retired in 1962. The train is located at the Crewe Heritage Centre.,"[{""subject"": ""LMS Royal Scot Class 6100 Royal Scot"", ""property"": ""service retirement"", ""object"": ""00 October 1962""}, {""subject"": ""LMS Royal Scot Class 6100 Royal Scot"", ""property"": ""country of origin"", ""object"": ""United Kingdom""}, {""subject"": ""LMS Royal Scot Class 6100 Royal Scot"", ""property"": ""location"", ""object"": ""Crewe Heritage Centre""}, {""subject"": ""LMS Royal Scot Class 6100 Royal Scot"", ""property"": ""named after"", ""object"": ""Royal Scots""}, {""subject"": ""LMS Royal Scot Class 6100 Royal Scot"", ""property"": ""different from"", ""object"": ""Royal Scot ( train )""}, {""subject"": ""LMS Royal Scot Class 6100 Royal Scot"", ""property"": ""named after"", ""object"": ""1st King 's Dragoon Guards""}]"
P0308,Id8758,incorrect,[S] LMS Royal Scot Class 6100 Royal Scot [P] named after [O] Royal Scots,TP,correct_error_type_and_unit,The LMS Royal Scot Class 6100 Royal Scot is a train from the United Kingdom. It is named after the 1st King's Dragoon Guards. The name is different from the Royal Scot (train) and it retired in 1962. The train is located at the Crewe Heritage Centre.,"[{""subject"": ""LMS Royal Scot Class 6100 Royal Scot"", ""property"": ""service retirement"", ""object"": ""00 October 1962""}, {""subject"": ""LMS Royal Scot Class 6100 Royal Scot"", ""property"": ""country of origin"", ""object"": ""United Kingdom""}, {""subject"": ""LMS Royal Scot Class 6100 Royal Scot"", ""property"": ""location"", ""object"": ""Crewe Heritage Centre""}, {""subject"": ""LMS Royal Scot Class 6100 Royal Scot"", ""property"": ""named after"", ""object"": ""Royal Scots""}, {""subject"": ""LMS Royal Scot Class 6100 Royal Scot"", ""property"": ""different from"", ""object"": ""Royal Scot ( train )""}, {""subject"": ""LMS Royal Scot Class 6100 Royal Scot"", ""property"": ""named after"", ""object"": ""1st King 's Dragoon Guards""}]"
